#
# A fatal error has been detected by the Java Runtime Environment:
#
#  SIGSEGV (0xb) at pc=0x00000078a93a35fc, pid=23359, tid=23460
#
# JRE version: OpenJDK Runtime Environment (17.0.18) (build 17.0.18+0-adhoc.runner.openjdk)
# Java VM: OpenJDK 64-Bit Server VM (17.0.18+0-adhoc.runner.openjdk, mixed mode, tiered, compressed oops, compressed class ptrs, g1 gc, linux-aarch64)
# Problematic frame:
# C  [libGLESv2_adreno.so+0xf55fc]  EsxContext::DrawElementsInstanced(EsxPrimType, unsigned int, EsxPixType, void const*, unsigned int, int)+0x21c
#
# Core dump will be written. Default location: core.23359 (may not exist)
#
# If you would like to submit a bug report, please visit:
#   https://bugreport.java.com/bugreport/crash.jsp
# The crash happened outside the Java Virtual Machine in native code.
# See problematic frame for where to report the bug.
#

---------------  S U M M A R Y ------------

Command Line: -XX:-UseGCOverheadLimit -XX:+DisableExplicitGC -XX:+UseG1GC -XX:+UseCompressedOops -XX:+OptimizeStringConcat -XX:MaxTenuringThreshold=10 -XX:MaxGCPauseMillis=50 -XX:SurvivorRatio=8 -XX:TargetSurvivorRatio=90 -XX:ReservedCodeCacheSize=512m -XX:ParallelGCThreads=4 -Dfml.ignorePatchDiscrepancies=true -Dfml.ignoreInvalidMinecraftCertificates=true -Dorg.lwjgl.util.DebugLoader=true -Xmn64m -Djava.home=/data/user/0/net.kdt.pojavlaunch.firefly/runtimes/Internal-17 -Djava.io.tmpdir=/data/user/0/net.kdt.pojavlaunch.firefly/cache -Djna.boot.library.path=/data/app/net.kdt.pojavlaunch.firefly-0wBDA2ZCbE_1xKdhtTbuwg==/lib/arm64 -Duser.home=/storage/emulated/0/games/Pojav-Glow-Worm -Duser.language=en -Dos.name=Linux -Dos.version=Android-8.1.0 -Dpojav.path.minecraft=/storage/emulated/0/games/Pojav-Glow-Worm/.minecraft -Dpojav.path.private.account=/data/user/0/net.kdt.pojavlaunch.firefly/accounts -Duser.timezone=Asia/Kolkata -Dorg.lwjgl.vulkan.libname=libvulkan.so -Dglfwstub.windowWidth=1520 -Dglfwstub.windowHeight=720 -Dglfwstub.initEgl=false -Dext.net.resolvPath=/data/user/0/net.kdt.pojavlaunch.firefly/resolv.conf -Dlog4j2.formatMsgNoLookups=true -Dnet.minecraft.clientmodname=Pojav Glow·Worm -Dfml.earlyprogresswindow=false -Dloader.disable_forked_guis=true -Dsodium.checks.issue2561=false -Djdk.lang.Process.launchMechanism=FORK -javaagent:/data/user/0/net.kdt.pojavlaunch.firefly/arc_dns_injector/arc_dns_injector.jar=23.95.137.176 -Xms1024M -Xmx1024M -Dorg.lwjgl.opengl.renderertag=com.fcl.plugin.mobileglues -Dorg.lwjgl.opengl.libname=libmobileglues.so -Dorg.lwjgl.freetype.libname=/data/app/net.kdt.pojavlaunch.firefly-0wBDA2ZCbE_1xKdhtTbuwg==/lib/arm64/libfreetype.so -javaagent:/storage/emulated/0/games/Pojav-Glow-Worm/patcher/MioLibPatcher.jar -Djava.awt.headless=false -Dcacio.managed.screensize=720x600 -Dcacio.font.fontmanager=sun.awt.X11FontManager -Dcacio.font.fontscaler=sun.font.FreetypeFontScaler -Dswing.defaultlaf=javax.swing.plaf.metal.MetalLookAndFeel -Dawt.toolkit=com.github.caciocavallosilano.cacio.ctc.CTCToolkit -Djava.awt.graphicsenv=com.github.caciocavallosilano.cacio.ctc.CTCGraphicsEnvironment -Djava.system.class.loader=com.github.caciocavallosilano.cacio.ctc.CTCPreloadClassLoader --add-exports=java.desktop/java.awt=ALL-UNNAMED --add-exports=java.desktop/java.awt.peer=ALL-UNNAMED --add-exports=java.desktop/sun.awt.image=ALL-UNNAMED --add-exports=java.desktop/sun.java2d=ALL-UNNAMED --add-exports=java.desktop/java.awt.dnd.peer=ALL-UNNAMED --add-exports=java.desktop/sun.awt=ALL-UNNAMED --add-exports=java.desktop/sun.awt.event=ALL-UNNAMED --add-exports=java.desktop/sun.awt.datatransfer=ALL-UNNAMED --add-exports=java.desktop/sun.font=ALL-UNNAMED --add-exports=java.base/sun.security.action=ALL-UNNAMED --add-opens=java.base/java.util=ALL-UNNAMED --add-opens=java.desktop/java.awt=ALL-UNNAMED --add-opens=java.desktop/sun.font=ALL-UNNAMED --add-opens=java.desktop/sun.java2d=ALL-UNNAMED --add-opens=java.base/java.lang.reflect=ALL-UNNAMED --add-opens=java.base/java.net=ALL-UNNAMED -Xbootclasspath/a:/storage/emulated/0/games/Pojav-Glow-Worm/caciocavallo18/cacio-shared-1.18-SNAPSHOT.jar:/storage/emulated/0/games/Pojav-Glow-Worm/caciocavallo18/cacio-tta-1.18-SNAPSHOT.jar -Dlog4j.configurationFile=/data/user/0/net.kdt.pojavlaunch.firefly/security/log4j-rce-patch-1.12.xml -DFabricMcEmu= net.minecraft.client.main.Main  net.fabricmc.loader.impl.launch.knot.KnotClient --username Z3MON --version 1.17.1 --gameDir /storage/emulated/0/games/Pojav-Glow-Worm/.minecraft --assetsDir /storage/emulated/0/games/Pojav-Glow-Worm/.minecraft/assets --assetIndex 1.17 --uuid 00000000000000000000000000000000 --accessToken 0 --userType mojang --versionType PGW

Host: AArch64 Processor rev 4 (aarch64), 8 cores, 2G, Linux
Time: Tue Aug 25 14:11:09 2026 IST elapsed time: 379.763092 seconds (0d 0h 6m 19s)

---------------  T H R E A D  ---------------

Current thread (0x00000078959eca00):  JavaThread "Render thread" [_thread_in_native, id=23460, stack(0x00000078913ec000,0x00000078915ea4f0)]

Stack: [0x00000078913ec000,0x00000078915ea4f0],  sp=0x00000078915e8970,  free space=2034k
Native frames: (J=compiled Java code, j=interpreted, Vv=VM code, C=native code)
C  [libGLESv2_adreno.so+0xf55fc]  EsxContext::DrawElementsInstanced(EsxPrimType, unsigned int, EsxPixType, void const*, unsigned int, int)+0x21c
C  [libmobileglues.so+0x5712e4]  glDrawElementsBaseVertex+0x2dc
J 25480  org.lwjgl.opengl.GL32C.nglDrawElementsBaseVertex(IIIJI)V (0 bytes) @ 0x000000787c0d43d4 [0x000000787c0d4340+0x0000000000000094]
J 30211 c1 me.jellysquid.mods.sodium.client.gl.device.GLRenderDevice$ImmediateDrawCommandList.multiDrawElementsBaseVertex(Lorg/lwjgl/PointerBuffer;Ljava/nio/IntBuffer;Ljava/nio/IntBuffer;Lme/jellysquid/mods/sodium/client/gl/tessellation/GlIndexType;)V (31 bytes) @ 0x000000786dca6694 [0x000000786dca64c0+0x00000000000001d4]
J 30169 c1 me.jellysquid.mods.sodium.client.render.chunk.RegionChunkRenderer.executeDrawBatches(Lme/jellysquid/mods/sodium/client/gl/device/CommandList;Lme/jellysquid/mods/sodium/client/gl/tessellation/GlTessellation;)V (122 bytes) @ 0x000000786dc8ee30 [0x000000786dc8df40+0x0000000000000ef0]
J 33151 c1 me.jellysquid.mods.sodium.client.render.chunk.RegionChunkRenderer.render(Lme/jellysquid/mods/sodium/client/render/chunk/ChunkRenderMatrices;Lme/jellysquid/mods/sodium/client/gl/device/CommandList;Lme/jellysquid/mods/sodium/client/render/chunk/ChunkRenderList;Lme/jellysquid/mods/sodium/client/render/chunk/passes/BlockRenderPass;Lme/jellysquid/mods/sodium/client/render/chunk/ChunkCameraContext;)V (173 bytes) @ 0x000000786d9fbc98 [0x000000786d9fb8c0+0x00000000000003d8]
J 31080 c1 me.jellysquid.mods.sodium.client.render.chunk.RenderSectionManager.renderLayer(Lme/jellysquid/mods/sodium/client/render/chunk/ChunkRenderMatrices;Lme/jellysquid/mods/sodium/client/render/chunk/passes/BlockRenderPass;DDD)V (49 bytes) @ 0x000000786c57c940 [0x000000786c57c740+0x0000000000000200]
J 31017 c1 me.jellysquid.mods.sodium.client.render.SodiumWorldRenderer.drawChunkLayer(Lnet/minecraft/class_1921;Lnet/minecraft/class_4587;DDD)V (51 bytes) @ 0x000000786cfd5024 [0x000000786cfd4c40+0x00000000000003e4]
J 33154 c1 net.minecraft.class_761.method_3251(Lnet/minecraft/class_1921;Lnet/minecraft/class_4587;DDDLnet/minecraft/class_1159;)V (60 bytes) @ 0x000000786d60355c [0x000000786d603440+0x000000000000011c]
j  net.minecraft.class_761.method_22710(Lnet/minecraft/class_4587;FJZLnet/minecraft/class_4184;Lnet/minecraft/class_757;Lnet/minecraft/class_765;Lnet/minecraft/class_1159;)V+813
J 30945 c1 net.minecraft.class_757.method_3188(FJLnet/minecraft/class_4587;)V (685 bytes) @ 0x000000786d716488 [0x000000786d715ac0+0x00000000000009c8]
J 29548 c1 net.minecraft.class_757.method_3192(FJZ)V (955 bytes) @ 0x000000786db05e40 [0x000000786db04d00+0x0000000000001140]
J 12602 c1 net.minecraft.class_310.method_1523(Z)V (997 bytes) @ 0x000000786c92cf38 [0x000000786c929280+0x0000000000003cb8]
j  net.minecraft.class_310.method_1514()V+86
j  net.minecraft.client.main.Main.main([Ljava/lang/String;)V+1333
j  java.lang.invoke.LambdaForm$DMH+0x0000000200158400.invokeStaticInit(Ljava/lang/Object;Ljava/lang/Object;)V+10 java.base@17.0.18
j  java.lang.invoke.LambdaForm$MH+0x00000002003c0000.invokeExact_MT(Ljava/lang/Object;Ljava/lang/Object;Ljava/lang/Object;)V+19 java.base@17.0.18
j  net.fabricmc.loader.impl.game.minecraft.MinecraftGameProvider.launch(Ljava/lang/ClassLoader;)V+74
j  net.fabricmc.loader.impl.launch.knot.Knot.launch([Ljava/lang/String;Lnet/fabricmc/api/EnvType;)V+40
j  net.fabricmc.loader.impl.launch.knot.KnotClient.main([Ljava/lang/String;)V+4
v  ~StubRoutines::call_stub
V  [libjvm.so+0x9a5a64]
V  [libjvm.so+0xa04030]
V  [libjvm.so+0xa06eb4]
C  [libjli.so+0x9118]
C  [libjli.so+0xb950]
C  [libc.so+0x77e0c]  __pthread_start(void*)+0x28
C  [libc.so+0x1fa78]  __start_thread+0x48

Java frames: (J=compiled Java code, j=interpreted, Vv=VM code)

[error occurred during error reporting (printing Java stack), id 0xb, SIGSEGV (0xb) at pc=0x000000793e465724]


siginfo: si_signo: 11 (SIGSEGV), si_code: 2 (SEGV_ACCERR), si_addr: 0x000000793c5b9fa0

Registers:
R0=0x000000793c5ba690
R1=0x000000789432c8bc
R2=0x000000793c5ba660
R3=0x000000793c5ba7e0
R4=0x0000000040100401
R5=0x1080008081000100
R6=0x617266206176614a
R7=0x3d4a28203a73656d
R8=0x00000000ffffffff
R9=0x0000007895165620
R10=0x51b539b3cc5c7dd1
R11=0x0000007895165620
R12=0x0000000000013823
R13=0x0000000000000000
R14=0x0000000000000208
R15=0x000000000000001a
R16=0x000000793e4e69d8
R17=0x000000793e479708
R18=0x0000000000000000
R19=0x000000793c5ba690
R20=0x0000000000000000
R21=0x000000793c5ba728
R22=0x000000789432c8bc
R23=0x000000793c5ba0f0
R24=0x000000793c5ba660
R25=0x000000793c5ba8d0
R26=0x000000793c5ba4f0
R27=0x00000000ffffff80
R28=0x000000793c5bb150
R29=0x000000793c5ba650
R30=0x000000793e48ad5c


Register to memory mapping:

R0 =0x000000793c5ba690 points into unknown readable memory: 0x0000007895165620 | 20 56 16 95 78 00 00 00
R1 =0x000000789432c8bc: <offset 0x00000000002da8bc> in /data/data/net.kdt.pojavlaunch.firefly/runtimes/Internal-17/lib/server/libjvm.so at 0x0000007894052000
R2 =0x000000793c5ba660 points into unknown readable memory: 0x000000793c5bb150 | 50 b1 5b 3c 79 00 00 00
R3 =0x000000793c5ba7e0 points into unknown readable memory: 0x000000793c5bb150 | 50 b1 5b 3c 79 00 00 00
R4 =0x0000000040100401 points into unknown readable memory: 00 00 00 00 00 00 00
R5 =0x1080008081000100 is an unknown value
R6 =0x617266206176614a is an unknown value
R7 =0x3d4a28203a73656d is an unknown value
R8 =0x00000000ffffffff is an unknown value
R9 =0x0000007895165620: <offset 0x0000000001113620> in /data/data/net.kdt.pojavlaunch.firefly/runtimes/Internal-17/lib/server/libjvm.so at 0x0000007894052000
R10=0x51b539b3cc5c7dd1 is an unknown value
R11=0x0000007895165620: <offset 0x0000000001113620> in /data/data/net.kdt.pojavlaunch.firefly/runtimes/Internal-17/lib/server/libjvm.so at 0x0000007894052000
R12=0x0000000000013823 is an unknown value
R13=0x0 is NULL
R14=0x0000000000000208 is an unknown value
R15=0x000000000000001a is an unknown value
R16=0x000000793e4e69d8: <offset 0x00000000000e59d8> in /system/lib64/libc.so at 0x000000793e401000
R17=0x000000793e479708: pthread_mutexattr_destroy+0x0000000000000000 in /system/lib64/libc.so at 0x000000793e401000
R18=0x0 is NULL
R19=0x000000793c5ba690 points into unknown readable memory: 0x0000007895165620 | 20 56 16 95 78 00 00 00
R20=0x0 is NULL
R21=0x000000793c5ba728 points into unknown readable memory: 0x0000000000000000 | 00 00 00 00 00 00 00 00
R22=0x000000789432c8bc: <offset 0x00000000002da8bc> in /data/data/net.kdt.pojavlaunch.firefly/runtimes/Internal-17/lib/server/libjvm.so at 0x0000007894052000
R23=0x000000793c5ba0f0 points into unknown readable memory: 0x0000000000000000 | 00 00 00 00 00 00 00 00
R24=0x000000793c5ba660 points into unknown readable memory: 0x000000793c5bb150 | 50 b1 5b 3c 79 00 00 00
R25=0x000000793c5ba8d0 points into unknown readable memory: 0x000000793c5ba930 | 30 a9 5b 3c 79 00 00 00
R26=0x000000793c5ba4f0 points into unknown readable memory: 0x000000793c5ba540 | 40 a5 5b 3c 79 00 00 00
R27=0x00000000ffffff80 is an unknown value
R28=0x000000793c5bb150 points into unknown readable memory: 0x000000793c5bb4b0 | b0 b4 5b 3c 79 00 00 00
R29=0x000000793c5ba650 points into unknown readable memory: 0x000000793c5ba7d0 | d0 a7 5b 3c 79 00 00 00
R30=0x000000793e48ad5c: vsnprintf+0x00000000000000c8 in /system/lib64/libc.so at 0x000000793e401000


Top of Stack: (sp=0x000000793c5b9ef0)
0x000000793c5b9ef0:   ???????????????? ????????????????
0x000000793c5b9f00:   ???????????????? ????????????????
0x000000793c5b9f10:   ???????????????? ????????????????
0x000000793c5b9f20:   ???????????????? ????????????????
0x000000793c5b9f30:   ???????????????? ????????????????
0x000000793c5b9f40:   ???????????????? ????????????????
0x000000793c5b9f50:   ???????????????? ????????????????
0x000000793c5b9f60:   ???????????????? ????????????????
0x000000793c5b9f70:   ???????????????? ????????????????
0x000000793c5b9f80:   ???????????????? ????????????????
0x000000793c5b9f90:   ???????????????? ????????????????
0x000000793c5b9fa0:   ???????????????? ????????????????
0x000000793c5b9fb0:   ???????????????? ????????????????
0x000000793c5b9fc0:   ???????????????? ????????????????
0x000000793c5b9fd0:   ???????????????? ????????????????
0x000000793c5b9fe0:   ???????????????? ????????????????
0x000000793c5b9ff0:   ???????????????? ????????????????
0x000000793c5ba000:   0000000000000000 0000000000000000
0x000000793c5ba010:   0000000000000000 0000000000000000
0x000000793c5ba020:   0000000000000000 0000000000000000
0x000000793c5ba030:   0000000000000000 0000000000000000
0x000000793c5ba040:   0000000000000000 0000000000000000
0x000000793c5ba050:   0000000000000000 0000000000000000
0x000000793c5ba060:   0000000000000000 0000000000000000
0x000000793c5ba070:   0000000000000000 0000000000000000
0x000000793c5ba080:   0000000000000000 0000000000000000
0x000000793c5ba090:   0000000000000000 0000000000000000
0x000000793c5ba0a0:   0000000000000000 0000000000000000
0x000000793c5ba0b0:   0000000000000000 0000000000000000
0x000000793c5ba0c0:   0000000000000000 0000000000000000
0x000000793c5ba0d0:   0000000000000000 0000000000000000
0x000000793c5ba0e0:   0000000000000000 0000000000000000 

Instructions: (pc=0x000000793e465724)
0x000000793e465624:   5f 2b 00 71 81 07 00 54 71 16 40 b9 51 07 f8 37
0x000000793e465634:   01 03 40 ad fa 03 18 91 e0 03 08 91 ff 03 03 f9
0x000000793e465644:   ff 1b 03 f9 f8 03 08 91 ba 83 16 f8 e1 03 0a ad
0x000000793e465654:   ff 17 03 f9 ff 13 03 f9 ff 0f 03 f9 ff 0b 03 f9
0x000000793e465664:   ff 07 03 f9 c2 d5 fe 97 e0 03 08 91 e1 03 00 32
0x000000793e465674:   c3 d5 fe 97 40 e3 00 91 e1 03 08 91 0c d3 fe 97
0x000000793e465684:   e0 03 08 91 c2 d5 fe 97 72 0a 42 29 6c 1a 40 f9
0x000000793e465694:   ee 03 16 32 e0 57 c0 3d a0 c3 03 d1 a2 43 12 b8
0x000000793e4656a4:   4a 7a 1e 12 ac 03 14 f8 e2 03 07 91 6d 2a 40 f9
0x000000793e4656b4:   e1 03 16 aa e0 77 80 3d e0 53 c0 3d aa 03 12 b8
0x000000793e4656c4:   ff 83 19 39 ad 03 16 f8 b8 03 11 f8 b8 83 12 f8
0x000000793e4656d4:   ae c3 11 b8 ae 03 13 f8 bf 83 13 b8 e0 73 80 3d
0x000000793e4656e4:   af ff ff 97 f4 03 00 2a b4 00 f8 37 a0 c3 03 d1
0x000000793e4656f4:   a8 34 00 94 40 00 00 34 14 00 80 12 a3 03 52 38
0x000000793e465704:   c3 75 31 36 64 12 40 b9 8c 00 1a 32 6c 12 00 b9
0x000000793e465714:   aa 0b 00 14 f7 03 08 91 00 07 c0 3d fa 03 18 91
0x000000793e465724:   ff 7f 0b a9 f1 e3 07 91 eb c3 07 91 5c 93 01 91
0x000000793e465734:   32 02 7f b2 21 06 40 b2 e2 42 00 91 ff 73 08 a9
0x000000793e465744:   65 15 00 91 27 12 00 91 4b 8f 01 91 e2 57 00 f9
0x000000793e465754:   e1 17 04 a9 9a 99 99 52 e7 1f 00 f9 f5 05 80 52
0x000000793e465764:   eb 4b 05 a9 f4 03 1f 2a 01 03 c0 3d 9a 99 a1 72
0x000000793e465774:   15 00 b0 72 ff df 16 a9 e1 03 00 32 ff bf 00 f9
0x000000793e465784:   f7 03 16 aa ff d7 00 f9 e1 03 0e ad e1 53 00 f9
0x000000793e465794:   f6 4b 00 f9 ee 33 00 f9 f0 6f 00 b9 e8 7f 00 b9
0x000000793e4657a4:   ee 3b 00 f9 71 00 00 14 1a 00 80 12 ba 32 00 b9
0x000000793e4657b4:   6e 12 40 b9 ce f1 1f 37 8f ff ff 17 2c 43 00 51
0x000000793e4657c4:   f9 03 1c 2a fc 2f 40 b9 e9 7f 41 b9 85 7d 40 93
0x000000793e4657d4:   e7 7b 41 b9 c5 07 00 f9 32 01 0c 0b eb 04 00 11
0x000000793e4657e4:   ff 1c 00 71 f2 7f 01 b9 eb 7b 01 b9 2b 01 00 54
0x000000793e4657f4:   f2 00 00 34 e1 c3 05 91 e0 03 13 aa 02 38 00 94
0x000000793e465804:   ff bf 00 f9 60 00 00 34 84 0b 00 14 ff 7b 01 b9
0x000000793e465814:   3f 03 1c 6b 82 b3 99 1a e3 7b 00 32 70 00 14 4b 




[error occurred during error reporting (printing code blobs if possible), id 0xb, SIGSEGV (0xb) at pc=0x000000793fa9da90]


---------------  P R O C E S S  ---------------

Threads class SMR info:
_java_thread_list=0x000000782c088360, length=44, elements={
0x00000078959eca00, 0x0000007892a41800, 0x0000007892a41e00, 0x0000007892a42a00,
0x0000007865d9d000, 0x0000007865d9d600, 0x0000007865d9dc00, 0x0000007865d9e200,
0x0000007865d9e800, 0x0000007865d9ee00, 0x0000007865d9fa00, 0x0000007859cd3600,
0x00000078959ec400, 0x0000007855e93600, 0x00000078ba9c4c00, 0x00000078550f7c00,
0x00000078550f8e00, 0x000000785263a600, 0x000000785263b800, 0x0000007854a73600,
0x00000078554b6c00, 0x000000785253b400, 0x00000078525a7200, 0x000000785274f800,
0x000000783ee92200, 0x000000783ee92800, 0x000000783ee92e00, 0x000000783e7f9e00,
0x0000007839ddb800, 0x0000007839ddc400, 0x0000007839ddca00, 0x000000783b943600,
0x0000007835997600, 0x00000078541d5600, 0x00000078541d5c00, 0x000000784ecf8200,
0x000000784ecf8800, 0x00000078532b6c00, 0x000000785263b200, 0x00000078389f5600,
0x000000783b944e00, 0x0000007855854c00, 0x000000783584d600, 0x00000078550d8000
}

Java Threads: ( => current thread )
=>0x00000078959eca00 JavaThread "Render thread" [_thread_in_native, id=23460, stack(0x00000078913ec000,0x00000078915ea4f0)]
  0x0000007892a41800 JavaThread "Reference Handler" daemon [_thread_blocked, id=23467, stack(0x0000007860e01000,0x0000007860fff4f0)]
  0x0000007892a41e00 JavaThread "Finalizer" daemon [_thread_blocked, id=23468, stack(0x0000007860c02000,0x0000007860e004f0)]
  0x0000007892a42a00 JavaThread "Signal Dispatcher" daemon [_thread_blocked, id=23469, stack(0x0000007860a03000,0x0000007860c014f0)]
  0x0000007865d9d000 JavaThread "Service Thread" daemon [_thread_blocked, id=23470, stack(0x0000007860804000,0x0000007860a024f0)]
  0x0000007865d9d600 JavaThread "Monitor Deflation Thread" daemon [_thread_blocked, id=23471, stack(0x0000007860605000,0x00000078608034f0)]
  0x0000007865d9dc00 JavaThread "C2 CompilerThread0" daemon [_thread_in_native, id=23472, stack(0x0000007860406000,0x00000078606044f0)]
  0x0000007865d9e200 JavaThread "C1 CompilerThread0" daemon [_thread_blocked, id=23473, stack(0x0000007860207000,0x00000078604054f0)]
  0x0000007865d9e800 JavaThread "Sweeper thread" daemon [_thread_blocked, id=23474, stack(0x0000007860008000,0x00000078602064f0)]
  0x0000007865d9ee00 JavaThread "Common-Cleaner" daemon [_thread_blocked, id=23475, stack(0x000000785fe09000,0x00000078600074f0)]
  0x0000007865d9fa00 JavaThread "CacioEventPump" daemon [_thread_blocked, id=23476, stack(0x0000007859a01000,0x0000007859bff4f0)]
  0x0000007859cd3600 JavaThread "Java2D Disposer" daemon [_thread_blocked, id=23478, stack(0x0000007859603000,0x00000078598014f0)]
  0x00000078959ec400 JavaThread "Notification Thread" daemon [_thread_blocked, id=23482, stack(0x0000007859201000,0x00000078593ff4f0)]
  0x0000007855e93600 JavaThread "Timer hack thread" daemon [_thread_blocked, id=24164, stack(0x0000007859802000,0x0000007859a004f0)]
  0x00000078ba9c4c00 JavaThread "Snooper Timer" daemon [_thread_blocked, id=24166, stack(0x0000007857401000,0x00000078575ff4f0)]
  0x00000078550f7c00 JavaThread "ForkJoinPool.commonPool-worker-1" daemon [_thread_blocked, id=24189, stack(0x000000784fe01000,0x000000784ffff4f0)]
  0x00000078550f8e00 JavaThread "ForkJoinPool.commonPool-worker-2" daemon [_thread_blocked, id=24190, stack(0x000000784fc02000,0x000000784fe004f0)]
  0x000000785263a600 JavaThread "ForkJoinPool.commonPool-worker-5" daemon [_thread_blocked, id=24193, stack(0x000000784f605000,0x000000784f8034f0)]
  0x000000785263b800 JavaThread "CullThread" [_thread_blocked, id=24196, stack(0x000000784f008000,0x000000784f2064f0)]
  0x0000007854a73600 JavaThread "WorldEdit Session Manager" [_thread_blocked, id=24248, stack(0x000000784e801000,0x000000784e9ff4f0)]
  0x00000078554b6c00 JavaThread "FileSystemWatchService" daemon [_thread_in_native, id=24296, stack(0x000000784e401000,0x000000784e5ff4f0)]
  0x000000785253b400 JavaThread "replaymod-config-watcher" daemon [_thread_blocked, id=24297, stack(0x000000784e202000,0x000000784e4004f0)]
  0x00000078525a7200 JavaThread "spark-cpu-monitor" daemon [_thread_blocked, id=24307, stack(0x000000784e003000,0x000000784e2014f0)]
  0x000000785274f800 JavaThread "spark-fabric-async-worker" daemon [_thread_blocked, id=24308, stack(0x0000007849e01000,0x0000007849fff4f0)]
  0x000000783ee92200 JavaThread "Worker-Main-1" daemon [_thread_blocked, id=24343, stack(0x000000783e201000,0x000000783e3ff4f0)]
  0x000000783ee92800 JavaThread "Worker-Main-2" daemon [_thread_blocked, id=24344, stack(0x000000783e002000,0x000000783e2004f0)]
  0x000000783ee92e00 JavaThread "Worker-Main-3" daemon [_thread_blocked, id=24345, stack(0x000000783de03000,0x000000783e0014f0)]
  0x000000783e7f9e00 JavaThread "Worker-Main-4" daemon [_thread_blocked, id=24732, stack(0x000000784fa03000,0x000000784fc014f0)]
  0x0000007839ddb800 JavaThread "Snooper Timer" daemon [_thread_blocked, id=26100, stack(0x000000784f804000,0x000000784fa024f0)]
  0x0000007839ddc400 JavaThread "Server thread" [_thread_blocked, id=26101, stack(0x0000007848c01000,0x0000007848dff4f0)]
  0x0000007839ddca00 JavaThread "spark-fabric-async-worker" daemon [_thread_blocked, id=26102, stack(0x000000782c401000,0x000000782c5ff4f0)]
  0x000000783b943600 JavaThread "C2ME serializer worker #1" daemon [_thread_blocked, id=26127, stack(0x000000782b601000,0x000000782b7ff4f0)]
  0x0000007835997600 JavaThread "C2ME serializer worker #2" daemon [_thread_blocked, id=26129, stack(0x000000782b402000,0x000000782b6004f0)]
  0x00000078541d5600 JavaThread "ObjectCleanerThread" daemon [_thread_blocked, id=26154, stack(0x000000782b203000,0x000000782b4014f0)]
  0x00000078541d5c00 JavaThread "Netty Server IO #0" daemon [_thread_in_native, id=26155, stack(0x000000782b004000,0x000000782b2024f0)]
  0x000000784ecf8200 JavaThread "Netty Local Client IO #0" daemon [_thread_blocked, id=26156, stack(0x000000782ae05000,0x000000782b0034f0)]
  0x000000784ecf8800 JavaThread "Netty Server IO #1" daemon [_thread_in_native, id=26157, stack(0x000000782ac06000,0x000000782ae044f0)]
  0x00000078532b6c00 JavaThread "pool-18-thread-1" [_thread_blocked, id=26158, stack(0x000000782aa07000,0x000000782ac054f0)]
  0x000000785263b200 JavaThread "IOWorker-0" daemon [_thread_blocked, id=26173, stack(0x000000784f207000,0x000000784f4054f0)]
  0x00000078389f5600 JavaThread "IOWorker-1" daemon [_thread_blocked, id=26174, stack(0x0000007828201000,0x00000078283ff4f0)]
  0x000000783b944e00 JavaThread "Sound engine" daemon [_thread_blocked, id=26175, stack(0x0000007828002000,0x00000078282004f0)]
  0x0000007855854c00 JavaThread "ServerLevel[FOR CONTENT HAHAHAAHHAHAA] - Light" daemon [_thread_blocked, id=26180, stack(0x0000007827c04000,0x0000007827e024f0)]
  0x000000783584d600 JavaThread "IOWorker-2" daemon [_thread_blocked, id=26181, stack(0x0000007827a05000,0x0000007827c034f0)]
  0x00000078550d8000 JavaThread "Chunk Render Task Executor #0" [_thread_in_Java, id=26803, stack(0x00000078951ff000,0x00000078953fd4f0)]

Other Threads:
  0x000000786abd5000 VMThread "VM Thread" [stack: 0x0000007865001000,0x00000078651ff4f0] [id=23466]
  0x000000786abd5600 WatcherThread [stack: 0x0000007859002000,0x00000078592004f0] [id=23483]
  0x00000078959efd00 GCTaskThread "GC Thread#0" [stack: 0x0000007868201000,0x00000078683ff4f0] [id=23461]
  0x00000078659a5300 GCTaskThread "GC Thread#1" [stack: 0x0000007857202000,0x00000078574004f0] [id=23513]
  0x00000078659a6500 GCTaskThread "GC Thread#2" [stack: 0x0000007857002000,0x00000078572004f0] [id=23514]
  0x00000078659a6b00 GCTaskThread "GC Thread#3" [stack: 0x0000007856e02000,0x00000078570004f0] [id=23515]
  0x0000007895616400 ConcurrentGCThread "G1 Main Marker" [stack: 0x0000007868001000,0x00000078681ff4f0] [id=23462]
  0x00000078959efa00 ConcurrentGCThread "G1 Conc#0" [stack: 0x0000007867e01000,0x0000007867fff4f0] [id=23463]
  0x0000007895616d00 ConcurrentGCThread "G1 Refine#0" [stack: 0x0000007865401000,0x00000078655ff4f0] [id=23464]
  0x0000007854ce6200 ConcurrentGCThread "G1 Refine#1" [stack: 0x0000007854401000,0x00000078545ff4f0] [id=23588]
  0x0000007854ce6500 ConcurrentGCThread "G1 Refine#2" [stack: 0x0000007854201000,0x00000078543ff4f0] [id=23589]
  0x00000078555ebf00 ConcurrentGCThread "G1 Refine#3" [stack: 0x0000007853401000,0x00000078535ff4f0] [id=23604]
  0x0000007897442900 ConcurrentGCThread "G1 Service" [stack: 0x0000007865201000,0x00000078653ff4f0] [id=23465]

Threads with active compile tasks:
C2 CompilerThread0  379822 32997       4       jdk.internal.org.objectweb.asm.Frame::execute (2305 bytes)

VM state: not at safepoint (normal execution)

VM Mutex/Monitor currently owned by a thread: None

Heap address: 0x00000000aaa00000, size: 1024 MB, Compressed Oops mode: 32-bit

CDS archive(s) not mapped
Compressed class space mapped at: 0x0000000200000000-0x0000000240000000, reserved size: 1073741824
Narrow klass base: 0x0000000000000000, Narrow klass shift: 3, Narrow klass range: 0x240000000

GC Precious Log:
 CPUs: 8 total, 8 available
 Memory: 2816M
 Large Page Support: Disabled
 NUMA Support: Disabled
 Compressed Oops: Enabled (32-bit)
 Heap Region Size: 1M
 Heap Min Capacity: 1G
 Heap Initial Capacity: 1G
 Heap Max Capacity: 1G
 Pre-touch: Disabled
 Parallel Workers: 4
 Concurrent Workers: 1
 Concurrent Refinement Workers: 4
 Periodic GC: Disabled

Heap:
 garbage-first heap   total 1048576K, used 481508K [0x00000000aaa00000, 0x00000000eaa00000)
  region size 1024K, 20 young (20480K), 6 survivors (6144K)
 Metaspace       used 140063K, committed 141184K, reserved 1179648K
  class space    used 19413K, committed 19904K, reserved 1048576K

Heap Regions: E=young(eden), S=young(survivor), O=old, HS=humongous(starts), HC=humongous(continues), CS=collection set, F=free, OA=open archive, CA=closed archive, TAMS=top-at-mark-start (previous, next)
|   0|0x00000000aaa00000, 0x00000000aab00000, 0x00000000aab00000|100%|HS|  |TAMS 0x00000000aab00000, 0x00000000aaa00000| Complete 
|   1|0x00000000aab00000, 0x00000000aac00000, 0x00000000aac00000|100%|HC|  |TAMS 0x00000000aac00000, 0x00000000aab00000| Complete 
|   2|0x00000000aac00000, 0x00000000aad00000, 0x00000000aad00000|100%|HS|  |TAMS 0x00000000aad00000, 0x00000000aac00000| Complete 
|   3|0x00000000aad00000, 0x00000000aae00000, 0x00000000aae00000|100%|HC|  |TAMS 0x00000000aae00000, 0x00000000aad00000| Complete 
|   4|0x00000000aae00000, 0x00000000aaf00000, 0x00000000aaf00000|100%|HS|  |TAMS 0x00000000aaf00000, 0x00000000aae00000| Complete 
|   5|0x00000000aaf00000, 0x00000000ab000000, 0x00000000ab000000|100%|HC|  |TAMS 0x00000000ab000000, 0x00000000aaf00000| Complete 
|   6|0x00000000ab000000, 0x00000000ab100000, 0x00000000ab100000|100%| O|  |TAMS 0x00000000ab100000, 0x00000000ab000000| Untracked 
|   7|0x00000000ab100000, 0x00000000ab200000, 0x00000000ab200000|100%| O|  |TAMS 0x00000000ab200000, 0x00000000ab100000| Untracked 
|   8|0x00000000ab200000, 0x00000000ab300000, 0x00000000ab300000|100%|HS|  |TAMS 0x00000000ab300000, 0x00000000ab200000| Complete 
|   9|0x00000000ab300000, 0x00000000ab400000, 0x00000000ab400000|100%|HC|  |TAMS 0x00000000ab400000, 0x00000000ab300000| Complete 
|  10|0x00000000ab400000, 0x00000000ab500000, 0x00000000ab500000|100%| O|  |TAMS 0x00000000ab500000, 0x00000000ab400000| Untracked 
|  11|0x00000000ab500000, 0x00000000ab600000, 0x00000000ab600000|100%| O|  |TAMS 0x00000000ab600000, 0x00000000ab500000| Untracked 
|  12|0x00000000ab600000, 0x00000000ab700000, 0x00000000ab700000|100%| O|  |TAMS 0x00000000ab700000, 0x00000000ab600000| Untracked 
|  13|0x00000000ab700000, 0x00000000ab800000, 0x00000000ab800000|100%| O|  |TAMS 0x00000000ab800000, 0x00000000ab700000| Untracked 
|  14|0x00000000ab800000, 0x00000000ab900000, 0x00000000ab900000|100%| O|  |TAMS 0x00000000ab900000, 0x00000000ab800000| Untracked 
|  15|0x00000000ab900000, 0x00000000aba00000, 0x00000000aba00000|100%| O|  |TAMS 0x00000000aba00000, 0x00000000ab900000| Untracked 
|  16|0x00000000aba00000, 0x00000000abb00000, 0x00000000abb00000|100%| O|  |TAMS 0x00000000abb00000, 0x00000000aba00000| Untracked 
|  17|0x00000000abb00000, 0x00000000abc00000, 0x00000000abc00000|100%| O|  |TAMS 0x00000000abc00000, 0x00000000abb00000| Untracked 
|  18|0x00000000abc00000, 0x00000000abd00000, 0x00000000abd00000|100%|HS|  |TAMS 0x00000000abd00000, 0x00000000abc00000| Complete 
|  19|0x00000000abd00000, 0x00000000abe00000, 0x00000000abe00000|100%| O|  |TAMS 0x00000000abe00000, 0x00000000abd00000| Untracked 
|  20|0x00000000abe00000, 0x00000000abf00000, 0x00000000abf00000|100%| O|  |TAMS 0x00000000abf00000, 0x00000000abe00000| Untracked 
|  21|0x00000000abf00000, 0x00000000ac000000, 0x00000000ac000000|100%| O|  |TAMS 0x00000000ac000000, 0x00000000abf00000| Untracked 
|  22|0x00000000ac000000, 0x00000000ac100000, 0x00000000ac100000|100%| O|  |TAMS 0x00000000ac100000, 0x00000000ac000000| Untracked 
|  23|0x00000000ac100000, 0x00000000ac200000, 0x00000000ac200000|100%| O|  |TAMS 0x00000000ac200000, 0x00000000ac100000| Untracked 
|  24|0x00000000ac200000, 0x00000000ac300000, 0x00000000ac300000|100%| O|  |TAMS 0x00000000ac300000, 0x00000000ac200000| Untracked 
|  25|0x00000000ac300000, 0x00000000ac400000, 0x00000000ac400000|100%| O|  |TAMS 0x00000000ac400000, 0x00000000ac300000| Untracked 
|  26|0x00000000ac400000, 0x00000000ac500000, 0x00000000ac500000|100%| O|  |TAMS 0x00000000ac500000, 0x00000000ac400000| Untracked 
|  27|0x00000000ac500000, 0x00000000ac600000, 0x00000000ac600000|100%| O|  |TAMS 0x00000000ac600000, 0x00000000ac500000| Untracked 
|  28|0x00000000ac600000, 0x00000000ac700000, 0x00000000ac700000|100%| O|  |TAMS 0x00000000ac700000, 0x00000000ac600000| Untracked 
|  29|0x00000000ac700000, 0x00000000ac800000, 0x00000000ac800000|100%| O|  |TAMS 0x00000000ac800000, 0x00000000ac700000| Untracked 
|  30|0x00000000ac800000, 0x00000000ac900000, 0x00000000ac900000|100%| O|  |TAMS 0x00000000ac900000, 0x00000000ac800000| Untracked 
|  31|0x00000000ac900000, 0x00000000aca00000, 0x00000000aca00000|100%| O|  |TAMS 0x00000000aca00000, 0x00000000ac900000| Untracked 
|  32|0x00000000aca00000, 0x00000000acb00000, 0x00000000acb00000|100%| O|  |TAMS 0x00000000acb00000, 0x00000000aca00000| Untracked 
|  33|0x00000000acb00000, 0x00000000acc00000, 0x00000000acc00000|100%| O|  |TAMS 0x00000000acc00000, 0x00000000acb00000| Untracked 
|  34|0x00000000acc00000, 0x00000000acd00000, 0x00000000acd00000|100%| O|  |TAMS 0x00000000acd00000, 0x00000000acc00000| Untracked 
|  35|0x00000000acd00000, 0x00000000ace00000, 0x00000000ace00000|100%| O|  |TAMS 0x00000000ace00000, 0x00000000acd00000| Untracked 
|  36|0x00000000ace00000, 0x00000000acf00000, 0x00000000acf00000|100%| O|  |TAMS 0x00000000acf00000, 0x00000000ace00000| Untracked 
|  37|0x00000000acf00000, 0x00000000ad000000, 0x00000000ad000000|100%| O|  |TAMS 0x00000000ad000000, 0x00000000acf00000| Untracked 
|  38|0x00000000ad000000, 0x00000000ad100000, 0x00000000ad100000|100%| O|  |TAMS 0x00000000ad100000, 0x00000000ad000000| Untracked 
|  39|0x00000000ad100000, 0x00000000ad200000, 0x00000000ad200000|100%| O|  |TAMS 0x00000000ad200000, 0x00000000ad100000| Untracked 
|  40|0x00000000ad200000, 0x00000000ad300000, 0x00000000ad300000|100%| O|  |TAMS 0x00000000ad300000, 0x00000000ad200000| Untracked 
|  41|0x00000000ad300000, 0x00000000ad400000, 0x00000000ad400000|100%| O|  |TAMS 0x00000000ad400000, 0x00000000ad300000| Untracked 
|  42|0x00000000ad400000, 0x00000000ad500000, 0x00000000ad500000|100%| O|  |TAMS 0x00000000ad500000, 0x00000000ad400000| Untracked 
|  43|0x00000000ad500000, 0x00000000ad600000, 0x00000000ad600000|100%| O|  |TAMS 0x00000000ad600000, 0x00000000ad500000| Untracked 
|  44|0x00000000ad600000, 0x00000000ad700000, 0x00000000ad700000|100%| O|  |TAMS 0x00000000ad700000, 0x00000000ad600000| Untracked 
|  45|0x00000000ad700000, 0x00000000ad800000, 0x00000000ad800000|100%| O|  |TAMS 0x00000000ad800000, 0x00000000ad700000| Untracked 
|  46|0x00000000ad800000, 0x00000000ad900000, 0x00000000ad900000|100%| O|  |TAMS 0x00000000ad900000, 0x00000000ad800000| Untracked 
|  47|0x00000000ad900000, 0x00000000ada00000, 0x00000000ada00000|100%| O|  |TAMS 0x00000000ada00000, 0x00000000ad900000| Untracked 
|  48|0x00000000ada00000, 0x00000000adb00000, 0x00000000adb00000|100%| O|  |TAMS 0x00000000adb00000, 0x00000000ada00000| Untracked 
|  49|0x00000000adb00000, 0x00000000adc00000, 0x00000000adc00000|100%| O|  |TAMS 0x00000000adc00000, 0x00000000adb00000| Untracked 
|  50|0x00000000adc00000, 0x00000000add00000, 0x00000000add00000|100%| O|  |TAMS 0x00000000add00000, 0x00000000adc00000| Untracked 
|  51|0x00000000add00000, 0x00000000ade00000, 0x00000000ade00000|100%| O|  |TAMS 0x00000000ade00000, 0x00000000add00000| Untracked 
|  52|0x00000000ade00000, 0x00000000adf00000, 0x00000000adf00000|100%| O|  |TAMS 0x00000000adf00000, 0x00000000ade00000| Untracked 
|  53|0x00000000adf00000, 0x00000000ae000000, 0x00000000ae000000|100%| O|  |TAMS 0x00000000ae000000, 0x00000000adf00000| Untracked 
|  54|0x00000000ae000000, 0x00000000ae100000, 0x00000000ae100000|100%| O|  |TAMS 0x00000000ae100000, 0x00000000ae000000| Untracked 
|  55|0x00000000ae100000, 0x00000000ae200000, 0x00000000ae200000|100%| O|  |TAMS 0x00000000ae200000, 0x00000000ae100000| Untracked 
|  56|0x00000000ae200000, 0x00000000ae300000, 0x00000000ae300000|100%|HS|  |TAMS 0x00000000ae300000, 0x00000000ae200000| Complete 
|  57|0x00000000ae300000, 0x00000000ae400000, 0x00000000ae400000|100%|HC|  |TAMS 0x00000000ae400000, 0x00000000ae300000| Complete 
|  58|0x00000000ae400000, 0x00000000ae500000, 0x00000000ae500000|100%|HC|  |TAMS 0x00000000ae500000, 0x00000000ae400000| Complete 
|  59|0x00000000ae500000, 0x00000000ae600000, 0x00000000ae600000|100%|HC|  |TAMS 0x00000000ae600000, 0x00000000ae500000| Complete 
|  60|0x00000000ae600000, 0x00000000ae700000, 0x00000000ae700000|100%|HC|  |TAMS 0x00000000ae700000, 0x00000000ae600000| Complete 
|  61|0x00000000ae700000, 0x00000000ae800000, 0x00000000ae800000|100%|HC|  |TAMS 0x00000000ae800000, 0x00000000ae700000| Complete 
|  62|0x00000000ae800000, 0x00000000ae900000, 0x00000000ae900000|100%|HC|  |TAMS 0x00000000ae900000, 0x00000000ae800000| Complete 
|  63|0x00000000ae900000, 0x00000000aea00000, 0x00000000aea00000|100%|HC|  |TAMS 0x00000000aea00000, 0x00000000ae900000| Complete 
|  64|0x00000000aea00000, 0x00000000aeb00000, 0x00000000aeb00000|100%|HC|  |TAMS 0x00000000aeb00000, 0x00000000aea00000| Complete 
|  65|0x00000000aeb00000, 0x00000000aec00000, 0x00000000aec00000|100%|HC|  |TAMS 0x00000000aec00000, 0x00000000aeb00000| Complete 
|  66|0x00000000aec00000, 0x00000000aed00000, 0x00000000aed00000|100%|HC|  |TAMS 0x00000000aed00000, 0x00000000aec00000| Complete 
|  67|0x00000000aed00000, 0x00000000aee00000, 0x00000000aee00000|100%| O|  |TAMS 0x00000000aee00000, 0x00000000aed00000| Untracked 
|  68|0x00000000aee00000, 0x00000000aef00000, 0x00000000aef00000|100%| O|  |TAMS 0x00000000aef00000, 0x00000000aee00000| Untracked 
|  69|0x00000000aef00000, 0x00000000af000000, 0x00000000af000000|100%| O|  |TAMS 0x00000000af000000, 0x00000000aef00000| Untracked 
|  70|0x00000000af000000, 0x00000000af100000, 0x00000000af100000|100%| O|  |TAMS 0x00000000af100000, 0x00000000af000000| Untracked 
|  71|0x00000000af100000, 0x00000000af200000, 0x00000000af200000|100%| O|  |TAMS 0x00000000af200000, 0x00000000af100000| Untracked 
|  72|0x00000000af200000, 0x00000000af300000, 0x00000000af300000|100%| O|  |TAMS 0x00000000af300000, 0x00000000af200000| Untracked 
|  73|0x00000000af300000, 0x00000000af400000, 0x00000000af400000|100%| O|  |TAMS 0x00000000af400000, 0x00000000af300000| Untracked 
|  74|0x00000000af400000, 0x00000000af500000, 0x00000000af500000|100%| O|  |TAMS 0x00000000af500000, 0x00000000af400000| Untracked 
|  75|0x00000000af500000, 0x00000000af600000, 0x00000000af600000|100%| O|  |TAMS 0x00000000af600000, 0x00000000af500000| Untracked 
|  76|0x00000000af600000, 0x00000000af700000, 0x00000000af700000|100%| O|  |TAMS 0x00000000af700000, 0x00000000af600000| Untracked 
|  77|0x00000000af700000, 0x00000000af800000, 0x00000000af800000|100%| O|  |TAMS 0x00000000af800000, 0x00000000af700000| Untracked 
|  78|0x00000000af800000, 0x00000000af900000, 0x00000000af900000|100%| O|  |TAMS 0x00000000af900000, 0x00000000af800000| Untracked 
|  79|0x00000000af900000, 0x00000000afa00000, 0x00000000afa00000|100%| O|  |TAMS 0x00000000afa00000, 0x00000000af900000| Untracked 
|  80|0x00000000afa00000, 0x00000000afb00000, 0x00000000afb00000|100%| O|  |TAMS 0x00000000afb00000, 0x00000000afa00000| Untracked 
|  81|0x00000000afb00000, 0x00000000afc00000, 0x00000000afc00000|100%| O|  |TAMS 0x00000000afc00000, 0x00000000afb00000| Untracked 
|  82|0x00000000afc00000, 0x00000000afd00000, 0x00000000afd00000|100%| O|  |TAMS 0x00000000afd00000, 0x00000000afc00000| Untracked 
|  83|0x00000000afd00000, 0x00000000afe00000, 0x00000000afe00000|100%| O|  |TAMS 0x00000000afe00000, 0x00000000afd00000| Untracked 
|  84|0x00000000afe00000, 0x00000000aff00000, 0x00000000aff00000|100%| O|  |TAMS 0x00000000aff00000, 0x00000000afe00000| Untracked 
|  85|0x00000000aff00000, 0x00000000b0000000, 0x00000000b0000000|100%| O|  |TAMS 0x00000000b0000000, 0x00000000aff00000| Untracked 
|  86|0x00000000b0000000, 0x00000000b0100000, 0x00000000b0100000|100%| O|  |TAMS 0x00000000b0100000, 0x00000000b0000000| Untracked 
|  87|0x00000000b0100000, 0x00000000b0200000, 0x00000000b0200000|100%| O|  |TAMS 0x00000000b0200000, 0x00000000b0100000| Untracked 
|  88|0x00000000b0200000, 0x00000000b0300000, 0x00000000b0300000|100%| O|  |TAMS 0x00000000b0300000, 0x00000000b0200000| Untracked 
|  89|0x00000000b0300000, 0x00000000b0400000, 0x00000000b0400000|100%| O|  |TAMS 0x00000000b0400000, 0x00000000b0300000| Untracked 
|  90|0x00000000b0400000, 0x00000000b0500000, 0x00000000b0500000|100%| O|  |TAMS 0x00000000b0500000, 0x00000000b0400000| Untracked 
|  91|0x00000000b0500000, 0x00000000b0600000, 0x00000000b0600000|100%| O|  |TAMS 0x00000000b0600000, 0x00000000b0500000| Untracked 
|  92|0x00000000b0600000, 0x00000000b0700000, 0x00000000b0700000|100%| O|  |TAMS 0x00000000b0700000, 0x00000000b0600000| Untracked 
|  93|0x00000000b0700000, 0x00000000b0800000, 0x00000000b0800000|100%| O|  |TAMS 0x00000000b0800000, 0x00000000b0700000| Untracked 
|  94|0x00000000b0800000, 0x00000000b0900000, 0x00000000b0900000|100%| O|  |TAMS 0x00000000b0900000, 0x00000000b0800000| Untracked 
|  95|0x00000000b0900000, 0x00000000b0a00000, 0x00000000b0a00000|100%| O|  |TAMS 0x00000000b0a00000, 0x00000000b0900000| Untracked 
|  96|0x00000000b0a00000, 0x00000000b0b00000, 0x00000000b0b00000|100%| O|  |TAMS 0x00000000b0b00000, 0x00000000b0a00000| Untracked 
|  97|0x00000000b0b00000, 0x00000000b0c00000, 0x00000000b0c00000|100%| O|  |TAMS 0x00000000b0c00000, 0x00000000b0b00000| Untracked 
|  98|0x00000000b0c00000, 0x00000000b0d00000, 0x00000000b0d00000|100%| O|  |TAMS 0x00000000b0d00000, 0x00000000b0c00000| Untracked 
|  99|0x00000000b0d00000, 0x00000000b0e00000, 0x00000000b0e00000|100%| O|  |TAMS 0x00000000b0e00000, 0x00000000b0d00000| Untracked 
| 100|0x00000000b0e00000, 0x00000000b0f00000, 0x00000000b0f00000|100%|HS|  |TAMS 0x00000000b0f00000, 0x00000000b0e00000| Complete 
| 101|0x00000000b0f00000, 0x00000000b1000000, 0x00000000b1000000|100%| O|  |TAMS 0x00000000b1000000, 0x00000000b0f00000| Untracked 
| 102|0x00000000b1000000, 0x00000000b1100000, 0x00000000b1100000|100%| O|  |TAMS 0x00000000b1100000, 0x00000000b1000000| Untracked 
| 103|0x00000000b1100000, 0x00000000b1200000, 0x00000000b1200000|100%| O|  |TAMS 0x00000000b1200000, 0x00000000b1100000| Untracked 
| 104|0x00000000b1200000, 0x00000000b1300000, 0x00000000b1300000|100%| O|  |TAMS 0x00000000b1300000, 0x00000000b1200000| Untracked 
| 105|0x00000000b1300000, 0x00000000b1400000, 0x00000000b1400000|100%| O|  |TAMS 0x00000000b1400000, 0x00000000b1300000| Untracked 
| 106|0x00000000b1400000, 0x00000000b1500000, 0x00000000b1500000|100%| O|  |TAMS 0x00000000b1500000, 0x00000000b1400000| Untracked 
| 107|0x00000000b1500000, 0x00000000b1600000, 0x00000000b1600000|100%| O|  |TAMS 0x00000000b1600000, 0x00000000b1500000| Untracked 
| 108|0x00000000b1600000, 0x00000000b1700000, 0x00000000b1700000|100%| O|  |TAMS 0x00000000b1700000, 0x00000000b1600000| Untracked 
| 109|0x00000000b1700000, 0x00000000b1800000, 0x00000000b1800000|100%| O|  |TAMS 0x00000000b1800000, 0x00000000b1700000| Untracked 
| 110|0x00000000b1800000, 0x00000000b1900000, 0x00000000b1900000|100%|HS|  |TAMS 0x00000000b1900000, 0x00000000b1800000| Complete 
| 111|0x00000000b1900000, 0x00000000b1a00000, 0x00000000b1a00000|100%|HC|  |TAMS 0x00000000b1a00000, 0x00000000b1900000| Complete 
| 112|0x00000000b1a00000, 0x00000000b1b00000, 0x00000000b1b00000|100%|HS|  |TAMS 0x00000000b1b00000, 0x00000000b1a00000| Complete 
| 113|0x00000000b1b00000, 0x00000000b1c00000, 0x00000000b1c00000|100%|HC|  |TAMS 0x00000000b1c00000, 0x00000000b1b00000| Complete 
| 114|0x00000000b1c00000, 0x00000000b1d00000, 0x00000000b1d00000|100%|HC|  |TAMS 0x00000000b1d00000, 0x00000000b1c00000| Complete 
| 115|0x00000000b1d00000, 0x00000000b1e00000, 0x00000000b1e00000|100%|HC|  |TAMS 0x00000000b1e00000, 0x00000000b1d00000| Complete 
| 116|0x00000000b1e00000, 0x00000000b1f00000, 0x00000000b1f00000|100%|HC|  |TAMS 0x00000000b1f00000, 0x00000000b1e00000| Complete 
| 117|0x00000000b1f00000, 0x00000000b2000000, 0x00000000b2000000|100%| O|  |TAMS 0x00000000b2000000, 0x00000000b1f00000| Untracked 
| 118|0x00000000b2000000, 0x00000000b2100000, 0x00000000b2100000|100%| O|  |TAMS 0x00000000b2100000, 0x00000000b2000000| Untracked 
| 119|0x00000000b2100000, 0x00000000b2200000, 0x00000000b2200000|100%| O|  |TAMS 0x00000000b2200000, 0x00000000b2100000| Untracked 
| 120|0x00000000b2200000, 0x00000000b2300000, 0x00000000b2300000|100%| O|  |TAMS 0x00000000b2300000, 0x00000000b2200000| Untracked 
| 121|0x00000000b2300000, 0x00000000b2400000, 0x00000000b2400000|100%| O|  |TAMS 0x00000000b2400000, 0x00000000b2300000| Untracked 
| 122|0x00000000b2400000, 0x00000000b2500000, 0x00000000b2500000|100%| O|  |TAMS 0x00000000b2500000, 0x00000000b2400000| Untracked 
| 123|0x00000000b2500000, 0x00000000b2600000, 0x00000000b2600000|100%| O|  |TAMS 0x00000000b2600000, 0x00000000b2500000| Untracked 
| 124|0x00000000b2600000, 0x00000000b2700000, 0x00000000b2700000|100%| O|  |TAMS 0x00000000b2700000, 0x00000000b2600000| Untracked 
| 125|0x00000000b2700000, 0x00000000b2800000, 0x00000000b2800000|100%| O|  |TAMS 0x00000000b2800000, 0x00000000b2700000| Untracked 
| 126|0x00000000b2800000, 0x00000000b2900000, 0x00000000b2900000|100%| O|  |TAMS 0x00000000b2900000, 0x00000000b2800000| Untracked 
| 127|0x00000000b2900000, 0x00000000b2a00000, 0x00000000b2a00000|100%| O|  |TAMS 0x00000000b2a00000, 0x00000000b2900000| Untracked 
| 128|0x00000000b2a00000, 0x00000000b2b00000, 0x00000000b2b00000|100%| O|  |TAMS 0x00000000b2b00000, 0x00000000b2a00000| Untracked 
| 129|0x00000000b2b00000, 0x00000000b2c00000, 0x00000000b2c00000|100%| O|  |TAMS 0x00000000b2c00000, 0x00000000b2b00000| Untracked 
| 130|0x00000000b2c00000, 0x00000000b2d00000, 0x00000000b2d00000|100%| O|  |TAMS 0x00000000b2d00000, 0x00000000b2c00000| Untracked 
| 131|0x00000000b2d00000, 0x00000000b2e00000, 0x00000000b2e00000|100%| O|  |TAMS 0x00000000b2e00000, 0x00000000b2d00000| Untracked 
| 132|0x00000000b2e00000, 0x00000000b2f00000, 0x00000000b2f00000|100%| O|  |TAMS 0x00000000b2f00000, 0x00000000b2e00000| Untracked 
| 133|0x00000000b2f00000, 0x00000000b3000000, 0x00000000b3000000|100%| O|  |TAMS 0x00000000b3000000, 0x00000000b2f00000| Untracked 
| 134|0x00000000b3000000, 0x00000000b3100000, 0x00000000b3100000|100%| O|  |TAMS 0x00000000b3100000, 0x00000000b3000000| Untracked 
| 135|0x00000000b3100000, 0x00000000b3200000, 0x00000000b3200000|100%| O|  |TAMS 0x00000000b3200000, 0x00000000b3100000| Untracked 
| 136|0x00000000b3200000, 0x00000000b3300000, 0x00000000b3300000|100%| O|  |TAMS 0x00000000b3300000, 0x00000000b3200000| Untracked 
| 137|0x00000000b3300000, 0x00000000b3400000, 0x00000000b3400000|100%| O|  |TAMS 0x00000000b3400000, 0x00000000b3300000| Untracked 
| 138|0x00000000b3400000, 0x00000000b3500000, 0x00000000b3500000|100%| O|  |TAMS 0x00000000b3500000, 0x00000000b3400000| Untracked 
| 139|0x00000000b3500000, 0x00000000b3600000, 0x00000000b3600000|100%| O|  |TAMS 0x00000000b3600000, 0x00000000b3500000| Untracked 
| 140|0x00000000b3600000, 0x00000000b3700000, 0x00000000b3700000|100%| O|  |TAMS 0x00000000b3700000, 0x00000000b3600000| Untracked 
| 141|0x00000000b3700000, 0x00000000b3800000, 0x00000000b3800000|100%| O|  |TAMS 0x00000000b3800000, 0x00000000b3700000| Untracked 
| 142|0x00000000b3800000, 0x00000000b3900000, 0x00000000b3900000|100%| O|  |TAMS 0x00000000b3800000, 0x00000000b3800000| Untracked 
| 143|0x00000000b3900000, 0x00000000b3a00000, 0x00000000b3a00000|100%| O|  |TAMS 0x00000000b3a00000, 0x00000000b3900000| Untracked 
| 144|0x00000000b3a00000, 0x00000000b3b00000, 0x00000000b3b00000|100%| O|  |TAMS 0x00000000b3b00000, 0x00000000b3a00000| Untracked 
| 145|0x00000000b3b00000, 0x00000000b3c00000, 0x00000000b3c00000|100%| O|  |TAMS 0x00000000b3c00000, 0x00000000b3b00000| Untracked 
| 146|0x00000000b3c00000, 0x00000000b3d00000, 0x00000000b3d00000|100%| O|  |TAMS 0x00000000b3c00000, 0x00000000b3c00000| Untracked 
| 147|0x00000000b3d00000, 0x00000000b3e00000, 0x00000000b3e00000|100%| O|  |TAMS 0x00000000b3e00000, 0x00000000b3d00000| Untracked 
| 148|0x00000000b3e00000, 0x00000000b3f00000, 0x00000000b3f00000|100%| O|  |TAMS 0x00000000b3f00000, 0x00000000b3e00000| Untracked 
| 149|0x00000000b3f00000, 0x00000000b4000000, 0x00000000b4000000|100%| O|  |TAMS 0x00000000b4000000, 0x00000000b3f00000| Untracked 
| 150|0x00000000b4000000, 0x00000000b4100000, 0x00000000b4100000|100%| O|  |TAMS 0x00000000b4100000, 0x00000000b4000000| Untracked 
| 151|0x00000000b4100000, 0x00000000b4200000, 0x00000000b4200000|100%| O|  |TAMS 0x00000000b4200000, 0x00000000b4100000| Untracked 
| 152|0x00000000b4200000, 0x00000000b4300000, 0x00000000b4300000|100%| O|  |TAMS 0x00000000b4300000, 0x00000000b4200000| Untracked 
| 153|0x00000000b4300000, 0x00000000b4400000, 0x00000000b4400000|100%| O|  |TAMS 0x00000000b4400000, 0x00000000b4300000| Untracked 
| 154|0x00000000b4400000, 0x00000000b4500000, 0x00000000b4500000|100%| O|  |TAMS 0x00000000b4500000, 0x00000000b4400000| Untracked 
| 155|0x00000000b4500000, 0x00000000b4600000, 0x00000000b4600000|100%| O|  |TAMS 0x00000000b4600000, 0x00000000b4500000| Untracked 
| 156|0x00000000b4600000, 0x00000000b4700000, 0x00000000b4700000|100%| O|  |TAMS 0x00000000b4600000, 0x00000000b4600000| Untracked 
| 157|0x00000000b4700000, 0x00000000b4800000, 0x00000000b4800000|100%| O|  |TAMS 0x00000000b4700000, 0x00000000b4700000| Untracked 
| 158|0x00000000b4800000, 0x00000000b4900000, 0x00000000b4900000|100%| O|  |TAMS 0x00000000b4800000, 0x00000000b4800000| Untracked 
| 159|0x00000000b4900000, 0x00000000b4a00000, 0x00000000b4a00000|100%| O|  |TAMS 0x00000000b4900000, 0x00000000b4900000| Untracked 
| 160|0x00000000b4a00000, 0x00000000b4b00000, 0x00000000b4b00000|100%| O|  |TAMS 0x00000000b4a00000, 0x00000000b4a00000| Untracked 
| 161|0x00000000b4b00000, 0x00000000b4c00000, 0x00000000b4c00000|100%| O|  |TAMS 0x00000000b4b00000, 0x00000000b4b00000| Untracked 
| 162|0x00000000b4c00000, 0x00000000b4d00000, 0x00000000b4d00000|100%| O|  |TAMS 0x00000000b4c00000, 0x00000000b4c00000| Untracked 
| 163|0x00000000b4d00000, 0x00000000b4e00000, 0x00000000b4e00000|100%| O|  |TAMS 0x00000000b4d00000, 0x00000000b4d00000| Untracked 
| 164|0x00000000b4e00000, 0x00000000b4f00000, 0x00000000b4f00000|100%| O|  |TAMS 0x00000000b4e00000, 0x00000000b4e00000| Untracked 
| 165|0x00000000b4f00000, 0x00000000b5000000, 0x00000000b5000000|100%| O|  |TAMS 0x00000000b4f00000, 0x00000000b4f00000| Untracked 
| 166|0x00000000b5000000, 0x00000000b5100000, 0x00000000b5100000|100%| O|  |TAMS 0x00000000b5000000, 0x00000000b5000000| Untracked 
| 167|0x00000000b5100000, 0x00000000b5200000, 0x00000000b5200000|100%| O|  |TAMS 0x00000000b5100000, 0x00000000b5100000| Untracked 
| 168|0x00000000b5200000, 0x00000000b5300000, 0x00000000b5300000|100%| O|  |TAMS 0x00000000b5200000, 0x00000000b5200000| Untracked 
| 169|0x00000000b5300000, 0x00000000b5400000, 0x00000000b5400000|100%| O|  |TAMS 0x00000000b5300000, 0x00000000b5300000| Untracked 
| 170|0x00000000b5400000, 0x00000000b5500000, 0x00000000b5500000|100%| O|  |TAMS 0x00000000b5400000, 0x00000000b5400000| Untracked 
| 171|0x00000000b5500000, 0x00000000b5600000, 0x00000000b5600000|100%| O|  |TAMS 0x00000000b5500000, 0x00000000b5500000| Untracked 
| 172|0x00000000b5600000, 0x00000000b5700000, 0x00000000b5700000|100%| O|  |TAMS 0x00000000b5600000, 0x00000000b5600000| Untracked 
| 173|0x00000000b5700000, 0x00000000b5800000, 0x00000000b5800000|100%| O|  |TAMS 0x00000000b5700000, 0x00000000b5700000| Untracked 
| 174|0x00000000b5800000, 0x00000000b5900000, 0x00000000b5900000|100%| O|  |TAMS 0x00000000b5800000, 0x00000000b5800000| Untracked 
| 175|0x00000000b5900000, 0x00000000b5a00000, 0x00000000b5a00000|100%| O|  |TAMS 0x00000000b5900000, 0x00000000b5900000| Untracked 
| 176|0x00000000b5a00000, 0x00000000b5b00000, 0x00000000b5b00000|100%| O|  |TAMS 0x00000000b5a00000, 0x00000000b5a00000| Untracked 
| 177|0x00000000b5b00000, 0x00000000b5c00000, 0x00000000b5c00000|100%| O|  |TAMS 0x00000000b5c00000, 0x00000000b5b00000| Untracked 
| 178|0x00000000b5c00000, 0x00000000b5d00000, 0x00000000b5d00000|100%| O|  |TAMS 0x00000000b5c00000, 0x00000000b5c00000| Untracked 
| 179|0x00000000b5d00000, 0x00000000b5e00000, 0x00000000b5e00000|100%| O|  |TAMS 0x00000000b5d00000, 0x00000000b5d00000| Untracked 
| 180|0x00000000b5e00000, 0x00000000b5f00000, 0x00000000b5f00000|100%| O|  |TAMS 0x00000000b5e00000, 0x00000000b5e00000| Untracked 
| 181|0x00000000b5f00000, 0x00000000b6000000, 0x00000000b6000000|100%| O|  |TAMS 0x00000000b5f00000, 0x00000000b5f00000| Untracked 
| 182|0x00000000b6000000, 0x00000000b6100000, 0x00000000b6100000|100%| O|  |TAMS 0x00000000b6000000, 0x00000000b6000000| Untracked 
| 183|0x00000000b6100000, 0x00000000b6200000, 0x00000000b6200000|100%| O|  |TAMS 0x00000000b6100000, 0x00000000b6100000| Untracked 
| 184|0x00000000b6200000, 0x00000000b6300000, 0x00000000b6300000|100%| O|  |TAMS 0x00000000b6200000, 0x00000000b6200000| Untracked 
| 185|0x00000000b6300000, 0x00000000b63d3400, 0x00000000b6400000| 82%| O|  |TAMS 0x00000000b6300000, 0x00000000b6300000| Untracked 
| 186|0x00000000b6400000, 0x00000000b6400000, 0x00000000b6500000|  0%| F|  |TAMS 0x00000000b6400000, 0x00000000b6400000| Untracked 
| 187|0x00000000b6500000, 0x00000000b6500000, 0x00000000b6600000|  0%| F|  |TAMS 0x00000000b6500000, 0x00000000b6500000| Untracked 
| 188|0x00000000b6600000, 0x00000000b6600000, 0x00000000b6700000|  0%| F|  |TAMS 0x00000000b6600000, 0x00000000b6600000| Untracked 
| 189|0x00000000b6700000, 0x00000000b6700000, 0x00000000b6800000|  0%| F|  |TAMS 0x00000000b6700000, 0x00000000b6700000| Untracked 
| 190|0x00000000b6800000, 0x00000000b6800000, 0x00000000b6900000|  0%| F|  |TAMS 0x00000000b6800000, 0x00000000b6800000| Untracked 
| 191|0x00000000b6900000, 0x00000000b6900000, 0x00000000b6a00000|  0%| F|  |TAMS 0x00000000b6900000, 0x00000000b6900000| Untracked 
| 192|0x00000000b6a00000, 0x00000000b6a00000, 0x00000000b6b00000|  0%| F|  |TAMS 0x00000000b6a00000, 0x00000000b6a00000| Untracked 
| 193|0x00000000b6b00000, 0x00000000b6b00000, 0x00000000b6c00000|  0%| F|  |TAMS 0x00000000b6b00000, 0x00000000b6b00000| Untracked 
| 194|0x00000000b6c00000, 0x00000000b6c00000, 0x00000000b6d00000|  0%| F|  |TAMS 0x00000000b6c00000, 0x00000000b6c00000| Untracked 
| 195|0x00000000b6d00000, 0x00000000b6d00000, 0x00000000b6e00000|  0%| F|  |TAMS 0x00000000b6d00000, 0x00000000b6d00000| Untracked 
| 196|0x00000000b6e00000, 0x00000000b6e00000, 0x00000000b6f00000|  0%| F|  |TAMS 0x00000000b6e00000, 0x00000000b6e00000| Untracked 
| 197|0x00000000b6f00000, 0x00000000b6f00000, 0x00000000b7000000|  0%| F|  |TAMS 0x00000000b6f00000, 0x00000000b6f00000| Untracked 
| 198|0x00000000b7000000, 0x00000000b7000000, 0x00000000b7100000|  0%| F|  |TAMS 0x00000000b7000000, 0x00000000b7000000| Untracked 
| 199|0x00000000b7100000, 0x00000000b7100000, 0x00000000b7200000|  0%| F|  |TAMS 0x00000000b7100000, 0x00000000b7100000| Untracked 
| 200|0x00000000b7200000, 0x00000000b7200000, 0x00000000b7300000|  0%| F|  |TAMS 0x00000000b7200000, 0x00000000b7200000| Untracked 
| 201|0x00000000b7300000, 0x00000000b7400000, 0x00000000b7400000|100%| O|  |TAMS 0x00000000b7400000, 0x00000000b7300000| Untracked 
| 202|0x00000000b7400000, 0x00000000b7400000, 0x00000000b7500000|  0%| F|  |TAMS 0x00000000b7400000, 0x00000000b7400000| Untracked 
| 203|0x00000000b7500000, 0x00000000b7500000, 0x00000000b7600000|  0%| F|  |TAMS 0x00000000b7500000, 0x00000000b7500000| Untracked 
| 204|0x00000000b7600000, 0x00000000b7600000, 0x00000000b7700000|  0%| F|  |TAMS 0x00000000b7600000, 0x00000000b7600000| Untracked 
| 205|0x00000000b7700000, 0x00000000b7700000, 0x00000000b7800000|  0%| F|  |TAMS 0x00000000b7700000, 0x00000000b7700000| Untracked 
| 206|0x00000000b7800000, 0x00000000b7900000, 0x00000000b7900000|100%| O|  |TAMS 0x00000000b7900000, 0x00000000b7800000| Untracked 
| 207|0x00000000b7900000, 0x00000000b7900000, 0x00000000b7a00000|  0%| F|  |TAMS 0x00000000b7900000, 0x00000000b7900000| Untracked 
| 208|0x00000000b7a00000, 0x00000000b7a00000, 0x00000000b7b00000|  0%| F|  |TAMS 0x00000000b7a00000, 0x00000000b7a00000| Untracked 
| 209|0x00000000b7b00000, 0x00000000b7b00000, 0x00000000b7c00000|  0%| F|  |TAMS 0x00000000b7b00000, 0x00000000b7b00000| Untracked 
| 210|0x00000000b7c00000, 0x00000000b7d00000, 0x00000000b7d00000|100%| O|  |TAMS 0x00000000b7d00000, 0x00000000b7c00000| Untracked 
| 211|0x00000000b7d00000, 0x00000000b7d00000, 0x00000000b7e00000|  0%| F|  |TAMS 0x00000000b7d00000, 0x00000000b7d00000| Untracked 
| 212|0x00000000b7e00000, 0x00000000b7e00000, 0x00000000b7f00000|  0%| F|  |TAMS 0x00000000b7e00000, 0x00000000b7e00000| Untracked 
| 213|0x00000000b7f00000, 0x00000000b8000000, 0x00000000b8000000|100%| O|  |TAMS 0x00000000b8000000, 0x00000000b7f00000| Untracked 
| 214|0x00000000b8000000, 0x00000000b8100000, 0x00000000b8100000|100%| O|  |TAMS 0x00000000b8100000, 0x00000000b8000000| Untracked 
| 215|0x00000000b8100000, 0x00000000b8200000, 0x00000000b8200000|100%| O|  |TAMS 0x00000000b8200000, 0x00000000b8100000| Untracked 
| 216|0x00000000b8200000, 0x00000000b8300000, 0x00000000b8300000|100%| O|  |TAMS 0x00000000b8300000, 0x00000000b8200000| Untracked 
| 217|0x00000000b8300000, 0x00000000b8400000, 0x00000000b8400000|100%| O|  |TAMS 0x00000000b8400000, 0x00000000b8300000| Untracked 
| 218|0x00000000b8400000, 0x00000000b8500000, 0x00000000b8500000|100%| O|  |TAMS 0x00000000b8500000, 0x00000000b8400000| Untracked 
| 219|0x00000000b8500000, 0x00000000b8600000, 0x00000000b8600000|100%| O|  |TAMS 0x00000000b8600000, 0x00000000b8500000| Untracked 
| 220|0x00000000b8600000, 0x00000000b8700000, 0x00000000b8700000|100%| O|  |TAMS 0x00000000b8600000, 0x00000000b8600000| Untracked 
| 221|0x00000000b8700000, 0x00000000b8800000, 0x00000000b8800000|100%| O|  |TAMS 0x00000000b8800000, 0x00000000b8700000| Untracked 
| 222|0x00000000b8800000, 0x00000000b8900000, 0x00000000b8900000|100%| O|  |TAMS 0x00000000b8900000, 0x00000000b8800000| Untracked 
| 223|0x00000000b8900000, 0x00000000b8a00000, 0x00000000b8a00000|100%| O|  |TAMS 0x00000000b8a00000, 0x00000000b8900000| Untracked 
| 224|0x00000000b8a00000, 0x00000000b8b00000, 0x00000000b8b00000|100%| O|  |TAMS 0x00000000b8b00000, 0x00000000b8a00000| Untracked 
| 225|0x00000000b8b00000, 0x00000000b8c00000, 0x00000000b8c00000|100%| O|  |TAMS 0x00000000b8c00000, 0x00000000b8b00000| Untracked 
| 226|0x00000000b8c00000, 0x00000000b8d00000, 0x00000000b8d00000|100%| O|  |TAMS 0x00000000b8d00000, 0x00000000b8c00000| Untracked 
| 227|0x00000000b8d00000, 0x00000000b8e00000, 0x00000000b8e00000|100%| O|  |TAMS 0x00000000b8e00000, 0x00000000b8d00000| Untracked 
| 228|0x00000000b8e00000, 0x00000000b8f00000, 0x00000000b8f00000|100%| O|  |TAMS 0x00000000b8f00000, 0x00000000b8e00000| Untracked 
| 229|0x00000000b8f00000, 0x00000000b9000000, 0x00000000b9000000|100%| O|  |TAMS 0x00000000b9000000, 0x00000000b8f00000| Untracked 
| 230|0x00000000b9000000, 0x00000000b9100000, 0x00000000b9100000|100%| O|  |TAMS 0x00000000b9100000, 0x00000000b9000000| Untracked 
| 231|0x00000000b9100000, 0x00000000b9200000, 0x00000000b9200000|100%| O|  |TAMS 0x00000000b9200000, 0x00000000b9100000| Untracked 
| 232|0x00000000b9200000, 0x00000000b9300000, 0x00000000b9300000|100%| O|  |TAMS 0x00000000b9300000, 0x00000000b9200000| Untracked 
| 233|0x00000000b9300000, 0x00000000b9400000, 0x00000000b9400000|100%| O|  |TAMS 0x00000000b9400000, 0x00000000b9300000| Untracked 
| 234|0x00000000b9400000, 0x00000000b9500000, 0x00000000b9500000|100%|HS|  |TAMS 0x00000000b9500000, 0x00000000b9400000| Complete 
| 235|0x00000000b9500000, 0x00000000b9600000, 0x00000000b9600000|100%|HC|  |TAMS 0x00000000b9600000, 0x00000000b9500000| Complete 
| 236|0x00000000b9600000, 0x00000000b9700000, 0x00000000b9700000|100%| O|  |TAMS 0x00000000b9700000, 0x00000000b9600000| Untracked 
| 237|0x00000000b9700000, 0x00000000b9800000, 0x00000000b9800000|100%| O|  |TAMS 0x00000000b9800000, 0x00000000b9700000| Untracked 
| 238|0x00000000b9800000, 0x00000000b9900000, 0x00000000b9900000|100%| O|  |TAMS 0x00000000b9900000, 0x00000000b9800000| Untracked 
| 239|0x00000000b9900000, 0x00000000b9a00000, 0x00000000b9a00000|100%| O|  |TAMS 0x00000000b9a00000, 0x00000000b9900000| Untracked 
| 240|0x00000000b9a00000, 0x00000000b9b00000, 0x00000000b9b00000|100%| O|  |TAMS 0x00000000b9b00000, 0x00000000b9a00000| Untracked 
| 241|0x00000000b9b00000, 0x00000000b9b00000, 0x00000000b9c00000|  0%| F|  |TAMS 0x00000000b9b00000, 0x00000000b9b00000| Untracked 
| 242|0x00000000b9c00000, 0x00000000b9d00000, 0x00000000b9d00000|100%| O|  |TAMS 0x00000000b9d00000, 0x00000000b9c00000| Untracked 
| 243|0x00000000b9d00000, 0x00000000b9e00000, 0x00000000b9e00000|100%| O|  |TAMS 0x00000000b9e00000, 0x00000000b9d00000| Untracked 
| 244|0x00000000b9e00000, 0x00000000b9f00000, 0x00000000b9f00000|100%| O|  |TAMS 0x00000000b9f00000, 0x00000000b9e00000| Untracked 
| 245|0x00000000b9f00000, 0x00000000ba000000, 0x00000000ba000000|100%| O|  |TAMS 0x00000000ba000000, 0x00000000b9f00000| Untracked 
| 246|0x00000000ba000000, 0x00000000ba100000, 0x00000000ba100000|100%| O|  |TAMS 0x00000000ba100000, 0x00000000ba000000| Untracked 
| 247|0x00000000ba100000, 0x00000000ba200000, 0x00000000ba200000|100%| O|  |TAMS 0x00000000ba200000, 0x00000000ba100000| Untracked 
| 248|0x00000000ba200000, 0x00000000ba300000, 0x00000000ba300000|100%| O|  |TAMS 0x00000000ba300000, 0x00000000ba200000| Untracked 
| 249|0x00000000ba300000, 0x00000000ba400000, 0x00000000ba400000|100%| O|  |TAMS 0x00000000ba400000, 0x00000000ba300000| Untracked 
| 250|0x00000000ba400000, 0x00000000ba500000, 0x00000000ba500000|100%| O|  |TAMS 0x00000000ba500000, 0x00000000ba400000| Untracked 
| 251|0x00000000ba500000, 0x00000000ba600000, 0x00000000ba600000|100%| O|  |TAMS 0x00000000ba600000, 0x00000000ba500000| Untracked 
| 252|0x00000000ba600000, 0x00000000ba700000, 0x00000000ba700000|100%| O|  |TAMS 0x00000000ba700000, 0x00000000ba600000| Untracked 
| 253|0x00000000ba700000, 0x00000000ba800000, 0x00000000ba800000|100%| O|  |TAMS 0x00000000ba800000, 0x00000000ba700000| Untracked 
| 254|0x00000000ba800000, 0x00000000ba900000, 0x00000000ba900000|100%| O|  |TAMS 0x00000000ba900000, 0x00000000ba800000| Untracked 
| 255|0x00000000ba900000, 0x00000000baa00000, 0x00000000baa00000|100%| O|  |TAMS 0x00000000baa00000, 0x00000000ba900000| Untracked 
| 256|0x00000000baa00000, 0x00000000bab00000, 0x00000000bab00000|100%| O|  |TAMS 0x00000000bab00000, 0x00000000baa00000| Untracked 
| 257|0x00000000bab00000, 0x00000000bac00000, 0x00000000bac00000|100%| O|  |TAMS 0x00000000bac00000, 0x00000000bab00000| Untracked 
| 258|0x00000000bac00000, 0x00000000bad00000, 0x00000000bad00000|100%| O|  |TAMS 0x00000000bad00000, 0x00000000bac00000| Untracked 
| 259|0x00000000bad00000, 0x00000000bae00000, 0x00000000bae00000|100%| O|  |TAMS 0x00000000bae00000, 0x00000000bad00000| Untracked 
| 260|0x00000000bae00000, 0x00000000baf00000, 0x00000000baf00000|100%| O|  |TAMS 0x00000000baf00000, 0x00000000bae00000| Untracked 
| 261|0x00000000baf00000, 0x00000000bb000000, 0x00000000bb000000|100%| O|  |TAMS 0x00000000bb000000, 0x00000000baf00000| Untracked 
| 262|0x00000000bb000000, 0x00000000bb100000, 0x00000000bb100000|100%| O|  |TAMS 0x00000000bb100000, 0x00000000bb000000| Untracked 
| 263|0x00000000bb100000, 0x00000000bb200000, 0x00000000bb200000|100%| O|  |TAMS 0x00000000bb200000, 0x00000000bb100000| Untracked 
| 264|0x00000000bb200000, 0x00000000bb300000, 0x00000000bb300000|100%| O|  |TAMS 0x00000000bb300000, 0x00000000bb200000| Untracked 
| 265|0x00000000bb300000, 0x00000000bb400000, 0x00000000bb400000|100%| O|  |TAMS 0x00000000bb400000, 0x00000000bb300000| Untracked 
| 266|0x00000000bb400000, 0x00000000bb500000, 0x00000000bb500000|100%| O|  |TAMS 0x00000000bb500000, 0x00000000bb400000| Untracked 
| 267|0x00000000bb500000, 0x00000000bb600000, 0x00000000bb600000|100%| O|  |TAMS 0x00000000bb600000, 0x00000000bb500000| Untracked 
| 268|0x00000000bb600000, 0x00000000bb700000, 0x00000000bb700000|100%| O|  |TAMS 0x00000000bb700000, 0x00000000bb600000| Untracked 
| 269|0x00000000bb700000, 0x00000000bb800000, 0x00000000bb800000|100%| O|  |TAMS 0x00000000bb800000, 0x00000000bb700000| Untracked 
| 270|0x00000000bb800000, 0x00000000bb900000, 0x00000000bb900000|100%| O|  |TAMS 0x00000000bb900000, 0x00000000bb800000| Untracked 
| 271|0x00000000bb900000, 0x00000000bba00000, 0x00000000bba00000|100%| O|  |TAMS 0x00000000bba00000, 0x00000000bb900000| Untracked 
| 272|0x00000000bba00000, 0x00000000bba00000, 0x00000000bbb00000|  0%| F|  |TAMS 0x00000000bba00000, 0x00000000bba00000| Untracked 
| 273|0x00000000bbb00000, 0x00000000bbc00000, 0x00000000bbc00000|100%| O|  |TAMS 0x00000000bbc00000, 0x00000000bbb00000| Untracked 
| 274|0x00000000bbc00000, 0x00000000bbd00000, 0x00000000bbd00000|100%| O|  |TAMS 0x00000000bbd00000, 0x00000000bbc00000| Untracked 
| 275|0x00000000bbd00000, 0x00000000bbd00000, 0x00000000bbe00000|  0%| F|  |TAMS 0x00000000bbd00000, 0x00000000bbd00000| Untracked 
| 276|0x00000000bbe00000, 0x00000000bbf00000, 0x00000000bbf00000|100%| O|  |TAMS 0x00000000bbf00000, 0x00000000bbe00000| Untracked 
| 277|0x00000000bbf00000, 0x00000000bc000000, 0x00000000bc000000|100%| O|  |TAMS 0x00000000bc000000, 0x00000000bbf00000| Untracked 
| 278|0x00000000bc000000, 0x00000000bc100000, 0x00000000bc100000|100%| O|  |TAMS 0x00000000bc100000, 0x00000000bc000000| Untracked 
| 279|0x00000000bc100000, 0x00000000bc200000, 0x00000000bc200000|100%| O|  |TAMS 0x00000000bc100000, 0x00000000bc100000| Untracked 
| 280|0x00000000bc200000, 0x00000000bc300000, 0x00000000bc300000|100%| O|  |TAMS 0x00000000bc200000, 0x00000000bc200000| Untracked 
| 281|0x00000000bc300000, 0x00000000bc400000, 0x00000000bc400000|100%| O|  |TAMS 0x00000000bc300000, 0x00000000bc300000| Untracked 
| 282|0x00000000bc400000, 0x00000000bc500000, 0x00000000bc500000|100%| O|  |TAMS 0x00000000bc400000, 0x00000000bc400000| Untracked 
| 283|0x00000000bc500000, 0x00000000bc600000, 0x00000000bc600000|100%| O|  |TAMS 0x00000000bc500000, 0x00000000bc500000| Untracked 
| 284|0x00000000bc600000, 0x00000000bc600000, 0x00000000bc700000|  0%| F|  |TAMS 0x00000000bc600000, 0x00000000bc600000| Untracked 
| 285|0x00000000bc700000, 0x00000000bc800000, 0x00000000bc800000|100%| O|  |TAMS 0x00000000bc700000, 0x00000000bc700000| Untracked 
| 286|0x00000000bc800000, 0x00000000bc900000, 0x00000000bc900000|100%| O|  |TAMS 0x00000000bc800000, 0x00000000bc800000| Untracked 
| 287|0x00000000bc900000, 0x00000000bca00000, 0x00000000bca00000|100%| O|  |TAMS 0x00000000bc900000, 0x00000000bc900000| Untracked 
| 288|0x00000000bca00000, 0x00000000bcb00000, 0x00000000bcb00000|100%| O|  |TAMS 0x00000000bca00000, 0x00000000bca00000| Untracked 
| 289|0x00000000bcb00000, 0x00000000bcc00000, 0x00000000bcc00000|100%| O|  |TAMS 0x00000000bcb00000, 0x00000000bcb00000| Untracked 
| 290|0x00000000bcc00000, 0x00000000bcd00000, 0x00000000bcd00000|100%| O|  |TAMS 0x00000000bcc00000, 0x00000000bcc00000| Untracked 
| 291|0x00000000bcd00000, 0x00000000bcd00000, 0x00000000bce00000|  0%| F|  |TAMS 0x00000000bcd00000, 0x00000000bcd00000| Untracked 
| 292|0x00000000bce00000, 0x00000000bcf00000, 0x00000000bcf00000|100%| O|  |TAMS 0x00000000bce00000, 0x00000000bce00000| Untracked 
| 293|0x00000000bcf00000, 0x00000000bcf00000, 0x00000000bd000000|  0%| F|  |TAMS 0x00000000bcf00000, 0x00000000bcf00000| Untracked 
| 294|0x00000000bd000000, 0x00000000bd000000, 0x00000000bd100000|  0%| F|  |TAMS 0x00000000bd000000, 0x00000000bd000000| Untracked 
| 295|0x00000000bd100000, 0x00000000bd200000, 0x00000000bd200000|100%| O|  |TAMS 0x00000000bd200000, 0x00000000bd100000| Untracked 
| 296|0x00000000bd200000, 0x00000000bd300000, 0x00000000bd300000|100%| O|  |TAMS 0x00000000bd300000, 0x00000000bd200000| Untracked 
| 297|0x00000000bd300000, 0x00000000bd400000, 0x00000000bd400000|100%| O|  |TAMS 0x00000000bd400000, 0x00000000bd300000| Untracked 
| 298|0x00000000bd400000, 0x00000000bd500000, 0x00000000bd500000|100%| O|  |TAMS 0x00000000bd500000, 0x00000000bd400000| Untracked 
| 299|0x00000000bd500000, 0x00000000bd600000, 0x00000000bd600000|100%| O|  |TAMS 0x00000000bd600000, 0x00000000bd500000| Untracked 
| 300|0x00000000bd600000, 0x00000000bd700000, 0x00000000bd700000|100%| O|  |TAMS 0x00000000bd700000, 0x00000000bd600000| Untracked 
| 301|0x00000000bd700000, 0x00000000bd700000, 0x00000000bd800000|  0%| F|  |TAMS 0x00000000bd700000, 0x00000000bd700000| Untracked 
| 302|0x00000000bd800000, 0x00000000bd800000, 0x00000000bd900000|  0%| F|  |TAMS 0x00000000bd800000, 0x00000000bd800000| Untracked 
| 303|0x00000000bd900000, 0x00000000bd900000, 0x00000000bda00000|  0%| F|  |TAMS 0x00000000bd900000, 0x00000000bd900000| Untracked 
| 304|0x00000000bda00000, 0x00000000bda00000, 0x00000000bdb00000|  0%| F|  |TAMS 0x00000000bda00000, 0x00000000bda00000| Untracked 
| 305|0x00000000bdb00000, 0x00000000bdb00000, 0x00000000bdc00000|  0%| F|  |TAMS 0x00000000bdb00000, 0x00000000bdb00000| Untracked 
| 306|0x00000000bdc00000, 0x00000000bdc00000, 0x00000000bdd00000|  0%| F|  |TAMS 0x00000000bdc00000, 0x00000000bdc00000| Untracked 
| 307|0x00000000bdd00000, 0x00000000bdd00000, 0x00000000bde00000|  0%| F|  |TAMS 0x00000000bdd00000, 0x00000000bdd00000| Untracked 
| 308|0x00000000bde00000, 0x00000000bde00000, 0x00000000bdf00000|  0%| F|  |TAMS 0x00000000bde00000, 0x00000000bde00000| Untracked 
| 309|0x00000000bdf00000, 0x00000000bdf00000, 0x00000000be000000|  0%| F|  |TAMS 0x00000000bdf00000, 0x00000000bdf00000| Untracked 
| 310|0x00000000be000000, 0x00000000be000000, 0x00000000be100000|  0%| F|  |TAMS 0x00000000be000000, 0x00000000be000000| Untracked 
| 311|0x00000000be100000, 0x00000000be100000, 0x00000000be200000|  0%| F|  |TAMS 0x00000000be100000, 0x00000000be100000| Untracked 
| 312|0x00000000be200000, 0x00000000be200000, 0x00000000be300000|  0%| F|  |TAMS 0x00000000be200000, 0x00000000be200000| Untracked 
| 313|0x00000000be300000, 0x00000000be300000, 0x00000000be400000|  0%| F|  |TAMS 0x00000000be300000, 0x00000000be300000| Untracked 
| 314|0x00000000be400000, 0x00000000be400000, 0x00000000be500000|  0%| F|  |TAMS 0x00000000be400000, 0x00000000be400000| Untracked 
| 315|0x00000000be500000, 0x00000000be500000, 0x00000000be600000|  0%| F|  |TAMS 0x00000000be500000, 0x00000000be500000| Untracked 
| 316|0x00000000be600000, 0x00000000be600000, 0x00000000be700000|  0%| F|  |TAMS 0x00000000be600000, 0x00000000be600000| Untracked 
| 317|0x00000000be700000, 0x00000000be700000, 0x00000000be800000|  0%| F|  |TAMS 0x00000000be700000, 0x00000000be700000| Untracked 
| 318|0x00000000be800000, 0x00000000be800000, 0x00000000be900000|  0%| F|  |TAMS 0x00000000be800000, 0x00000000be800000| Untracked 
| 319|0x00000000be900000, 0x00000000be900000, 0x00000000bea00000|  0%| F|  |TAMS 0x00000000be900000, 0x00000000be900000| Untracked 
| 320|0x00000000bea00000, 0x00000000bea00000, 0x00000000beb00000|  0%| F|  |TAMS 0x00000000bea00000, 0x00000000bea00000| Untracked 
| 321|0x00000000beb00000, 0x00000000beb00000, 0x00000000bec00000|  0%| F|  |TAMS 0x00000000beb00000, 0x00000000beb00000| Untracked 
| 322|0x00000000bec00000, 0x00000000bec00000, 0x00000000bed00000|  0%| F|  |TAMS 0x00000000bec00000, 0x00000000bec00000| Untracked 
| 323|0x00000000bed00000, 0x00000000bed00000, 0x00000000bee00000|  0%| F|  |TAMS 0x00000000bed00000, 0x00000000bed00000| Untracked 
| 324|0x00000000bee00000, 0x00000000bee00000, 0x00000000bef00000|  0%| F|  |TAMS 0x00000000bee00000, 0x00000000bee00000| Untracked 
| 325|0x00000000bef00000, 0x00000000bef00000, 0x00000000bf000000|  0%| F|  |TAMS 0x00000000bef00000, 0x00000000bef00000| Untracked 
| 326|0x00000000bf000000, 0x00000000bf000000, 0x00000000bf100000|  0%| F|  |TAMS 0x00000000bf000000, 0x00000000bf000000| Untracked 
| 327|0x00000000bf100000, 0x00000000bf100000, 0x00000000bf200000|  0%| F|  |TAMS 0x00000000bf100000, 0x00000000bf100000| Untracked 
| 328|0x00000000bf200000, 0x00000000bf200000, 0x00000000bf300000|  0%| F|  |TAMS 0x00000000bf200000, 0x00000000bf200000| Untracked 
| 329|0x00000000bf300000, 0x00000000bf400000, 0x00000000bf400000|100%| O|  |TAMS 0x00000000bf400000, 0x00000000bf300000| Untracked 
| 330|0x00000000bf400000, 0x00000000bf500000, 0x00000000bf500000|100%| O|  |TAMS 0x00000000bf500000, 0x00000000bf400000| Untracked 
| 331|0x00000000bf500000, 0x00000000bf600000, 0x00000000bf600000|100%| O|  |TAMS 0x00000000bf600000, 0x00000000bf500000| Untracked 
| 332|0x00000000bf600000, 0x00000000bf600000, 0x00000000bf700000|  0%| F|  |TAMS 0x00000000bf600000, 0x00000000bf600000| Untracked 
| 333|0x00000000bf700000, 0x00000000bf800000, 0x00000000bf800000|100%| O|  |TAMS 0x00000000bf800000, 0x00000000bf700000| Untracked 
| 334|0x00000000bf800000, 0x00000000bf800000, 0x00000000bf900000|  0%| F|  |TAMS 0x00000000bf800000, 0x00000000bf800000| Untracked 
| 335|0x00000000bf900000, 0x00000000bf900000, 0x00000000bfa00000|  0%| F|  |TAMS 0x00000000bf900000, 0x00000000bf900000| Untracked 
| 336|0x00000000bfa00000, 0x00000000bfa00000, 0x00000000bfb00000|  0%| F|  |TAMS 0x00000000bfa00000, 0x00000000bfa00000| Untracked 
| 337|0x00000000bfb00000, 0x00000000bfb00000, 0x00000000bfc00000|  0%| F|  |TAMS 0x00000000bfb00000, 0x00000000bfb00000| Untracked 
| 338|0x00000000bfc00000, 0x00000000bfd00000, 0x00000000bfd00000|100%| O|  |TAMS 0x00000000bfd00000, 0x00000000bfc00000| Untracked 
| 339|0x00000000bfd00000, 0x00000000bfd00000, 0x00000000bfe00000|  0%| F|  |TAMS 0x00000000bfd00000, 0x00000000bfd00000| Untracked 
| 340|0x00000000bfe00000, 0x00000000bfe00000, 0x00000000bff00000|  0%| F|  |TAMS 0x00000000bfe00000, 0x00000000bfe00000| Untracked 
| 341|0x00000000bff00000, 0x00000000bff00000, 0x00000000c0000000|  0%| F|  |TAMS 0x00000000bff00000, 0x00000000bff00000| Untracked 
| 342|0x00000000c0000000, 0x00000000c0000000, 0x00000000c0100000|  0%| F|  |TAMS 0x00000000c0000000, 0x00000000c0000000| Untracked 
| 343|0x00000000c0100000, 0x00000000c0100000, 0x00000000c0200000|  0%| F|  |TAMS 0x00000000c0100000, 0x00000000c0100000| Untracked 
| 344|0x00000000c0200000, 0x00000000c0200000, 0x00000000c0300000|  0%| F|  |TAMS 0x00000000c0200000, 0x00000000c0200000| Untracked 
| 345|0x00000000c0300000, 0x00000000c0300000, 0x00000000c0400000|  0%| F|  |TAMS 0x00000000c0300000, 0x00000000c0300000| Untracked 
| 346|0x00000000c0400000, 0x00000000c0400000, 0x00000000c0500000|  0%| F|  |TAMS 0x00000000c0400000, 0x00000000c0400000| Untracked 
| 347|0x00000000c0500000, 0x00000000c0500000, 0x00000000c0600000|  0%| F|  |TAMS 0x00000000c0500000, 0x00000000c0500000| Untracked 
| 348|0x00000000c0600000, 0x00000000c0600000, 0x00000000c0700000|  0%| F|  |TAMS 0x00000000c0600000, 0x00000000c0600000| Untracked 
| 349|0x00000000c0700000, 0x00000000c0700000, 0x00000000c0800000|  0%| F|  |TAMS 0x00000000c0700000, 0x00000000c0700000| Untracked 
| 350|0x00000000c0800000, 0x00000000c0800000, 0x00000000c0900000|  0%| F|  |TAMS 0x00000000c0800000, 0x00000000c0800000| Untracked 
| 351|0x00000000c0900000, 0x00000000c0900000, 0x00000000c0a00000|  0%| F|  |TAMS 0x00000000c0900000, 0x00000000c0900000| Untracked 
| 352|0x00000000c0a00000, 0x00000000c0a00000, 0x00000000c0b00000|  0%| F|  |TAMS 0x00000000c0a00000, 0x00000000c0a00000| Untracked 
| 353|0x00000000c0b00000, 0x00000000c0b00000, 0x00000000c0c00000|  0%| F|  |TAMS 0x00000000c0b00000, 0x00000000c0b00000| Untracked 
| 354|0x00000000c0c00000, 0x00000000c0c00000, 0x00000000c0d00000|  0%| F|  |TAMS 0x00000000c0c00000, 0x00000000c0c00000| Untracked 
| 355|0x00000000c0d00000, 0x00000000c0d00000, 0x00000000c0e00000|  0%| F|  |TAMS 0x00000000c0d00000, 0x00000000c0d00000| Untracked 
| 356|0x00000000c0e00000, 0x00000000c0e00000, 0x00000000c0f00000|  0%| F|  |TAMS 0x00000000c0e00000, 0x00000000c0e00000| Untracked 
| 357|0x00000000c0f00000, 0x00000000c0f00000, 0x00000000c1000000|  0%| F|  |TAMS 0x00000000c0f00000, 0x00000000c0f00000| Untracked 
| 358|0x00000000c1000000, 0x00000000c1000000, 0x00000000c1100000|  0%| F|  |TAMS 0x00000000c1000000, 0x00000000c1000000| Untracked 
| 359|0x00000000c1100000, 0x00000000c1100000, 0x00000000c1200000|  0%| F|  |TAMS 0x00000000c1100000, 0x00000000c1100000| Untracked 
| 360|0x00000000c1200000, 0x00000000c1200000, 0x00000000c1300000|  0%| F|  |TAMS 0x00000000c1200000, 0x00000000c1200000| Untracked 
| 361|0x00000000c1300000, 0x00000000c1300000, 0x00000000c1400000|  0%| F|  |TAMS 0x00000000c1300000, 0x00000000c1300000| Untracked 
| 362|0x00000000c1400000, 0x00000000c1400000, 0x00000000c1500000|  0%| F|  |TAMS 0x00000000c1400000, 0x00000000c1400000| Untracked 
| 363|0x00000000c1500000, 0x00000000c1500000, 0x00000000c1600000|  0%| F|  |TAMS 0x00000000c1500000, 0x00000000c1500000| Untracked 
| 364|0x00000000c1600000, 0x00000000c1600000, 0x00000000c1700000|  0%| F|  |TAMS 0x00000000c1600000, 0x00000000c1600000| Untracked 
| 365|0x00000000c1700000, 0x00000000c1700000, 0x00000000c1800000|  0%| F|  |TAMS 0x00000000c1700000, 0x00000000c1700000| Untracked 
| 366|0x00000000c1800000, 0x00000000c1800000, 0x00000000c1900000|  0%| F|  |TAMS 0x00000000c1800000, 0x00000000c1800000| Untracked 
| 367|0x00000000c1900000, 0x00000000c1900000, 0x00000000c1a00000|  0%| F|  |TAMS 0x00000000c1900000, 0x00000000c1900000| Untracked 
| 368|0x00000000c1a00000, 0x00000000c1a00000, 0x00000000c1b00000|  0%| F|  |TAMS 0x00000000c1a00000, 0x00000000c1a00000| Untracked 
| 369|0x00000000c1b00000, 0x00000000c1b00000, 0x00000000c1c00000|  0%| F|  |TAMS 0x00000000c1b00000, 0x00000000c1b00000| Untracked 
| 370|0x00000000c1c00000, 0x00000000c1c00000, 0x00000000c1d00000|  0%| F|  |TAMS 0x00000000c1c00000, 0x00000000c1c00000| Untracked 
| 371|0x00000000c1d00000, 0x00000000c1d00000, 0x00000000c1e00000|  0%| F|  |TAMS 0x00000000c1d00000, 0x00000000c1d00000| Untracked 
| 372|0x00000000c1e00000, 0x00000000c1e00000, 0x00000000c1f00000|  0%| F|  |TAMS 0x00000000c1e00000, 0x00000000c1e00000| Untracked 
| 373|0x00000000c1f00000, 0x00000000c1f00000, 0x00000000c2000000|  0%| F|  |TAMS 0x00000000c1f00000, 0x00000000c1f00000| Untracked 
| 374|0x00000000c2000000, 0x00000000c2000000, 0x00000000c2100000|  0%| F|  |TAMS 0x00000000c2000000, 0x00000000c2000000| Untracked 
| 375|0x00000000c2100000, 0x00000000c2100000, 0x00000000c2200000|  0%| F|  |TAMS 0x00000000c2100000, 0x00000000c2100000| Untracked 
| 376|0x00000000c2200000, 0x00000000c2200000, 0x00000000c2300000|  0%| F|  |TAMS 0x00000000c2200000, 0x00000000c2200000| Untracked 
| 377|0x00000000c2300000, 0x00000000c2400000, 0x00000000c2400000|100%| O|  |TAMS 0x00000000c2400000, 0x00000000c2300000| Untracked 
| 378|0x00000000c2400000, 0x00000000c2500000, 0x00000000c2500000|100%| O|  |TAMS 0x00000000c2500000, 0x00000000c2400000| Untracked 
| 379|0x00000000c2500000, 0x00000000c2500000, 0x00000000c2600000|  0%| F|  |TAMS 0x00000000c2500000, 0x00000000c2500000| Untracked 
| 380|0x00000000c2600000, 0x00000000c2600000, 0x00000000c2700000|  0%| F|  |TAMS 0x00000000c2600000, 0x00000000c2600000| Untracked 
| 381|0x00000000c2700000, 0x00000000c2700000, 0x00000000c2800000|  0%| F|  |TAMS 0x00000000c2700000, 0x00000000c2700000| Untracked 
| 382|0x00000000c2800000, 0x00000000c2800000, 0x00000000c2900000|  0%| F|  |TAMS 0x00000000c2800000, 0x00000000c2800000| Untracked 
| 383|0x00000000c2900000, 0x00000000c2900000, 0x00000000c2a00000|  0%| F|  |TAMS 0x00000000c2900000, 0x00000000c2900000| Untracked 
| 384|0x00000000c2a00000, 0x00000000c2a00000, 0x00000000c2b00000|  0%| F|  |TAMS 0x00000000c2a00000, 0x00000000c2a00000| Untracked 
| 385|0x00000000c2b00000, 0x00000000c2b00000, 0x00000000c2c00000|  0%| F|  |TAMS 0x00000000c2b00000, 0x00000000c2b00000| Untracked 
| 386|0x00000000c2c00000, 0x00000000c2c00000, 0x00000000c2d00000|  0%| F|  |TAMS 0x00000000c2c00000, 0x00000000c2c00000| Untracked 
| 387|0x00000000c2d00000, 0x00000000c2d00000, 0x00000000c2e00000|  0%| F|  |TAMS 0x00000000c2d00000, 0x00000000c2d00000| Untracked 
| 388|0x00000000c2e00000, 0x00000000c2e00000, 0x00000000c2f00000|  0%| F|  |TAMS 0x00000000c2e00000, 0x00000000c2e00000| Untracked 
| 389|0x00000000c2f00000, 0x00000000c2f00000, 0x00000000c3000000|  0%| F|  |TAMS 0x00000000c2f00000, 0x00000000c2f00000| Untracked 
| 390|0x00000000c3000000, 0x00000000c3000000, 0x00000000c3100000|  0%| F|  |TAMS 0x00000000c3000000, 0x00000000c3000000| Untracked 
| 391|0x00000000c3100000, 0x00000000c3100000, 0x00000000c3200000|  0%| F|  |TAMS 0x00000000c3100000, 0x00000000c3100000| Untracked 
| 392|0x00000000c3200000, 0x00000000c3200000, 0x00000000c3300000|  0%| F|  |TAMS 0x00000000c3200000, 0x00000000c3200000| Untracked 
| 393|0x00000000c3300000, 0x00000000c3300000, 0x00000000c3400000|  0%| F|  |TAMS 0x00000000c3300000, 0x00000000c3300000| Untracked 
| 394|0x00000000c3400000, 0x00000000c3400000, 0x00000000c3500000|  0%| F|  |TAMS 0x00000000c3400000, 0x00000000c3400000| Untracked 
| 395|0x00000000c3500000, 0x00000000c3500000, 0x00000000c3600000|  0%| F|  |TAMS 0x00000000c3500000, 0x00000000c3500000| Untracked 
| 396|0x00000000c3600000, 0x00000000c3600000, 0x00000000c3700000|  0%| F|  |TAMS 0x00000000c3600000, 0x00000000c3600000| Untracked 
| 397|0x00000000c3700000, 0x00000000c3700000, 0x00000000c3800000|  0%| F|  |TAMS 0x00000000c3700000, 0x00000000c3700000| Untracked 
| 398|0x00000000c3800000, 0x00000000c3800000, 0x00000000c3900000|  0%| F|  |TAMS 0x00000000c3800000, 0x00000000c3800000| Untracked 
| 399|0x00000000c3900000, 0x00000000c3900000, 0x00000000c3a00000|  0%| F|  |TAMS 0x00000000c3900000, 0x00000000c3900000| Untracked 
| 400|0x00000000c3a00000, 0x00000000c3a00000, 0x00000000c3b00000|  0%| F|  |TAMS 0x00000000c3a00000, 0x00000000c3a00000| Untracked 
| 401|0x00000000c3b00000, 0x00000000c3b00000, 0x00000000c3c00000|  0%| F|  |TAMS 0x00000000c3b00000, 0x00000000c3b00000| Untracked 
| 402|0x00000000c3c00000, 0x00000000c3c00000, 0x00000000c3d00000|  0%| F|  |TAMS 0x00000000c3c00000, 0x00000000c3c00000| Untracked 
| 403|0x00000000c3d00000, 0x00000000c3d00000, 0x00000000c3e00000|  0%| F|  |TAMS 0x00000000c3d00000, 0x00000000c3d00000| Untracked 
| 404|0x00000000c3e00000, 0x00000000c3e00000, 0x00000000c3f00000|  0%| F|  |TAMS 0x00000000c3e00000, 0x00000000c3e00000| Untracked 
| 405|0x00000000c3f00000, 0x00000000c3f00000, 0x00000000c4000000|  0%| F|  |TAMS 0x00000000c3f00000, 0x00000000c3f00000| Untracked 
| 406|0x00000000c4000000, 0x00000000c4000000, 0x00000000c4100000|  0%| F|  |TAMS 0x00000000c4000000, 0x00000000c4000000| Untracked 
| 407|0x00000000c4100000, 0x00000000c4100000, 0x00000000c4200000|  0%| F|  |TAMS 0x00000000c4100000, 0x00000000c4100000| Untracked 
| 408|0x00000000c4200000, 0x00000000c4200000, 0x00000000c4300000|  0%| F|  |TAMS 0x00000000c4200000, 0x00000000c4200000| Untracked 
| 409|0x00000000c4300000, 0x00000000c4300000, 0x00000000c4400000|  0%| F|  |TAMS 0x00000000c4300000, 0x00000000c4300000| Untracked 
| 410|0x00000000c4400000, 0x00000000c4400000, 0x00000000c4500000|  0%| F|  |TAMS 0x00000000c4400000, 0x00000000c4400000| Untracked 
| 411|0x00000000c4500000, 0x00000000c4500000, 0x00000000c4600000|  0%| F|  |TAMS 0x00000000c4500000, 0x00000000c4500000| Untracked 
| 412|0x00000000c4600000, 0x00000000c4600000, 0x00000000c4700000|  0%| F|  |TAMS 0x00000000c4600000, 0x00000000c4600000| Untracked 
| 413|0x00000000c4700000, 0x00000000c4700000, 0x00000000c4800000|  0%| F|  |TAMS 0x00000000c4700000, 0x00000000c4700000| Untracked 
| 414|0x00000000c4800000, 0x00000000c4800000, 0x00000000c4900000|  0%| F|  |TAMS 0x00000000c4800000, 0x00000000c4800000| Untracked 
| 415|0x00000000c4900000, 0x00000000c4900000, 0x00000000c4a00000|  0%| F|  |TAMS 0x00000000c4900000, 0x00000000c4900000| Untracked 
| 416|0x00000000c4a00000, 0x00000000c4a00000, 0x00000000c4b00000|  0%| F|  |TAMS 0x00000000c4a00000, 0x00000000c4a00000| Untracked 
| 417|0x00000000c4b00000, 0x00000000c4b00000, 0x00000000c4c00000|  0%| F|  |TAMS 0x00000000c4b00000, 0x00000000c4b00000| Untracked 
| 418|0x00000000c4c00000, 0x00000000c4c00000, 0x00000000c4d00000|  0%| F|  |TAMS 0x00000000c4c00000, 0x00000000c4c00000| Untracked 
| 419|0x00000000c4d00000, 0x00000000c4d00000, 0x00000000c4e00000|  0%| F|  |TAMS 0x00000000c4d00000, 0x00000000c4d00000| Untracked 
| 420|0x00000000c4e00000, 0x00000000c4e00000, 0x00000000c4f00000|  0%| F|  |TAMS 0x00000000c4e00000, 0x00000000c4e00000| Untracked 
| 421|0x00000000c4f00000, 0x00000000c4f00000, 0x00000000c5000000|  0%| F|  |TAMS 0x00000000c4f00000, 0x00000000c4f00000| Untracked 
| 422|0x00000000c5000000, 0x00000000c5000000, 0x00000000c5100000|  0%| F|  |TAMS 0x00000000c5000000, 0x00000000c5000000| Untracked 
| 423|0x00000000c5100000, 0x00000000c5100000, 0x00000000c5200000|  0%| F|  |TAMS 0x00000000c5100000, 0x00000000c5100000| Untracked 
| 424|0x00000000c5200000, 0x00000000c5200000, 0x00000000c5300000|  0%| F|  |TAMS 0x00000000c5200000, 0x00000000c5200000| Untracked 
| 425|0x00000000c5300000, 0x00000000c5300000, 0x00000000c5400000|  0%| F|  |TAMS 0x00000000c5300000, 0x00000000c5300000| Untracked 
| 426|0x00000000c5400000, 0x00000000c5400000, 0x00000000c5500000|  0%| F|  |TAMS 0x00000000c5400000, 0x00000000c5400000| Untracked 
| 427|0x00000000c5500000, 0x00000000c5500000, 0x00000000c5600000|  0%| F|  |TAMS 0x00000000c5500000, 0x00000000c5500000| Untracked 
| 428|0x00000000c5600000, 0x00000000c5600000, 0x00000000c5700000|  0%| F|  |TAMS 0x00000000c5600000, 0x00000000c5600000| Untracked 
| 429|0x00000000c5700000, 0x00000000c5700000, 0x00000000c5800000|  0%| F|  |TAMS 0x00000000c5700000, 0x00000000c5700000| Untracked 
| 430|0x00000000c5800000, 0x00000000c5800000, 0x00000000c5900000|  0%| F|  |TAMS 0x00000000c5800000, 0x00000000c5800000| Untracked 
| 431|0x00000000c5900000, 0x00000000c5900000, 0x00000000c5a00000|  0%| F|  |TAMS 0x00000000c5900000, 0x00000000c5900000| Untracked 
| 432|0x00000000c5a00000, 0x00000000c5a00000, 0x00000000c5b00000|  0%| F|  |TAMS 0x00000000c5a00000, 0x00000000c5a00000| Untracked 
| 433|0x00000000c5b00000, 0x00000000c5b00000, 0x00000000c5c00000|  0%| F|  |TAMS 0x00000000c5b00000, 0x00000000c5b00000| Untracked 
| 434|0x00000000c5c00000, 0x00000000c5c00000, 0x00000000c5d00000|  0%| F|  |TAMS 0x00000000c5c00000, 0x00000000c5c00000| Untracked 
| 435|0x00000000c5d00000, 0x00000000c5d00000, 0x00000000c5e00000|  0%| F|  |TAMS 0x00000000c5d00000, 0x00000000c5d00000| Untracked 
| 436|0x00000000c5e00000, 0x00000000c5e00000, 0x00000000c5f00000|  0%| F|  |TAMS 0x00000000c5e00000, 0x00000000c5e00000| Untracked 
| 437|0x00000000c5f00000, 0x00000000c5f00000, 0x00000000c6000000|  0%| F|  |TAMS 0x00000000c5f00000, 0x00000000c5f00000| Untracked 
| 438|0x00000000c6000000, 0x00000000c6000000, 0x00000000c6100000|  0%| F|  |TAMS 0x00000000c6000000, 0x00000000c6000000| Untracked 
| 439|0x00000000c6100000, 0x00000000c6100000, 0x00000000c6200000|  0%| F|  |TAMS 0x00000000c6100000, 0x00000000c6100000| Untracked 
| 440|0x00000000c6200000, 0x00000000c6200000, 0x00000000c6300000|  0%| F|  |TAMS 0x00000000c6200000, 0x00000000c6200000| Untracked 
| 441|0x00000000c6300000, 0x00000000c6300000, 0x00000000c6400000|  0%| F|  |TAMS 0x00000000c6300000, 0x00000000c6300000| Untracked 
| 442|0x00000000c6400000, 0x00000000c6400000, 0x00000000c6500000|  0%| F|  |TAMS 0x00000000c6400000, 0x00000000c6400000| Untracked 
| 443|0x00000000c6500000, 0x00000000c6500000, 0x00000000c6600000|  0%| F|  |TAMS 0x00000000c6500000, 0x00000000c6500000| Untracked 
| 444|0x00000000c6600000, 0x00000000c6600000, 0x00000000c6700000|  0%| F|  |TAMS 0x00000000c6600000, 0x00000000c6600000| Untracked 
| 445|0x00000000c6700000, 0x00000000c6700000, 0x00000000c6800000|  0%| F|  |TAMS 0x00000000c6700000, 0x00000000c6700000| Untracked 
| 446|0x00000000c6800000, 0x00000000c6800000, 0x00000000c6900000|  0%| F|  |TAMS 0x00000000c6800000, 0x00000000c6800000| Untracked 
| 447|0x00000000c6900000, 0x00000000c6900000, 0x00000000c6a00000|  0%| F|  |TAMS 0x00000000c6900000, 0x00000000c6900000| Untracked 
| 448|0x00000000c6a00000, 0x00000000c6a00000, 0x00000000c6b00000|  0%| F|  |TAMS 0x00000000c6a00000, 0x00000000c6a00000| Untracked 
| 449|0x00000000c6b00000, 0x00000000c6b00000, 0x00000000c6c00000|  0%| F|  |TAMS 0x00000000c6b00000, 0x00000000c6b00000| Untracked 
| 450|0x00000000c6c00000, 0x00000000c6c00000, 0x00000000c6d00000|  0%| F|  |TAMS 0x00000000c6c00000, 0x00000000c6c00000| Untracked 
| 451|0x00000000c6d00000, 0x00000000c6d00000, 0x00000000c6e00000|  0%| F|  |TAMS 0x00000000c6d00000, 0x00000000c6d00000| Untracked 
| 452|0x00000000c6e00000, 0x00000000c6e00000, 0x00000000c6f00000|  0%| F|  |TAMS 0x00000000c6e00000, 0x00000000c6e00000| Untracked 
| 453|0x00000000c6f00000, 0x00000000c6f00000, 0x00000000c7000000|  0%| F|  |TAMS 0x00000000c6f00000, 0x00000000c6f00000| Untracked 
| 454|0x00000000c7000000, 0x00000000c7000000, 0x00000000c7100000|  0%| F|  |TAMS 0x00000000c7000000, 0x00000000c7000000| Untracked 
| 455|0x00000000c7100000, 0x00000000c7100000, 0x00000000c7200000|  0%| F|  |TAMS 0x00000000c7100000, 0x00000000c7100000| Untracked 
| 456|0x00000000c7200000, 0x00000000c7200000, 0x00000000c7300000|  0%| F|  |TAMS 0x00000000c7200000, 0x00000000c7200000| Untracked 
| 457|0x00000000c7300000, 0x00000000c7300000, 0x00000000c7400000|  0%| F|  |TAMS 0x00000000c7300000, 0x00000000c7300000| Untracked 
| 458|0x00000000c7400000, 0x00000000c7400000, 0x00000000c7500000|  0%| F|  |TAMS 0x00000000c7400000, 0x00000000c7400000| Untracked 
| 459|0x00000000c7500000, 0x00000000c7500000, 0x00000000c7600000|  0%| F|  |TAMS 0x00000000c7500000, 0x00000000c7500000| Untracked 
| 460|0x00000000c7600000, 0x00000000c7600000, 0x00000000c7700000|  0%| F|  |TAMS 0x00000000c7600000, 0x00000000c7600000| Untracked 
| 461|0x00000000c7700000, 0x00000000c7700000, 0x00000000c7800000|  0%| F|  |TAMS 0x00000000c7700000, 0x00000000c7700000| Untracked 
| 462|0x00000000c7800000, 0x00000000c7800000, 0x00000000c7900000|  0%| F|  |TAMS 0x00000000c7800000, 0x00000000c7800000| Untracked 
| 463|0x00000000c7900000, 0x00000000c7900000, 0x00000000c7a00000|  0%| F|  |TAMS 0x00000000c7900000, 0x00000000c7900000| Untracked 
| 464|0x00000000c7a00000, 0x00000000c7a00000, 0x00000000c7b00000|  0%| F|  |TAMS 0x00000000c7a00000, 0x00000000c7a00000| Untracked 
| 465|0x00000000c7b00000, 0x00000000c7b00000, 0x00000000c7c00000|  0%| F|  |TAMS 0x00000000c7b00000, 0x00000000c7b00000| Untracked 
| 466|0x00000000c7c00000, 0x00000000c7c00000, 0x00000000c7d00000|  0%| F|  |TAMS 0x00000000c7c00000, 0x00000000c7c00000| Untracked 
| 467|0x00000000c7d00000, 0x00000000c7d00000, 0x00000000c7e00000|  0%| F|  |TAMS 0x00000000c7d00000, 0x00000000c7d00000| Untracked 
| 468|0x00000000c7e00000, 0x00000000c7e00000, 0x00000000c7f00000|  0%| F|  |TAMS 0x00000000c7e00000, 0x00000000c7e00000| Untracked 
| 469|0x00000000c7f00000, 0x00000000c7f00000, 0x00000000c8000000|  0%| F|  |TAMS 0x00000000c7f00000, 0x00000000c7f00000| Untracked 
| 470|0x00000000c8000000, 0x00000000c8000000, 0x00000000c8100000|  0%| F|  |TAMS 0x00000000c8000000, 0x00000000c8000000| Untracked 
| 471|0x00000000c8100000, 0x00000000c8100000, 0x00000000c8200000|  0%| F|  |TAMS 0x00000000c8100000, 0x00000000c8100000| Untracked 
| 472|0x00000000c8200000, 0x00000000c8200000, 0x00000000c8300000|  0%| F|  |TAMS 0x00000000c8200000, 0x00000000c8200000| Untracked 
| 473|0x00000000c8300000, 0x00000000c8300000, 0x00000000c8400000|  0%| F|  |TAMS 0x00000000c8300000, 0x00000000c8300000| Untracked 
| 474|0x00000000c8400000, 0x00000000c8400000, 0x00000000c8500000|  0%| F|  |TAMS 0x00000000c8400000, 0x00000000c8400000| Untracked 
| 475|0x00000000c8500000, 0x00000000c8500000, 0x00000000c8600000|  0%| F|  |TAMS 0x00000000c8500000, 0x00000000c8500000| Untracked 
| 476|0x00000000c8600000, 0x00000000c8600000, 0x00000000c8700000|  0%| F|  |TAMS 0x00000000c8600000, 0x00000000c8600000| Untracked 
| 477|0x00000000c8700000, 0x00000000c8700000, 0x00000000c8800000|  0%| F|  |TAMS 0x00000000c8700000, 0x00000000c8700000| Untracked 
| 478|0x00000000c8800000, 0x00000000c8800000, 0x00000000c8900000|  0%| F|  |TAMS 0x00000000c8800000, 0x00000000c8800000| Untracked 
| 479|0x00000000c8900000, 0x00000000c8900000, 0x00000000c8a00000|  0%| F|  |TAMS 0x00000000c8900000, 0x00000000c8900000| Untracked 
| 480|0x00000000c8a00000, 0x00000000c8a00000, 0x00000000c8b00000|  0%| F|  |TAMS 0x00000000c8a00000, 0x00000000c8a00000| Untracked 
| 481|0x00000000c8b00000, 0x00000000c8b00000, 0x00000000c8c00000|  0%| F|  |TAMS 0x00000000c8b00000, 0x00000000c8b00000| Untracked 
| 482|0x00000000c8c00000, 0x00000000c8c00000, 0x00000000c8d00000|  0%| F|  |TAMS 0x00000000c8c00000, 0x00000000c8c00000| Untracked 
| 483|0x00000000c8d00000, 0x00000000c8d00000, 0x00000000c8e00000|  0%| F|  |TAMS 0x00000000c8d00000, 0x00000000c8d00000| Untracked 
| 484|0x00000000c8e00000, 0x00000000c8e00000, 0x00000000c8f00000|  0%| F|  |TAMS 0x00000000c8e00000, 0x00000000c8e00000| Untracked 
| 485|0x00000000c8f00000, 0x00000000c8f00000, 0x00000000c9000000|  0%| F|  |TAMS 0x00000000c8f00000, 0x00000000c8f00000| Untracked 
| 486|0x00000000c9000000, 0x00000000c9000000, 0x00000000c9100000|  0%| F|  |TAMS 0x00000000c9000000, 0x00000000c9000000| Untracked 
| 487|0x00000000c9100000, 0x00000000c9100000, 0x00000000c9200000|  0%| F|  |TAMS 0x00000000c9100000, 0x00000000c9100000| Untracked 
| 488|0x00000000c9200000, 0x00000000c9200000, 0x00000000c9300000|  0%| F|  |TAMS 0x00000000c9200000, 0x00000000c9200000| Untracked 
| 489|0x00000000c9300000, 0x00000000c9300000, 0x00000000c9400000|  0%| F|  |TAMS 0x00000000c9300000, 0x00000000c9300000| Untracked 
| 490|0x00000000c9400000, 0x00000000c9400000, 0x00000000c9500000|  0%| F|  |TAMS 0x00000000c9400000, 0x00000000c9400000| Untracked 
| 491|0x00000000c9500000, 0x00000000c9500000, 0x00000000c9600000|  0%| F|  |TAMS 0x00000000c9500000, 0x00000000c9500000| Untracked 
| 492|0x00000000c9600000, 0x00000000c9600000, 0x00000000c9700000|  0%| F|  |TAMS 0x00000000c9600000, 0x00000000c9600000| Untracked 
| 493|0x00000000c9700000, 0x00000000c9700000, 0x00000000c9800000|  0%| F|  |TAMS 0x00000000c9700000, 0x00000000c9700000| Untracked 
| 494|0x00000000c9800000, 0x00000000c9800000, 0x00000000c9900000|  0%| F|  |TAMS 0x00000000c9800000, 0x00000000c9800000| Untracked 
| 495|0x00000000c9900000, 0x00000000c9900000, 0x00000000c9a00000|  0%| F|  |TAMS 0x00000000c9900000, 0x00000000c9900000| Untracked 
| 496|0x00000000c9a00000, 0x00000000c9a00000, 0x00000000c9b00000|  0%| F|  |TAMS 0x00000000c9a00000, 0x00000000c9a00000| Untracked 
| 497|0x00000000c9b00000, 0x00000000c9b00000, 0x00000000c9c00000|  0%| F|  |TAMS 0x00000000c9b00000, 0x00000000c9b00000| Untracked 
| 498|0x00000000c9c00000, 0x00000000c9c00000, 0x00000000c9d00000|  0%| F|  |TAMS 0x00000000c9c00000, 0x00000000c9c00000| Untracked 
| 499|0x00000000c9d00000, 0x00000000c9d00000, 0x00000000c9e00000|  0%| F|  |TAMS 0x00000000c9d00000, 0x00000000c9d00000| Untracked 
| 500|0x00000000c9e00000, 0x00000000c9e00000, 0x00000000c9f00000|  0%| F|  |TAMS 0x00000000c9e00000, 0x00000000c9e00000| Untracked 
| 501|0x00000000c9f00000, 0x00000000c9f00000, 0x00000000ca000000|  0%| F|  |TAMS 0x00000000c9f00000, 0x00000000c9f00000| Untracked 
| 502|0x00000000ca000000, 0x00000000ca000000, 0x00000000ca100000|  0%| F|  |TAMS 0x00000000ca000000, 0x00000000ca000000| Untracked 
| 503|0x00000000ca100000, 0x00000000ca100000, 0x00000000ca200000|  0%| F|  |TAMS 0x00000000ca100000, 0x00000000ca100000| Untracked 
| 504|0x00000000ca200000, 0x00000000ca200000, 0x00000000ca300000|  0%| F|  |TAMS 0x00000000ca200000, 0x00000000ca200000| Untracked 
| 505|0x00000000ca300000, 0x00000000ca300000, 0x00000000ca400000|  0%| F|  |TAMS 0x00000000ca300000, 0x00000000ca300000| Untracked 
| 506|0x00000000ca400000, 0x00000000ca400000, 0x00000000ca500000|  0%| F|  |TAMS 0x00000000ca400000, 0x00000000ca400000| Untracked 
| 507|0x00000000ca500000, 0x00000000ca500000, 0x00000000ca600000|  0%| F|  |TAMS 0x00000000ca500000, 0x00000000ca500000| Untracked 
| 508|0x00000000ca600000, 0x00000000ca600000, 0x00000000ca700000|  0%| F|  |TAMS 0x00000000ca600000, 0x00000000ca600000| Untracked 
| 509|0x00000000ca700000, 0x00000000ca700000, 0x00000000ca800000|  0%| F|  |TAMS 0x00000000ca700000, 0x00000000ca700000| Untracked 
| 510|0x00000000ca800000, 0x00000000ca800000, 0x00000000ca900000|  0%| F|  |TAMS 0x00000000ca800000, 0x00000000ca800000| Untracked 
| 511|0x00000000ca900000, 0x00000000ca900000, 0x00000000caa00000|  0%| F|  |TAMS 0x00000000ca900000, 0x00000000ca900000| Untracked 
| 512|0x00000000caa00000, 0x00000000caa00000, 0x00000000cab00000|  0%| F|  |TAMS 0x00000000caa00000, 0x00000000caa00000| Untracked 
| 513|0x00000000cab00000, 0x00000000cab00000, 0x00000000cac00000|  0%| F|  |TAMS 0x00000000cab00000, 0x00000000cab00000| Untracked 
| 514|0x00000000cac00000, 0x00000000cac00000, 0x00000000cad00000|  0%| F|  |TAMS 0x00000000cac00000, 0x00000000cac00000| Untracked 
| 515|0x00000000cad00000, 0x00000000cad00000, 0x00000000cae00000|  0%| F|  |TAMS 0x00000000cad00000, 0x00000000cad00000| Untracked 
| 516|0x00000000cae00000, 0x00000000cae00000, 0x00000000caf00000|  0%| F|  |TAMS 0x00000000cae00000, 0x00000000cae00000| Untracked 
| 517|0x00000000caf00000, 0x00000000caf00000, 0x00000000cb000000|  0%| F|  |TAMS 0x00000000caf00000, 0x00000000caf00000| Untracked 
| 518|0x00000000cb000000, 0x00000000cb000000, 0x00000000cb100000|  0%| F|  |TAMS 0x00000000cb000000, 0x00000000cb000000| Untracked 
| 519|0x00000000cb100000, 0x00000000cb100000, 0x00000000cb200000|  0%| F|  |TAMS 0x00000000cb100000, 0x00000000cb100000| Untracked 
| 520|0x00000000cb200000, 0x00000000cb200000, 0x00000000cb300000|  0%| F|  |TAMS 0x00000000cb200000, 0x00000000cb200000| Untracked 
| 521|0x00000000cb300000, 0x00000000cb300000, 0x00000000cb400000|  0%| F|  |TAMS 0x00000000cb300000, 0x00000000cb300000| Untracked 
| 522|0x00000000cb400000, 0x00000000cb400000, 0x00000000cb500000|  0%| F|  |TAMS 0x00000000cb400000, 0x00000000cb400000| Untracked 
| 523|0x00000000cb500000, 0x00000000cb500000, 0x00000000cb600000|  0%| F|  |TAMS 0x00000000cb500000, 0x00000000cb500000| Untracked 
| 524|0x00000000cb600000, 0x00000000cb600000, 0x00000000cb700000|  0%| F|  |TAMS 0x00000000cb600000, 0x00000000cb600000| Untracked 
| 525|0x00000000cb700000, 0x00000000cb700000, 0x00000000cb800000|  0%| F|  |TAMS 0x00000000cb700000, 0x00000000cb700000| Untracked 
| 526|0x00000000cb800000, 0x00000000cb800000, 0x00000000cb900000|  0%| F|  |TAMS 0x00000000cb800000, 0x00000000cb800000| Untracked 
| 527|0x00000000cb900000, 0x00000000cb900000, 0x00000000cba00000|  0%| F|  |TAMS 0x00000000cb900000, 0x00000000cb900000| Untracked 
| 528|0x00000000cba00000, 0x00000000cba00000, 0x00000000cbb00000|  0%| F|  |TAMS 0x00000000cba00000, 0x00000000cba00000| Untracked 
| 529|0x00000000cbb00000, 0x00000000cbb00000, 0x00000000cbc00000|  0%| F|  |TAMS 0x00000000cbb00000, 0x00000000cbb00000| Untracked 
| 530|0x00000000cbc00000, 0x00000000cbc00000, 0x00000000cbd00000|  0%| F|  |TAMS 0x00000000cbc00000, 0x00000000cbc00000| Untracked 
| 531|0x00000000cbd00000, 0x00000000cbd00000, 0x00000000cbe00000|  0%| F|  |TAMS 0x00000000cbd00000, 0x00000000cbd00000| Untracked 
| 532|0x00000000cbe00000, 0x00000000cbe00000, 0x00000000cbf00000|  0%| F|  |TAMS 0x00000000cbe00000, 0x00000000cbe00000| Untracked 
| 533|0x00000000cbf00000, 0x00000000cbf00000, 0x00000000cc000000|  0%| F|  |TAMS 0x00000000cbf00000, 0x00000000cbf00000| Untracked 
| 534|0x00000000cc000000, 0x00000000cc000000, 0x00000000cc100000|  0%| F|  |TAMS 0x00000000cc000000, 0x00000000cc000000| Untracked 
| 535|0x00000000cc100000, 0x00000000cc100000, 0x00000000cc200000|  0%| F|  |TAMS 0x00000000cc100000, 0x00000000cc100000| Untracked 
| 536|0x00000000cc200000, 0x00000000cc200000, 0x00000000cc300000|  0%| F|  |TAMS 0x00000000cc200000, 0x00000000cc200000| Untracked 
| 537|0x00000000cc300000, 0x00000000cc300000, 0x00000000cc400000|  0%| F|  |TAMS 0x00000000cc300000, 0x00000000cc300000| Untracked 
| 538|0x00000000cc400000, 0x00000000cc400000, 0x00000000cc500000|  0%| F|  |TAMS 0x00000000cc400000, 0x00000000cc400000| Untracked 
| 539|0x00000000cc500000, 0x00000000cc500000, 0x00000000cc600000|  0%| F|  |TAMS 0x00000000cc500000, 0x00000000cc500000| Untracked 
| 540|0x00000000cc600000, 0x00000000cc600000, 0x00000000cc700000|  0%| F|  |TAMS 0x00000000cc600000, 0x00000000cc600000| Untracked 
| 541|0x00000000cc700000, 0x00000000cc700000, 0x00000000cc800000|  0%| F|  |TAMS 0x00000000cc700000, 0x00000000cc700000| Untracked 
| 542|0x00000000cc800000, 0x00000000cc800000, 0x00000000cc900000|  0%| F|  |TAMS 0x00000000cc800000, 0x00000000cc800000| Untracked 
| 543|0x00000000cc900000, 0x00000000cc900000, 0x00000000cca00000|  0%| F|  |TAMS 0x00000000cc900000, 0x00000000cc900000| Untracked 
| 544|0x00000000cca00000, 0x00000000cca00000, 0x00000000ccb00000|  0%| F|  |TAMS 0x00000000cca00000, 0x00000000cca00000| Untracked 
| 545|0x00000000ccb00000, 0x00000000ccb00000, 0x00000000ccc00000|  0%| F|  |TAMS 0x00000000ccb00000, 0x00000000ccb00000| Untracked 
| 546|0x00000000ccc00000, 0x00000000ccc00000, 0x00000000ccd00000|  0%| F|  |TAMS 0x00000000ccc00000, 0x00000000ccc00000| Untracked 
| 547|0x00000000ccd00000, 0x00000000ccd00000, 0x00000000cce00000|  0%| F|  |TAMS 0x00000000ccd00000, 0x00000000ccd00000| Untracked 
| 548|0x00000000cce00000, 0x00000000cce00000, 0x00000000ccf00000|  0%| F|  |TAMS 0x00000000cce00000, 0x00000000cce00000| Untracked 
| 549|0x00000000ccf00000, 0x00000000ccf00000, 0x00000000cd000000|  0%| F|  |TAMS 0x00000000ccf00000, 0x00000000ccf00000| Untracked 
| 550|0x00000000cd000000, 0x00000000cd000000, 0x00000000cd100000|  0%| F|  |TAMS 0x00000000cd000000, 0x00000000cd000000| Untracked 
| 551|0x00000000cd100000, 0x00000000cd100000, 0x00000000cd200000|  0%| F|  |TAMS 0x00000000cd100000, 0x00000000cd100000| Untracked 
| 552|0x00000000cd200000, 0x00000000cd200000, 0x00000000cd300000|  0%| F|  |TAMS 0x00000000cd200000, 0x00000000cd200000| Untracked 
| 553|0x00000000cd300000, 0x00000000cd300000, 0x00000000cd400000|  0%| F|  |TAMS 0x00000000cd300000, 0x00000000cd300000| Untracked 
| 554|0x00000000cd400000, 0x00000000cd400000, 0x00000000cd500000|  0%| F|  |TAMS 0x00000000cd400000, 0x00000000cd400000| Untracked 
| 555|0x00000000cd500000, 0x00000000cd500000, 0x00000000cd600000|  0%| F|  |TAMS 0x00000000cd500000, 0x00000000cd500000| Untracked 
| 556|0x00000000cd600000, 0x00000000cd600000, 0x00000000cd700000|  0%| F|  |TAMS 0x00000000cd600000, 0x00000000cd600000| Untracked 
| 557|0x00000000cd700000, 0x00000000cd700000, 0x00000000cd800000|  0%| F|  |TAMS 0x00000000cd700000, 0x00000000cd700000| Untracked 
| 558|0x00000000cd800000, 0x00000000cd800000, 0x00000000cd900000|  0%| F|  |TAMS 0x00000000cd800000, 0x00000000cd800000| Untracked 
| 559|0x00000000cd900000, 0x00000000cd900000, 0x00000000cda00000|  0%| F|  |TAMS 0x00000000cd900000, 0x00000000cd900000| Untracked 
| 560|0x00000000cda00000, 0x00000000cda00000, 0x00000000cdb00000|  0%| F|  |TAMS 0x00000000cda00000, 0x00000000cda00000| Untracked 
| 561|0x00000000cdb00000, 0x00000000cdb00000, 0x00000000cdc00000|  0%| F|  |TAMS 0x00000000cdb00000, 0x00000000cdb00000| Untracked 
| 562|0x00000000cdc00000, 0x00000000cdc00000, 0x00000000cdd00000|  0%| F|  |TAMS 0x00000000cdc00000, 0x00000000cdc00000| Untracked 
| 563|0x00000000cdd00000, 0x00000000cdd00000, 0x00000000cde00000|  0%| F|  |TAMS 0x00000000cdd00000, 0x00000000cdd00000| Untracked 
| 564|0x00000000cde00000, 0x00000000cde00000, 0x00000000cdf00000|  0%| F|  |TAMS 0x00000000cde00000, 0x00000000cde00000| Untracked 
| 565|0x00000000cdf00000, 0x00000000cdf00000, 0x00000000ce000000|  0%| F|  |TAMS 0x00000000cdf00000, 0x00000000cdf00000| Untracked 
| 566|0x00000000ce000000, 0x00000000ce000000, 0x00000000ce100000|  0%| F|  |TAMS 0x00000000ce000000, 0x00000000ce000000| Untracked 
| 567|0x00000000ce100000, 0x00000000ce100000, 0x00000000ce200000|  0%| F|  |TAMS 0x00000000ce100000, 0x00000000ce100000| Untracked 
| 568|0x00000000ce200000, 0x00000000ce200000, 0x00000000ce300000|  0%| F|  |TAMS 0x00000000ce200000, 0x00000000ce200000| Untracked 
| 569|0x00000000ce300000, 0x00000000ce300000, 0x00000000ce400000|  0%| F|  |TAMS 0x00000000ce300000, 0x00000000ce300000| Untracked 
| 570|0x00000000ce400000, 0x00000000ce400000, 0x00000000ce500000|  0%| F|  |TAMS 0x00000000ce400000, 0x00000000ce400000| Untracked 
| 571|0x00000000ce500000, 0x00000000ce500000, 0x00000000ce600000|  0%| F|  |TAMS 0x00000000ce500000, 0x00000000ce500000| Untracked 
| 572|0x00000000ce600000, 0x00000000ce600000, 0x00000000ce700000|  0%| F|  |TAMS 0x00000000ce600000, 0x00000000ce600000| Untracked 
| 573|0x00000000ce700000, 0x00000000ce700000, 0x00000000ce800000|  0%| F|  |TAMS 0x00000000ce700000, 0x00000000ce700000| Untracked 
| 574|0x00000000ce800000, 0x00000000ce800000, 0x00000000ce900000|  0%| F|  |TAMS 0x00000000ce800000, 0x00000000ce800000| Untracked 
| 575|0x00000000ce900000, 0x00000000ce900000, 0x00000000cea00000|  0%| F|  |TAMS 0x00000000ce900000, 0x00000000ce900000| Untracked 
| 576|0x00000000cea00000, 0x00000000cea00000, 0x00000000ceb00000|  0%| F|  |TAMS 0x00000000cea00000, 0x00000000cea00000| Untracked 
| 577|0x00000000ceb00000, 0x00000000ceb00000, 0x00000000cec00000|  0%| F|  |TAMS 0x00000000ceb00000, 0x00000000ceb00000| Untracked 
| 578|0x00000000cec00000, 0x00000000cec00000, 0x00000000ced00000|  0%| F|  |TAMS 0x00000000cec00000, 0x00000000cec00000| Untracked 
| 579|0x00000000ced00000, 0x00000000ced00000, 0x00000000cee00000|  0%| F|  |TAMS 0x00000000ced00000, 0x00000000ced00000| Untracked 
| 580|0x00000000cee00000, 0x00000000cee00000, 0x00000000cef00000|  0%| F|  |TAMS 0x00000000cee00000, 0x00000000cee00000| Untracked 
| 581|0x00000000cef00000, 0x00000000cf000000, 0x00000000cf000000|100%| O|  |TAMS 0x00000000cf000000, 0x00000000cef00000| Untracked 
| 582|0x00000000cf000000, 0x00000000cf000000, 0x00000000cf100000|  0%| F|  |TAMS 0x00000000cf000000, 0x00000000cf000000| Untracked 
| 583|0x00000000cf100000, 0x00000000cf100000, 0x00000000cf200000|  0%| F|  |TAMS 0x00000000cf100000, 0x00000000cf100000| Untracked 
| 584|0x00000000cf200000, 0x00000000cf200000, 0x00000000cf300000|  0%| F|  |TAMS 0x00000000cf200000, 0x00000000cf200000| Untracked 
| 585|0x00000000cf300000, 0x00000000cf300000, 0x00000000cf400000|  0%| F|  |TAMS 0x00000000cf300000, 0x00000000cf300000| Untracked 
| 586|0x00000000cf400000, 0x00000000cf500000, 0x00000000cf500000|100%| O|  |TAMS 0x00000000cf500000, 0x00000000cf400000| Untracked 
| 587|0x00000000cf500000, 0x00000000cf600000, 0x00000000cf600000|100%| O|  |TAMS 0x00000000cf600000, 0x00000000cf500000| Untracked 
| 588|0x00000000cf600000, 0x00000000cf700000, 0x00000000cf700000|100%| O|  |TAMS 0x00000000cf700000, 0x00000000cf600000| Untracked 
| 589|0x00000000cf700000, 0x00000000cf800000, 0x00000000cf800000|100%| O|  |TAMS 0x00000000cf800000, 0x00000000cf700000| Untracked 
| 590|0x00000000cf800000, 0x00000000cf900000, 0x00000000cf900000|100%| O|  |TAMS 0x00000000cf900000, 0x00000000cf800000| Untracked 
| 591|0x00000000cf900000, 0x00000000cfa00000, 0x00000000cfa00000|100%| O|  |TAMS 0x00000000cfa00000, 0x00000000cf900000| Untracked 
| 592|0x00000000cfa00000, 0x00000000cfb00000, 0x00000000cfb00000|100%| O|  |TAMS 0x00000000cfb00000, 0x00000000cfa00000| Untracked 
| 593|0x00000000cfb00000, 0x00000000cfc00000, 0x00000000cfc00000|100%| O|  |TAMS 0x00000000cfc00000, 0x00000000cfb00000| Untracked 
| 594|0x00000000cfc00000, 0x00000000cfd00000, 0x00000000cfd00000|100%| O|  |TAMS 0x00000000cfd00000, 0x00000000cfc00000| Untracked 
| 595|0x00000000cfd00000, 0x00000000cfe00000, 0x00000000cfe00000|100%| O|  |TAMS 0x00000000cfe00000, 0x00000000cfd00000| Untracked 
| 596|0x00000000cfe00000, 0x00000000cff00000, 0x00000000cff00000|100%| O|  |TAMS 0x00000000cff00000, 0x00000000cfe00000| Untracked 
| 597|0x00000000cff00000, 0x00000000d0000000, 0x00000000d0000000|100%| O|  |TAMS 0x00000000d0000000, 0x00000000cff00000| Untracked 
| 598|0x00000000d0000000, 0x00000000d0100000, 0x00000000d0100000|100%| O|  |TAMS 0x00000000d0100000, 0x00000000d0000000| Untracked 
| 599|0x00000000d0100000, 0x00000000d0200000, 0x00000000d0200000|100%| O|  |TAMS 0x00000000d0200000, 0x00000000d0100000| Untracked 
| 600|0x00000000d0200000, 0x00000000d0300000, 0x00000000d0300000|100%| O|  |TAMS 0x00000000d0300000, 0x00000000d0200000| Untracked 
| 601|0x00000000d0300000, 0x00000000d0400000, 0x00000000d0400000|100%| O|  |TAMS 0x00000000d0400000, 0x00000000d0300000| Untracked 
| 602|0x00000000d0400000, 0x00000000d0500000, 0x00000000d0500000|100%| O|  |TAMS 0x00000000d0500000, 0x00000000d0400000| Untracked 
| 603|0x00000000d0500000, 0x00000000d0600000, 0x00000000d0600000|100%| O|  |TAMS 0x00000000d0600000, 0x00000000d0500000| Untracked 
| 604|0x00000000d0600000, 0x00000000d0700000, 0x00000000d0700000|100%| O|  |TAMS 0x00000000d0700000, 0x00000000d0600000| Untracked 
| 605|0x00000000d0700000, 0x00000000d0800000, 0x00000000d0800000|100%| O|  |TAMS 0x00000000d0800000, 0x00000000d0700000| Untracked 
| 606|0x00000000d0800000, 0x00000000d0900000, 0x00000000d0900000|100%| O|  |TAMS 0x00000000d0900000, 0x00000000d0800000| Untracked 
| 607|0x00000000d0900000, 0x00000000d0a00000, 0x00000000d0a00000|100%| O|  |TAMS 0x00000000d0a00000, 0x00000000d0900000| Untracked 
| 608|0x00000000d0a00000, 0x00000000d0b00000, 0x00000000d0b00000|100%| O|  |TAMS 0x00000000d0b00000, 0x00000000d0a00000| Untracked 
| 609|0x00000000d0b00000, 0x00000000d0c00000, 0x00000000d0c00000|100%| O|  |TAMS 0x00000000d0c00000, 0x00000000d0b00000| Untracked 
| 610|0x00000000d0c00000, 0x00000000d0d00000, 0x00000000d0d00000|100%| O|  |TAMS 0x00000000d0d00000, 0x00000000d0c00000| Untracked 
| 611|0x00000000d0d00000, 0x00000000d0e00000, 0x00000000d0e00000|100%| O|  |TAMS 0x00000000d0e00000, 0x00000000d0d00000| Untracked 
| 612|0x00000000d0e00000, 0x00000000d0f00000, 0x00000000d0f00000|100%| O|  |TAMS 0x00000000d0f00000, 0x00000000d0e00000| Untracked 
| 613|0x00000000d0f00000, 0x00000000d1000000, 0x00000000d1000000|100%| O|  |TAMS 0x00000000d1000000, 0x00000000d0f00000| Untracked 
| 614|0x00000000d1000000, 0x00000000d1100000, 0x00000000d1100000|100%| O|  |TAMS 0x00000000d1100000, 0x00000000d1000000| Untracked 
| 615|0x00000000d1100000, 0x00000000d1200000, 0x00000000d1200000|100%| O|  |TAMS 0x00000000d1200000, 0x00000000d1100000| Untracked 
| 616|0x00000000d1200000, 0x00000000d1300000, 0x00000000d1300000|100%| O|  |TAMS 0x00000000d1300000, 0x00000000d1200000| Untracked 
| 617|0x00000000d1300000, 0x00000000d1400000, 0x00000000d1400000|100%| O|  |TAMS 0x00000000d1400000, 0x00000000d1300000| Untracked 
| 618|0x00000000d1400000, 0x00000000d1500000, 0x00000000d1500000|100%| O|  |TAMS 0x00000000d1500000, 0x00000000d1400000| Untracked 
| 619|0x00000000d1500000, 0x00000000d1600000, 0x00000000d1600000|100%| O|  |TAMS 0x00000000d1600000, 0x00000000d1500000| Untracked 
| 620|0x00000000d1600000, 0x00000000d1700000, 0x00000000d1700000|100%| O|  |TAMS 0x00000000d1700000, 0x00000000d1600000| Untracked 
| 621|0x00000000d1700000, 0x00000000d1800000, 0x00000000d1800000|100%| O|  |TAMS 0x00000000d1800000, 0x00000000d1700000| Untracked 
| 622|0x00000000d1800000, 0x00000000d1900000, 0x00000000d1900000|100%| O|  |TAMS 0x00000000d1900000, 0x00000000d1800000| Untracked 
| 623|0x00000000d1900000, 0x00000000d1a00000, 0x00000000d1a00000|100%| O|  |TAMS 0x00000000d1a00000, 0x00000000d1900000| Untracked 
| 624|0x00000000d1a00000, 0x00000000d1b00000, 0x00000000d1b00000|100%| O|  |TAMS 0x00000000d1b00000, 0x00000000d1a00000| Untracked 
| 625|0x00000000d1b00000, 0x00000000d1c00000, 0x00000000d1c00000|100%| O|  |TAMS 0x00000000d1c00000, 0x00000000d1b00000| Untracked 
| 626|0x00000000d1c00000, 0x00000000d1d00000, 0x00000000d1d00000|100%| O|  |TAMS 0x00000000d1d00000, 0x00000000d1c00000| Untracked 
| 627|0x00000000d1d00000, 0x00000000d1e00000, 0x00000000d1e00000|100%| O|  |TAMS 0x00000000d1e00000, 0x00000000d1d00000| Untracked 
| 628|0x00000000d1e00000, 0x00000000d1f00000, 0x00000000d1f00000|100%| O|  |TAMS 0x00000000d1f00000, 0x00000000d1e00000| Untracked 
| 629|0x00000000d1f00000, 0x00000000d2000000, 0x00000000d2000000|100%| O|  |TAMS 0x00000000d2000000, 0x00000000d1f00000| Untracked 
| 630|0x00000000d2000000, 0x00000000d2100000, 0x00000000d2100000|100%| O|  |TAMS 0x00000000d2100000, 0x00000000d2000000| Untracked 
| 631|0x00000000d2100000, 0x00000000d2200000, 0x00000000d2200000|100%| O|  |TAMS 0x00000000d2200000, 0x00000000d2100000| Untracked 
| 632|0x00000000d2200000, 0x00000000d2200000, 0x00000000d2300000|  0%| F|  |TAMS 0x00000000d2200000, 0x00000000d2200000| Untracked 
| 633|0x00000000d2300000, 0x00000000d2400000, 0x00000000d2400000|100%| O|  |TAMS 0x00000000d2400000, 0x00000000d2300000| Untracked 
| 634|0x00000000d2400000, 0x00000000d2500000, 0x00000000d2500000|100%| O|  |TAMS 0x00000000d2500000, 0x00000000d2400000| Untracked 
| 635|0x00000000d2500000, 0x00000000d2600000, 0x00000000d2600000|100%| O|  |TAMS 0x00000000d2600000, 0x00000000d2500000| Untracked 
| 636|0x00000000d2600000, 0x00000000d2700000, 0x00000000d2700000|100%| O|  |TAMS 0x00000000d2700000, 0x00000000d2600000| Untracked 
| 637|0x00000000d2700000, 0x00000000d2800000, 0x00000000d2800000|100%| O|  |TAMS 0x00000000d2800000, 0x00000000d2700000| Untracked 
| 638|0x00000000d2800000, 0x00000000d2900000, 0x00000000d2900000|100%| O|  |TAMS 0x00000000d2900000, 0x00000000d2800000| Untracked 
| 639|0x00000000d2900000, 0x00000000d2a00000, 0x00000000d2a00000|100%| O|  |TAMS 0x00000000d2a00000, 0x00000000d2900000| Untracked 
| 640|0x00000000d2a00000, 0x00000000d2b00000, 0x00000000d2b00000|100%| O|  |TAMS 0x00000000d2b00000, 0x00000000d2a00000| Untracked 
| 641|0x00000000d2b00000, 0x00000000d2c00000, 0x00000000d2c00000|100%| O|  |TAMS 0x00000000d2c00000, 0x00000000d2b00000| Untracked 
| 642|0x00000000d2c00000, 0x00000000d2d00000, 0x00000000d2d00000|100%| O|  |TAMS 0x00000000d2d00000, 0x00000000d2c00000| Untracked 
| 643|0x00000000d2d00000, 0x00000000d2e00000, 0x00000000d2e00000|100%| O|  |TAMS 0x00000000d2e00000, 0x00000000d2d00000| Untracked 
| 644|0x00000000d2e00000, 0x00000000d2f00000, 0x00000000d2f00000|100%| O|  |TAMS 0x00000000d2f00000, 0x00000000d2e00000| Untracked 
| 645|0x00000000d2f00000, 0x00000000d3000000, 0x00000000d3000000|100%| O|  |TAMS 0x00000000d3000000, 0x00000000d2f00000| Untracked 
| 646|0x00000000d3000000, 0x00000000d3100000, 0x00000000d3100000|100%| O|  |TAMS 0x00000000d3100000, 0x00000000d3000000| Untracked 
| 647|0x00000000d3100000, 0x00000000d3200000, 0x00000000d3200000|100%| O|  |TAMS 0x00000000d3200000, 0x00000000d3100000| Untracked 
| 648|0x00000000d3200000, 0x00000000d3300000, 0x00000000d3300000|100%| O|  |TAMS 0x00000000d3300000, 0x00000000d3200000| Untracked 
| 649|0x00000000d3300000, 0x00000000d3400000, 0x00000000d3400000|100%| O|  |TAMS 0x00000000d3400000, 0x00000000d3300000| Untracked 
| 650|0x00000000d3400000, 0x00000000d3500000, 0x00000000d3500000|100%| O|  |TAMS 0x00000000d3500000, 0x00000000d3400000| Untracked 
| 651|0x00000000d3500000, 0x00000000d3600000, 0x00000000d3600000|100%| O|  |TAMS 0x00000000d3600000, 0x00000000d3500000| Untracked 
| 652|0x00000000d3600000, 0x00000000d3700000, 0x00000000d3700000|100%| O|  |TAMS 0x00000000d3700000, 0x00000000d3600000| Untracked 
| 653|0x00000000d3700000, 0x00000000d3800000, 0x00000000d3800000|100%| O|  |TAMS 0x00000000d3800000, 0x00000000d3700000| Untracked 
| 654|0x00000000d3800000, 0x00000000d3900000, 0x00000000d3900000|100%| O|  |TAMS 0x00000000d3900000, 0x00000000d3800000| Untracked 
| 655|0x00000000d3900000, 0x00000000d3a00000, 0x00000000d3a00000|100%| O|  |TAMS 0x00000000d3a00000, 0x00000000d3900000| Untracked 
| 656|0x00000000d3a00000, 0x00000000d3b00000, 0x00000000d3b00000|100%| O|  |TAMS 0x00000000d3b00000, 0x00000000d3a00000| Untracked 
| 657|0x00000000d3b00000, 0x00000000d3c00000, 0x00000000d3c00000|100%| O|  |TAMS 0x00000000d3c00000, 0x00000000d3b00000| Untracked 
| 658|0x00000000d3c00000, 0x00000000d3d00000, 0x00000000d3d00000|100%| O|  |TAMS 0x00000000d3d00000, 0x00000000d3c00000| Untracked 
| 659|0x00000000d3d00000, 0x00000000d3e00000, 0x00000000d3e00000|100%|HS|  |TAMS 0x00000000d3e00000, 0x00000000d3d00000| Complete 
| 660|0x00000000d3e00000, 0x00000000d3f00000, 0x00000000d3f00000|100%|HC|  |TAMS 0x00000000d3f00000, 0x00000000d3e00000| Complete 
| 661|0x00000000d3f00000, 0x00000000d4000000, 0x00000000d4000000|100%|HC|  |TAMS 0x00000000d4000000, 0x00000000d3f00000| Complete 
| 662|0x00000000d4000000, 0x00000000d4100000, 0x00000000d4100000|100%|HC|  |TAMS 0x00000000d4100000, 0x00000000d4000000| Complete 
| 663|0x00000000d4100000, 0x00000000d4200000, 0x00000000d4200000|100%|HC|  |TAMS 0x00000000d4200000, 0x00000000d4100000| Complete 
| 664|0x00000000d4200000, 0x00000000d4300000, 0x00000000d4300000|100%| O|  |TAMS 0x00000000d4300000, 0x00000000d4200000| Untracked 
| 665|0x00000000d4300000, 0x00000000d4400000, 0x00000000d4400000|100%| O|  |TAMS 0x00000000d4400000, 0x00000000d4300000| Untracked 
| 666|0x00000000d4400000, 0x00000000d4400000, 0x00000000d4500000|  0%| F|  |TAMS 0x00000000d4400000, 0x00000000d4400000| Untracked 
| 667|0x00000000d4500000, 0x00000000d4600000, 0x00000000d4600000|100%| O|  |TAMS 0x00000000d4600000, 0x00000000d4500000| Untracked 
| 668|0x00000000d4600000, 0x00000000d4700000, 0x00000000d4700000|100%| O|  |TAMS 0x00000000d4700000, 0x00000000d4600000| Untracked 
| 669|0x00000000d4700000, 0x00000000d4800000, 0x00000000d4800000|100%| O|  |TAMS 0x00000000d4800000, 0x00000000d4700000| Untracked 
| 670|0x00000000d4800000, 0x00000000d4900000, 0x00000000d4900000|100%| O|  |TAMS 0x00000000d4900000, 0x00000000d4800000| Untracked 
| 671|0x00000000d4900000, 0x00000000d4a00000, 0x00000000d4a00000|100%| O|  |TAMS 0x00000000d4a00000, 0x00000000d4900000| Untracked 
| 672|0x00000000d4a00000, 0x00000000d4b00000, 0x00000000d4b00000|100%| O|  |TAMS 0x00000000d4b00000, 0x00000000d4a00000| Untracked 
| 673|0x00000000d4b00000, 0x00000000d4c00000, 0x00000000d4c00000|100%| O|  |TAMS 0x00000000d4c00000, 0x00000000d4b00000| Untracked 
| 674|0x00000000d4c00000, 0x00000000d4d00000, 0x00000000d4d00000|100%| O|  |TAMS 0x00000000d4d00000, 0x00000000d4c00000| Untracked 
| 675|0x00000000d4d00000, 0x00000000d4d00000, 0x00000000d4e00000|  0%| F|  |TAMS 0x00000000d4d00000, 0x00000000d4d00000| Untracked 
| 676|0x00000000d4e00000, 0x00000000d4f00000, 0x00000000d4f00000|100%| O|  |TAMS 0x00000000d4f00000, 0x00000000d4e00000| Untracked 
| 677|0x00000000d4f00000, 0x00000000d4f00000, 0x00000000d5000000|  0%| F|  |TAMS 0x00000000d4f00000, 0x00000000d4f00000| Untracked 
| 678|0x00000000d5000000, 0x00000000d5000000, 0x00000000d5100000|  0%| F|  |TAMS 0x00000000d5000000, 0x00000000d5000000| Untracked 
| 679|0x00000000d5100000, 0x00000000d5100000, 0x00000000d5200000|  0%| F|  |TAMS 0x00000000d5100000, 0x00000000d5100000| Untracked 
| 680|0x00000000d5200000, 0x00000000d5200000, 0x00000000d5300000|  0%| F|  |TAMS 0x00000000d5200000, 0x00000000d5200000| Untracked 
| 681|0x00000000d5300000, 0x00000000d5300000, 0x00000000d5400000|  0%| F|  |TAMS 0x00000000d5300000, 0x00000000d5300000| Untracked 
| 682|0x00000000d5400000, 0x00000000d5500000, 0x00000000d5500000|100%| O|  |TAMS 0x00000000d5500000, 0x00000000d5400000| Untracked 
| 683|0x00000000d5500000, 0x00000000d5600000, 0x00000000d5600000|100%| O|  |TAMS 0x00000000d5600000, 0x00000000d5500000| Untracked 
| 684|0x00000000d5600000, 0x00000000d5700000, 0x00000000d5700000|100%| O|  |TAMS 0x00000000d5700000, 0x00000000d5600000| Untracked 
| 685|0x00000000d5700000, 0x00000000d5800000, 0x00000000d5800000|100%| O|  |TAMS 0x00000000d5800000, 0x00000000d5700000| Untracked 
| 686|0x00000000d5800000, 0x00000000d5900000, 0x00000000d5900000|100%| O|  |TAMS 0x00000000d5900000, 0x00000000d5800000| Untracked 
| 687|0x00000000d5900000, 0x00000000d5900000, 0x00000000d5a00000|  0%| F|  |TAMS 0x00000000d5900000, 0x00000000d5900000| Untracked 
| 688|0x00000000d5a00000, 0x00000000d5a00000, 0x00000000d5b00000|  0%| F|  |TAMS 0x00000000d5a00000, 0x00000000d5a00000| Untracked 
| 689|0x00000000d5b00000, 0x00000000d5b00000, 0x00000000d5c00000|  0%| F|  |TAMS 0x00000000d5b00000, 0x00000000d5b00000| Untracked 
| 690|0x00000000d5c00000, 0x00000000d5c00000, 0x00000000d5d00000|  0%| F|  |TAMS 0x00000000d5c00000, 0x00000000d5c00000| Untracked 
| 691|0x00000000d5d00000, 0x00000000d5d00000, 0x00000000d5e00000|  0%| F|  |TAMS 0x00000000d5d00000, 0x00000000d5d00000| Untracked 
| 692|0x00000000d5e00000, 0x00000000d5e00000, 0x00000000d5f00000|  0%| F|  |TAMS 0x00000000d5e00000, 0x00000000d5e00000| Untracked 
| 693|0x00000000d5f00000, 0x00000000d5f00000, 0x00000000d6000000|  0%| F|  |TAMS 0x00000000d5f00000, 0x00000000d5f00000| Untracked 
| 694|0x00000000d6000000, 0x00000000d6100000, 0x00000000d6100000|100%| O|  |TAMS 0x00000000d6100000, 0x00000000d6000000| Untracked 
| 695|0x00000000d6100000, 0x00000000d6200000, 0x00000000d6200000|100%| O|  |TAMS 0x00000000d6200000, 0x00000000d6100000| Untracked 
| 696|0x00000000d6200000, 0x00000000d6200000, 0x00000000d6300000|  0%| F|  |TAMS 0x00000000d6200000, 0x00000000d6200000| Untracked 
| 697|0x00000000d6300000, 0x00000000d6300000, 0x00000000d6400000|  0%| F|  |TAMS 0x00000000d6300000, 0x00000000d6300000| Untracked 
| 698|0x00000000d6400000, 0x00000000d6500000, 0x00000000d6500000|100%| O|  |TAMS 0x00000000d6500000, 0x00000000d6400000| Untracked 
| 699|0x00000000d6500000, 0x00000000d6600000, 0x00000000d6600000|100%| O|  |TAMS 0x00000000d6600000, 0x00000000d6500000| Untracked 
| 700|0x00000000d6600000, 0x00000000d6700000, 0x00000000d6700000|100%| O|  |TAMS 0x00000000d6700000, 0x00000000d6600000| Untracked 
| 701|0x00000000d6700000, 0x00000000d6800000, 0x00000000d6800000|100%| O|  |TAMS 0x00000000d6800000, 0x00000000d6700000| Untracked 
| 702|0x00000000d6800000, 0x00000000d6900000, 0x00000000d6900000|100%| O|  |TAMS 0x00000000d6900000, 0x00000000d6800000| Untracked 
| 703|0x00000000d6900000, 0x00000000d6a00000, 0x00000000d6a00000|100%| O|  |TAMS 0x00000000d6a00000, 0x00000000d6900000| Untracked 
| 704|0x00000000d6a00000, 0x00000000d6b00000, 0x00000000d6b00000|100%| O|  |TAMS 0x00000000d6b00000, 0x00000000d6a00000| Untracked 
| 705|0x00000000d6b00000, 0x00000000d6c00000, 0x00000000d6c00000|100%| O|  |TAMS 0x00000000d6c00000, 0x00000000d6b00000| Untracked 
| 706|0x00000000d6c00000, 0x00000000d6c00000, 0x00000000d6d00000|  0%| F|  |TAMS 0x00000000d6c00000, 0x00000000d6c00000| Untracked 
| 707|0x00000000d6d00000, 0x00000000d6e00000, 0x00000000d6e00000|100%| O|  |TAMS 0x00000000d6e00000, 0x00000000d6d00000| Untracked 
| 708|0x00000000d6e00000, 0x00000000d6f00000, 0x00000000d6f00000|100%| O|  |TAMS 0x00000000d6f00000, 0x00000000d6e00000| Untracked 
| 709|0x00000000d6f00000, 0x00000000d6f00000, 0x00000000d7000000|  0%| F|  |TAMS 0x00000000d6f00000, 0x00000000d6f00000| Untracked 
| 710|0x00000000d7000000, 0x00000000d7000000, 0x00000000d7100000|  0%| F|  |TAMS 0x00000000d7000000, 0x00000000d7000000| Untracked 
| 711|0x00000000d7100000, 0x00000000d7100000, 0x00000000d7200000|  0%| F|  |TAMS 0x00000000d7100000, 0x00000000d7100000| Untracked 
| 712|0x00000000d7200000, 0x00000000d7200000, 0x00000000d7300000|  0%| F|  |TAMS 0x00000000d7200000, 0x00000000d7200000| Untracked 
| 713|0x00000000d7300000, 0x00000000d7300000, 0x00000000d7400000|  0%| F|  |TAMS 0x00000000d7300000, 0x00000000d7300000| Untracked 
| 714|0x00000000d7400000, 0x00000000d7400000, 0x00000000d7500000|  0%| F|  |TAMS 0x00000000d7400000, 0x00000000d7400000| Untracked 
| 715|0x00000000d7500000, 0x00000000d7500000, 0x00000000d7600000|  0%| F|  |TAMS 0x00000000d7500000, 0x00000000d7500000| Untracked 
| 716|0x00000000d7600000, 0x00000000d7700000, 0x00000000d7700000|100%| O|  |TAMS 0x00000000d7700000, 0x00000000d7600000| Untracked 
| 717|0x00000000d7700000, 0x00000000d7800000, 0x00000000d7800000|100%| O|  |TAMS 0x00000000d7800000, 0x00000000d7700000| Untracked 
| 718|0x00000000d7800000, 0x00000000d7900000, 0x00000000d7900000|100%| O|  |TAMS 0x00000000d7900000, 0x00000000d7800000| Untracked 
| 719|0x00000000d7900000, 0x00000000d7a00000, 0x00000000d7a00000|100%| O|  |TAMS 0x00000000d7a00000, 0x00000000d7900000| Untracked 
| 720|0x00000000d7a00000, 0x00000000d7b00000, 0x00000000d7b00000|100%| O|  |TAMS 0x00000000d7b00000, 0x00000000d7a00000| Untracked 
| 721|0x00000000d7b00000, 0x00000000d7c00000, 0x00000000d7c00000|100%| O|  |TAMS 0x00000000d7c00000, 0x00000000d7b00000| Untracked 
| 722|0x00000000d7c00000, 0x00000000d7d00000, 0x00000000d7d00000|100%| O|  |TAMS 0x00000000d7d00000, 0x00000000d7c00000| Untracked 
| 723|0x00000000d7d00000, 0x00000000d7e00000, 0x00000000d7e00000|100%| O|  |TAMS 0x00000000d7e00000, 0x00000000d7d00000| Untracked 
| 724|0x00000000d7e00000, 0x00000000d7f00000, 0x00000000d7f00000|100%| O|  |TAMS 0x00000000d7f00000, 0x00000000d7e00000| Untracked 
| 725|0x00000000d7f00000, 0x00000000d8000000, 0x00000000d8000000|100%| O|  |TAMS 0x00000000d8000000, 0x00000000d7f00000| Untracked 
| 726|0x00000000d8000000, 0x00000000d8100000, 0x00000000d8100000|100%| O|  |TAMS 0x00000000d8100000, 0x00000000d8000000| Untracked 
| 727|0x00000000d8100000, 0x00000000d8200000, 0x00000000d8200000|100%| O|  |TAMS 0x00000000d8200000, 0x00000000d8100000| Untracked 
| 728|0x00000000d8200000, 0x00000000d8300000, 0x00000000d8300000|100%| O|  |TAMS 0x00000000d8300000, 0x00000000d8200000| Untracked 
| 729|0x00000000d8300000, 0x00000000d8400000, 0x00000000d8400000|100%| O|  |TAMS 0x00000000d8400000, 0x00000000d8300000| Untracked 
| 730|0x00000000d8400000, 0x00000000d8500000, 0x00000000d8500000|100%| O|  |TAMS 0x00000000d8500000, 0x00000000d8400000| Untracked 
| 731|0x00000000d8500000, 0x00000000d8600000, 0x00000000d8600000|100%| O|  |TAMS 0x00000000d8600000, 0x00000000d8500000| Untracked 
| 732|0x00000000d8600000, 0x00000000d8700000, 0x00000000d8700000|100%| O|  |TAMS 0x00000000d8700000, 0x00000000d8600000| Untracked 
| 733|0x00000000d8700000, 0x00000000d8800000, 0x00000000d8800000|100%| O|  |TAMS 0x00000000d8800000, 0x00000000d8700000| Untracked 
| 734|0x00000000d8800000, 0x00000000d8900000, 0x00000000d8900000|100%| O|  |TAMS 0x00000000d8880000, 0x00000000d8800000| Untracked 
| 735|0x00000000d8900000, 0x00000000d8a00000, 0x00000000d8a00000|100%| O|  |TAMS 0x00000000d8900000, 0x00000000d8900000| Untracked 
| 736|0x00000000d8a00000, 0x00000000d8b00000, 0x00000000d8b00000|100%| O|  |TAMS 0x00000000d8a00000, 0x00000000d8a00000| Untracked 
| 737|0x00000000d8b00000, 0x00000000d8c00000, 0x00000000d8c00000|100%| O|  |TAMS 0x00000000d8b00000, 0x00000000d8b00000| Untracked 
| 738|0x00000000d8c00000, 0x00000000d8d00000, 0x00000000d8d00000|100%| O|  |TAMS 0x00000000d8c00000, 0x00000000d8c00000| Untracked 
| 739|0x00000000d8d00000, 0x00000000d8e00000, 0x00000000d8e00000|100%| O|  |TAMS 0x00000000d8d00000, 0x00000000d8d00000| Untracked 
| 740|0x00000000d8e00000, 0x00000000d8f00000, 0x00000000d8f00000|100%| O|  |TAMS 0x00000000d8e00000, 0x00000000d8e00000| Untracked 
| 741|0x00000000d8f00000, 0x00000000d9000000, 0x00000000d9000000|100%| O|  |TAMS 0x00000000d8f00000, 0x00000000d8f00000| Untracked 
| 742|0x00000000d9000000, 0x00000000d9100000, 0x00000000d9100000|100%| O|  |TAMS 0x00000000d9000000, 0x00000000d9000000| Untracked 
| 743|0x00000000d9100000, 0x00000000d9200000, 0x00000000d9200000|100%| O|  |TAMS 0x00000000d9100000, 0x00000000d9100000| Untracked 
| 744|0x00000000d9200000, 0x00000000d9300000, 0x00000000d9300000|100%| O|  |TAMS 0x00000000d9200000, 0x00000000d9200000| Untracked 
| 745|0x00000000d9300000, 0x00000000d9400000, 0x00000000d9400000|100%| O|  |TAMS 0x00000000d9300000, 0x00000000d9300000| Untracked 
| 746|0x00000000d9400000, 0x00000000d9500000, 0x00000000d9500000|100%| O|  |TAMS 0x00000000d9400000, 0x00000000d9400000| Untracked 
| 747|0x00000000d9500000, 0x00000000d9600000, 0x00000000d9600000|100%| O|  |TAMS 0x00000000d9500000, 0x00000000d9500000| Untracked 
| 748|0x00000000d9600000, 0x00000000d9700000, 0x00000000d9700000|100%| O|  |TAMS 0x00000000d9600000, 0x00000000d9600000| Untracked 
| 749|0x00000000d9700000, 0x00000000d9800000, 0x00000000d9800000|100%| O|  |TAMS 0x00000000d9700000, 0x00000000d9700000| Untracked 
| 750|0x00000000d9800000, 0x00000000d9900000, 0x00000000d9900000|100%| O|  |TAMS 0x00000000d9800000, 0x00000000d9800000| Untracked 
| 751|0x00000000d9900000, 0x00000000d9a00000, 0x00000000d9a00000|100%| O|  |TAMS 0x00000000d9900000, 0x00000000d9900000| Untracked 
| 752|0x00000000d9a00000, 0x00000000d9b00000, 0x00000000d9b00000|100%| O|  |TAMS 0x00000000d9a00000, 0x00000000d9a00000| Untracked 
| 753|0x00000000d9b00000, 0x00000000d9c00000, 0x00000000d9c00000|100%| O|  |TAMS 0x00000000d9b00000, 0x00000000d9b00000| Untracked 
| 754|0x00000000d9c00000, 0x00000000d9d00000, 0x00000000d9d00000|100%| O|  |TAMS 0x00000000d9c00000, 0x00000000d9c00000| Untracked 
| 755|0x00000000d9d00000, 0x00000000d9e00000, 0x00000000d9e00000|100%| O|  |TAMS 0x00000000d9d00000, 0x00000000d9d00000| Untracked 
| 756|0x00000000d9e00000, 0x00000000d9f00000, 0x00000000d9f00000|100%| O|  |TAMS 0x00000000d9e00000, 0x00000000d9e00000| Untracked 
| 757|0x00000000d9f00000, 0x00000000da000000, 0x00000000da000000|100%| O|  |TAMS 0x00000000d9f00000, 0x00000000d9f00000| Untracked 
| 758|0x00000000da000000, 0x00000000da100000, 0x00000000da100000|100%| O|  |TAMS 0x00000000da000000, 0x00000000da000000| Untracked 
| 759|0x00000000da100000, 0x00000000da200000, 0x00000000da200000|100%| O|  |TAMS 0x00000000da100000, 0x00000000da100000| Untracked 
| 760|0x00000000da200000, 0x00000000da300000, 0x00000000da300000|100%| O|  |TAMS 0x00000000da200000, 0x00000000da200000| Untracked 
| 761|0x00000000da300000, 0x00000000da400000, 0x00000000da400000|100%| O|  |TAMS 0x00000000da300000, 0x00000000da300000| Untracked 
| 762|0x00000000da400000, 0x00000000da500000, 0x00000000da500000|100%| O|  |TAMS 0x00000000da400000, 0x00000000da400000| Untracked 
| 763|0x00000000da500000, 0x00000000da600000, 0x00000000da600000|100%| O|  |TAMS 0x00000000da500000, 0x00000000da500000| Untracked 
| 764|0x00000000da600000, 0x00000000da700000, 0x00000000da700000|100%| O|  |TAMS 0x00000000da600000, 0x00000000da600000| Untracked 
| 765|0x00000000da700000, 0x00000000da800000, 0x00000000da800000|100%| O|  |TAMS 0x00000000da700000, 0x00000000da700000| Untracked 
| 766|0x00000000da800000, 0x00000000da900000, 0x00000000da900000|100%| O|  |TAMS 0x00000000da800000, 0x00000000da800000| Untracked 
| 767|0x00000000da900000, 0x00000000daa00000, 0x00000000daa00000|100%| O|  |TAMS 0x00000000da900000, 0x00000000da900000| Untracked 
| 768|0x00000000daa00000, 0x00000000dab00000, 0x00000000dab00000|100%| O|  |TAMS 0x00000000daa00000, 0x00000000daa00000| Untracked 
| 769|0x00000000dab00000, 0x00000000dac00000, 0x00000000dac00000|100%| O|  |TAMS 0x00000000dab00000, 0x00000000dab00000| Untracked 
| 770|0x00000000dac00000, 0x00000000dad00000, 0x00000000dad00000|100%| O|  |TAMS 0x00000000dac00000, 0x00000000dac00000| Untracked 
| 771|0x00000000dad00000, 0x00000000dae00000, 0x00000000dae00000|100%| O|  |TAMS 0x00000000dad00000, 0x00000000dad00000| Untracked 
| 772|0x00000000dae00000, 0x00000000daf00000, 0x00000000daf00000|100%| O|  |TAMS 0x00000000dae00000, 0x00000000dae00000| Untracked 
| 773|0x00000000daf00000, 0x00000000db000000, 0x00000000db000000|100%| O|  |TAMS 0x00000000daf00000, 0x00000000daf00000| Untracked 
| 774|0x00000000db000000, 0x00000000db100000, 0x00000000db100000|100%| O|  |TAMS 0x00000000db000000, 0x00000000db000000| Untracked 
| 775|0x00000000db100000, 0x00000000db200000, 0x00000000db200000|100%| O|  |TAMS 0x00000000db100000, 0x00000000db100000| Untracked 
| 776|0x00000000db200000, 0x00000000db300000, 0x00000000db300000|100%| O|  |TAMS 0x00000000db200000, 0x00000000db200000| Untracked 
| 777|0x00000000db300000, 0x00000000db400000, 0x00000000db400000|100%| O|  |TAMS 0x00000000db300000, 0x00000000db300000| Untracked 
| 778|0x00000000db400000, 0x00000000db500000, 0x00000000db500000|100%| O|  |TAMS 0x00000000db400000, 0x00000000db400000| Untracked 
| 779|0x00000000db500000, 0x00000000db600000, 0x00000000db600000|100%| O|  |TAMS 0x00000000db500000, 0x00000000db500000| Untracked 
| 780|0x00000000db600000, 0x00000000db700000, 0x00000000db700000|100%| O|  |TAMS 0x00000000db600000, 0x00000000db600000| Untracked 
| 781|0x00000000db700000, 0x00000000db800000, 0x00000000db800000|100%| O|  |TAMS 0x00000000db700000, 0x00000000db700000| Untracked 
| 782|0x00000000db800000, 0x00000000db900000, 0x00000000db900000|100%| O|  |TAMS 0x00000000db800000, 0x00000000db800000| Untracked 
| 783|0x00000000db900000, 0x00000000dba00000, 0x00000000dba00000|100%| O|  |TAMS 0x00000000db900000, 0x00000000db900000| Untracked 
| 784|0x00000000dba00000, 0x00000000dbb00000, 0x00000000dbb00000|100%| O|  |TAMS 0x00000000dba00000, 0x00000000dba00000| Untracked 
| 785|0x00000000dbb00000, 0x00000000dbb00000, 0x00000000dbc00000|  0%| F|  |TAMS 0x00000000dbb00000, 0x00000000dbb00000| Untracked 
| 786|0x00000000dbc00000, 0x00000000dbc00000, 0x00000000dbd00000|  0%| F|  |TAMS 0x00000000dbc00000, 0x00000000dbc00000| Untracked 
| 787|0x00000000dbd00000, 0x00000000dbd00000, 0x00000000dbe00000|  0%| F|  |TAMS 0x00000000dbd00000, 0x00000000dbd00000| Untracked 
| 788|0x00000000dbe00000, 0x00000000dbe00000, 0x00000000dbf00000|  0%| F|  |TAMS 0x00000000dbe00000, 0x00000000dbe00000| Untracked 
| 789|0x00000000dbf00000, 0x00000000dbf00000, 0x00000000dc000000|  0%| F|  |TAMS 0x00000000dbf00000, 0x00000000dbf00000| Untracked 
| 790|0x00000000dc000000, 0x00000000dc000000, 0x00000000dc100000|  0%| F|  |TAMS 0x00000000dc000000, 0x00000000dc000000| Untracked 
| 791|0x00000000dc100000, 0x00000000dc100000, 0x00000000dc200000|  0%| F|  |TAMS 0x00000000dc100000, 0x00000000dc100000| Untracked 
| 792|0x00000000dc200000, 0x00000000dc200000, 0x00000000dc300000|  0%| F|  |TAMS 0x00000000dc200000, 0x00000000dc200000| Untracked 
| 793|0x00000000dc300000, 0x00000000dc300000, 0x00000000dc400000|  0%| F|  |TAMS 0x00000000dc300000, 0x00000000dc300000| Untracked 
| 794|0x00000000dc400000, 0x00000000dc400000, 0x00000000dc500000|  0%| F|  |TAMS 0x00000000dc400000, 0x00000000dc400000| Untracked 
| 795|0x00000000dc500000, 0x00000000dc500000, 0x00000000dc600000|  0%| F|  |TAMS 0x00000000dc500000, 0x00000000dc500000| Untracked 
| 796|0x00000000dc600000, 0x00000000dc600000, 0x00000000dc700000|  0%| F|  |TAMS 0x00000000dc600000, 0x00000000dc600000| Untracked 
| 797|0x00000000dc700000, 0x00000000dc700000, 0x00000000dc800000|  0%| F|  |TAMS 0x00000000dc700000, 0x00000000dc700000| Untracked 
| 798|0x00000000dc800000, 0x00000000dc800000, 0x00000000dc900000|  0%| F|  |TAMS 0x00000000dc800000, 0x00000000dc800000| Untracked 
| 799|0x00000000dc900000, 0x00000000dc900000, 0x00000000dca00000|  0%| F|  |TAMS 0x00000000dc900000, 0x00000000dc900000| Untracked 
| 800|0x00000000dca00000, 0x00000000dca00000, 0x00000000dcb00000|  0%| F|  |TAMS 0x00000000dca00000, 0x00000000dca00000| Untracked 
| 801|0x00000000dcb00000, 0x00000000dcb00000, 0x00000000dcc00000|  0%| F|  |TAMS 0x00000000dcb00000, 0x00000000dcb00000| Untracked 
| 802|0x00000000dcc00000, 0x00000000dcc00000, 0x00000000dcd00000|  0%| F|  |TAMS 0x00000000dcc00000, 0x00000000dcc00000| Untracked 
| 803|0x00000000dcd00000, 0x00000000dcd00000, 0x00000000dce00000|  0%| F|  |TAMS 0x00000000dcd00000, 0x00000000dcd00000| Untracked 
| 804|0x00000000dce00000, 0x00000000dce00000, 0x00000000dcf00000|  0%| F|  |TAMS 0x00000000dce00000, 0x00000000dce00000| Untracked 
| 805|0x00000000dcf00000, 0x00000000dcf00000, 0x00000000dd000000|  0%| F|  |TAMS 0x00000000dcf00000, 0x00000000dcf00000| Untracked 
| 806|0x00000000dd000000, 0x00000000dd000000, 0x00000000dd100000|  0%| F|  |TAMS 0x00000000dd000000, 0x00000000dd000000| Untracked 
| 807|0x00000000dd100000, 0x00000000dd100000, 0x00000000dd200000|  0%| F|  |TAMS 0x00000000dd100000, 0x00000000dd100000| Untracked 
| 808|0x00000000dd200000, 0x00000000dd200000, 0x00000000dd300000|  0%| F|  |TAMS 0x00000000dd200000, 0x00000000dd200000| Untracked 
| 809|0x00000000dd300000, 0x00000000dd300000, 0x00000000dd400000|  0%| F|  |TAMS 0x00000000dd300000, 0x00000000dd300000| Untracked 
| 810|0x00000000dd400000, 0x00000000dd400000, 0x00000000dd500000|  0%| F|  |TAMS 0x00000000dd400000, 0x00000000dd400000| Untracked 
| 811|0x00000000dd500000, 0x00000000dd500000, 0x00000000dd600000|  0%| F|  |TAMS 0x00000000dd500000, 0x00000000dd500000| Untracked 
| 812|0x00000000dd600000, 0x00000000dd600000, 0x00000000dd700000|  0%| F|  |TAMS 0x00000000dd600000, 0x00000000dd600000| Untracked 
| 813|0x00000000dd700000, 0x00000000dd700000, 0x00000000dd800000|  0%| F|  |TAMS 0x00000000dd700000, 0x00000000dd700000| Untracked 
| 814|0x00000000dd800000, 0x00000000dd800000, 0x00000000dd900000|  0%| F|  |TAMS 0x00000000dd800000, 0x00000000dd800000| Untracked 
| 815|0x00000000dd900000, 0x00000000dd900000, 0x00000000dda00000|  0%| F|  |TAMS 0x00000000dd900000, 0x00000000dd900000| Untracked 
| 816|0x00000000dda00000, 0x00000000dda00000, 0x00000000ddb00000|  0%| F|  |TAMS 0x00000000dda00000, 0x00000000dda00000| Untracked 
| 817|0x00000000ddb00000, 0x00000000ddb00000, 0x00000000ddc00000|  0%| F|  |TAMS 0x00000000ddb00000, 0x00000000ddb00000| Untracked 
| 818|0x00000000ddc00000, 0x00000000ddc00000, 0x00000000ddd00000|  0%| F|  |TAMS 0x00000000ddc00000, 0x00000000ddc00000| Untracked 
| 819|0x00000000ddd00000, 0x00000000ddd00000, 0x00000000dde00000|  0%| F|  |TAMS 0x00000000ddd00000, 0x00000000ddd00000| Untracked 
| 820|0x00000000dde00000, 0x00000000dde00000, 0x00000000ddf00000|  0%| F|  |TAMS 0x00000000dde00000, 0x00000000dde00000| Untracked 
| 821|0x00000000ddf00000, 0x00000000ddf00000, 0x00000000de000000|  0%| F|  |TAMS 0x00000000ddf00000, 0x00000000ddf00000| Untracked 
| 822|0x00000000de000000, 0x00000000de000000, 0x00000000de100000|  0%| F|  |TAMS 0x00000000de000000, 0x00000000de000000| Untracked 
| 823|0x00000000de100000, 0x00000000de100000, 0x00000000de200000|  0%| F|  |TAMS 0x00000000de100000, 0x00000000de100000| Untracked 
| 824|0x00000000de200000, 0x00000000de200000, 0x00000000de300000|  0%| F|  |TAMS 0x00000000de200000, 0x00000000de200000| Untracked 
| 825|0x00000000de300000, 0x00000000de300000, 0x00000000de400000|  0%| F|  |TAMS 0x00000000de300000, 0x00000000de300000| Untracked 
| 826|0x00000000de400000, 0x00000000de400000, 0x00000000de500000|  0%| F|  |TAMS 0x00000000de400000, 0x00000000de400000| Untracked 
| 827|0x00000000de500000, 0x00000000de500000, 0x00000000de600000|  0%| F|  |TAMS 0x00000000de500000, 0x00000000de500000| Untracked 
| 828|0x00000000de600000, 0x00000000de600000, 0x00000000de700000|  0%| F|  |TAMS 0x00000000de600000, 0x00000000de600000| Untracked 
| 829|0x00000000de700000, 0x00000000de700000, 0x00000000de800000|  0%| F|  |TAMS 0x00000000de700000, 0x00000000de700000| Untracked 
| 830|0x00000000de800000, 0x00000000de800000, 0x00000000de900000|  0%| F|  |TAMS 0x00000000de800000, 0x00000000de800000| Untracked 
| 831|0x00000000de900000, 0x00000000de900000, 0x00000000dea00000|  0%| F|  |TAMS 0x00000000de900000, 0x00000000de900000| Untracked 
| 832|0x00000000dea00000, 0x00000000dea00000, 0x00000000deb00000|  0%| F|  |TAMS 0x00000000dea00000, 0x00000000dea00000| Untracked 
| 833|0x00000000deb00000, 0x00000000deb00000, 0x00000000dec00000|  0%| F|  |TAMS 0x00000000deb00000, 0x00000000deb00000| Untracked 
| 834|0x00000000dec00000, 0x00000000dec00000, 0x00000000ded00000|  0%| F|  |TAMS 0x00000000dec00000, 0x00000000dec00000| Untracked 
| 835|0x00000000ded00000, 0x00000000ded00000, 0x00000000dee00000|  0%| F|  |TAMS 0x00000000ded00000, 0x00000000ded00000| Untracked 
| 836|0x00000000dee00000, 0x00000000dee00000, 0x00000000def00000|  0%| F|  |TAMS 0x00000000dee00000, 0x00000000dee00000| Untracked 
| 837|0x00000000def00000, 0x00000000def00000, 0x00000000df000000|  0%| F|  |TAMS 0x00000000def00000, 0x00000000def00000| Untracked 
| 838|0x00000000df000000, 0x00000000df000000, 0x00000000df100000|  0%| F|  |TAMS 0x00000000df000000, 0x00000000df000000| Untracked 
| 839|0x00000000df100000, 0x00000000df100000, 0x00000000df200000|  0%| F|  |TAMS 0x00000000df100000, 0x00000000df100000| Untracked 
| 840|0x00000000df200000, 0x00000000df200000, 0x00000000df300000|  0%| F|  |TAMS 0x00000000df200000, 0x00000000df200000| Untracked 
| 841|0x00000000df300000, 0x00000000df300000, 0x00000000df400000|  0%| F|  |TAMS 0x00000000df300000, 0x00000000df300000| Untracked 
| 842|0x00000000df400000, 0x00000000df400000, 0x00000000df500000|  0%| F|  |TAMS 0x00000000df400000, 0x00000000df400000| Untracked 
| 843|0x00000000df500000, 0x00000000df500000, 0x00000000df600000|  0%| F|  |TAMS 0x00000000df500000, 0x00000000df500000| Untracked 
| 844|0x00000000df600000, 0x00000000df600000, 0x00000000df700000|  0%| F|  |TAMS 0x00000000df600000, 0x00000000df600000| Untracked 
| 845|0x00000000df700000, 0x00000000df700000, 0x00000000df800000|  0%| F|  |TAMS 0x00000000df700000, 0x00000000df700000| Untracked 
| 846|0x00000000df800000, 0x00000000df800000, 0x00000000df900000|  0%| F|  |TAMS 0x00000000df800000, 0x00000000df800000| Untracked 
| 847|0x00000000df900000, 0x00000000df900000, 0x00000000dfa00000|  0%| F|  |TAMS 0x00000000df900000, 0x00000000df900000| Untracked 
| 848|0x00000000dfa00000, 0x00000000dfa00000, 0x00000000dfb00000|  0%| F|  |TAMS 0x00000000dfa00000, 0x00000000dfa00000| Untracked 
| 849|0x00000000dfb00000, 0x00000000dfb00000, 0x00000000dfc00000|  0%| F|  |TAMS 0x00000000dfb00000, 0x00000000dfb00000| Untracked 
| 850|0x00000000dfc00000, 0x00000000dfc00000, 0x00000000dfd00000|  0%| F|  |TAMS 0x00000000dfc00000, 0x00000000dfc00000| Untracked 
| 851|0x00000000dfd00000, 0x00000000dfd00000, 0x00000000dfe00000|  0%| F|  |TAMS 0x00000000dfd00000, 0x00000000dfd00000| Untracked 
| 852|0x00000000dfe00000, 0x00000000dfe00000, 0x00000000dff00000|  0%| F|  |TAMS 0x00000000dfe00000, 0x00000000dfe00000| Untracked 
| 853|0x00000000dff00000, 0x00000000dff00000, 0x00000000e0000000|  0%| F|  |TAMS 0x00000000dff00000, 0x00000000dff00000| Untracked 
| 854|0x00000000e0000000, 0x00000000e0000000, 0x00000000e0100000|  0%| F|  |TAMS 0x00000000e0000000, 0x00000000e0000000| Untracked 
| 855|0x00000000e0100000, 0x00000000e0100000, 0x00000000e0200000|  0%| F|  |TAMS 0x00000000e0100000, 0x00000000e0100000| Untracked 
| 856|0x00000000e0200000, 0x00000000e0200000, 0x00000000e0300000|  0%| F|  |TAMS 0x00000000e0200000, 0x00000000e0200000| Untracked 
| 857|0x00000000e0300000, 0x00000000e0300000, 0x00000000e0400000|  0%| F|  |TAMS 0x00000000e0300000, 0x00000000e0300000| Untracked 
| 858|0x00000000e0400000, 0x00000000e0400000, 0x00000000e0500000|  0%| F|  |TAMS 0x00000000e0400000, 0x00000000e0400000| Untracked 
| 859|0x00000000e0500000, 0x00000000e0500000, 0x00000000e0600000|  0%| F|  |TAMS 0x00000000e0500000, 0x00000000e0500000| Untracked 
| 860|0x00000000e0600000, 0x00000000e0600000, 0x00000000e0700000|  0%| F|  |TAMS 0x00000000e0600000, 0x00000000e0600000| Untracked 
| 861|0x00000000e0700000, 0x00000000e0700000, 0x00000000e0800000|  0%| F|  |TAMS 0x00000000e0700000, 0x00000000e0700000| Untracked 
| 862|0x00000000e0800000, 0x00000000e0800000, 0x00000000e0900000|  0%| F|  |TAMS 0x00000000e0800000, 0x00000000e0800000| Untracked 
| 863|0x00000000e0900000, 0x00000000e0900000, 0x00000000e0a00000|  0%| F|  |TAMS 0x00000000e0900000, 0x00000000e0900000| Untracked 
| 864|0x00000000e0a00000, 0x00000000e0a00000, 0x00000000e0b00000|  0%| F|  |TAMS 0x00000000e0a00000, 0x00000000e0a00000| Untracked 
| 865|0x00000000e0b00000, 0x00000000e0b00000, 0x00000000e0c00000|  0%| F|  |TAMS 0x00000000e0b00000, 0x00000000e0b00000| Untracked 
| 866|0x00000000e0c00000, 0x00000000e0c00000, 0x00000000e0d00000|  0%| F|  |TAMS 0x00000000e0c00000, 0x00000000e0c00000| Untracked 
| 867|0x00000000e0d00000, 0x00000000e0d00000, 0x00000000e0e00000|  0%| F|  |TAMS 0x00000000e0d00000, 0x00000000e0d00000| Untracked 
| 868|0x00000000e0e00000, 0x00000000e0e00000, 0x00000000e0f00000|  0%| F|  |TAMS 0x00000000e0e00000, 0x00000000e0e00000| Untracked 
| 869|0x00000000e0f00000, 0x00000000e0f00000, 0x00000000e1000000|  0%| F|  |TAMS 0x00000000e0f00000, 0x00000000e0f00000| Untracked 
| 870|0x00000000e1000000, 0x00000000e1000000, 0x00000000e1100000|  0%| F|  |TAMS 0x00000000e1000000, 0x00000000e1000000| Untracked 
| 871|0x00000000e1100000, 0x00000000e1100000, 0x00000000e1200000|  0%| F|  |TAMS 0x00000000e1100000, 0x00000000e1100000| Untracked 
| 872|0x00000000e1200000, 0x00000000e1200000, 0x00000000e1300000|  0%| F|  |TAMS 0x00000000e1200000, 0x00000000e1200000| Untracked 
| 873|0x00000000e1300000, 0x00000000e1300000, 0x00000000e1400000|  0%| F|  |TAMS 0x00000000e1300000, 0x00000000e1300000| Untracked 
| 874|0x00000000e1400000, 0x00000000e1400000, 0x00000000e1500000|  0%| F|  |TAMS 0x00000000e1400000, 0x00000000e1400000| Untracked 
| 875|0x00000000e1500000, 0x00000000e1500000, 0x00000000e1600000|  0%| F|  |TAMS 0x00000000e1500000, 0x00000000e1500000| Untracked 
| 876|0x00000000e1600000, 0x00000000e1600000, 0x00000000e1700000|  0%| F|  |TAMS 0x00000000e1600000, 0x00000000e1600000| Untracked 
| 877|0x00000000e1700000, 0x00000000e1700000, 0x00000000e1800000|  0%| F|  |TAMS 0x00000000e1700000, 0x00000000e1700000| Untracked 
| 878|0x00000000e1800000, 0x00000000e1800000, 0x00000000e1900000|  0%| F|  |TAMS 0x00000000e1800000, 0x00000000e1800000| Untracked 
| 879|0x00000000e1900000, 0x00000000e1900000, 0x00000000e1a00000|  0%| F|  |TAMS 0x00000000e1900000, 0x00000000e1900000| Untracked 
| 880|0x00000000e1a00000, 0x00000000e1a00000, 0x00000000e1b00000|  0%| F|  |TAMS 0x00000000e1a00000, 0x00000000e1a00000| Untracked 
| 881|0x00000000e1b00000, 0x00000000e1b00000, 0x00000000e1c00000|  0%| F|  |TAMS 0x00000000e1b00000, 0x00000000e1b00000| Untracked 
| 882|0x00000000e1c00000, 0x00000000e1c00000, 0x00000000e1d00000|  0%| F|  |TAMS 0x00000000e1c00000, 0x00000000e1c00000| Untracked 
| 883|0x00000000e1d00000, 0x00000000e1d00000, 0x00000000e1e00000|  0%| F|  |TAMS 0x00000000e1d00000, 0x00000000e1d00000| Untracked 
| 884|0x00000000e1e00000, 0x00000000e1e00000, 0x00000000e1f00000|  0%| F|  |TAMS 0x00000000e1e00000, 0x00000000e1e00000| Untracked 
| 885|0x00000000e1f00000, 0x00000000e1f00000, 0x00000000e2000000|  0%| F|  |TAMS 0x00000000e1f00000, 0x00000000e1f00000| Untracked 
| 886|0x00000000e2000000, 0x00000000e2000000, 0x00000000e2100000|  0%| F|  |TAMS 0x00000000e2000000, 0x00000000e2000000| Untracked 
| 887|0x00000000e2100000, 0x00000000e2100000, 0x00000000e2200000|  0%| F|  |TAMS 0x00000000e2100000, 0x00000000e2100000| Untracked 
| 888|0x00000000e2200000, 0x00000000e2200000, 0x00000000e2300000|  0%| F|  |TAMS 0x00000000e2200000, 0x00000000e2200000| Untracked 
| 889|0x00000000e2300000, 0x00000000e2300000, 0x00000000e2400000|  0%| F|  |TAMS 0x00000000e2300000, 0x00000000e2300000| Untracked 
| 890|0x00000000e2400000, 0x00000000e2400000, 0x00000000e2500000|  0%| F|  |TAMS 0x00000000e2400000, 0x00000000e2400000| Untracked 
| 891|0x00000000e2500000, 0x00000000e2500000, 0x00000000e2600000|  0%| F|  |TAMS 0x00000000e2500000, 0x00000000e2500000| Untracked 
| 892|0x00000000e2600000, 0x00000000e2600000, 0x00000000e2700000|  0%| F|  |TAMS 0x00000000e2600000, 0x00000000e2600000| Untracked 
| 893|0x00000000e2700000, 0x00000000e2700000, 0x00000000e2800000|  0%| F|  |TAMS 0x00000000e2700000, 0x00000000e2700000| Untracked 
| 894|0x00000000e2800000, 0x00000000e2800000, 0x00000000e2900000|  0%| F|  |TAMS 0x00000000e2800000, 0x00000000e2800000| Untracked 
| 895|0x00000000e2900000, 0x00000000e2900000, 0x00000000e2a00000|  0%| F|  |TAMS 0x00000000e2900000, 0x00000000e2900000| Untracked 
| 896|0x00000000e2a00000, 0x00000000e2a00000, 0x00000000e2b00000|  0%| F|  |TAMS 0x00000000e2a00000, 0x00000000e2a00000| Untracked 
| 897|0x00000000e2b00000, 0x00000000e2b00000, 0x00000000e2c00000|  0%| F|  |TAMS 0x00000000e2b00000, 0x00000000e2b00000| Untracked 
| 898|0x00000000e2c00000, 0x00000000e2c00000, 0x00000000e2d00000|  0%| F|  |TAMS 0x00000000e2c00000, 0x00000000e2c00000| Untracked 
| 899|0x00000000e2d00000, 0x00000000e2d00000, 0x00000000e2e00000|  0%| F|  |TAMS 0x00000000e2d00000, 0x00000000e2d00000| Untracked 
| 900|0x00000000e2e00000, 0x00000000e2e00000, 0x00000000e2f00000|  0%| F|  |TAMS 0x00000000e2e00000, 0x00000000e2e00000| Untracked 
| 901|0x00000000e2f00000, 0x00000000e2f00000, 0x00000000e3000000|  0%| F|  |TAMS 0x00000000e2f00000, 0x00000000e2f00000| Untracked 
| 902|0x00000000e3000000, 0x00000000e3000000, 0x00000000e3100000|  0%| F|  |TAMS 0x00000000e3000000, 0x00000000e3000000| Untracked 
| 903|0x00000000e3100000, 0x00000000e3100000, 0x00000000e3200000|  0%| F|  |TAMS 0x00000000e3100000, 0x00000000e3100000| Untracked 
| 904|0x00000000e3200000, 0x00000000e3200000, 0x00000000e3300000|  0%| F|  |TAMS 0x00000000e3200000, 0x00000000e3200000| Untracked 
| 905|0x00000000e3300000, 0x00000000e3300000, 0x00000000e3400000|  0%| F|  |TAMS 0x00000000e3300000, 0x00000000e3300000| Untracked 
| 906|0x00000000e3400000, 0x00000000e3400000, 0x00000000e3500000|  0%| F|  |TAMS 0x00000000e3400000, 0x00000000e3400000| Untracked 
| 907|0x00000000e3500000, 0x00000000e3500000, 0x00000000e3600000|  0%| F|  |TAMS 0x00000000e3500000, 0x00000000e3500000| Untracked 
| 908|0x00000000e3600000, 0x00000000e3600000, 0x00000000e3700000|  0%| F|  |TAMS 0x00000000e3600000, 0x00000000e3600000| Untracked 
| 909|0x00000000e3700000, 0x00000000e3700000, 0x00000000e3800000|  0%| F|  |TAMS 0x00000000e3700000, 0x00000000e3700000| Untracked 
| 910|0x00000000e3800000, 0x00000000e3800000, 0x00000000e3900000|  0%| F|  |TAMS 0x00000000e3800000, 0x00000000e3800000| Untracked 
| 911|0x00000000e3900000, 0x00000000e3900000, 0x00000000e3a00000|  0%| F|  |TAMS 0x00000000e3900000, 0x00000000e3900000| Untracked 
| 912|0x00000000e3a00000, 0x00000000e3a00000, 0x00000000e3b00000|  0%| F|  |TAMS 0x00000000e3a00000, 0x00000000e3a00000| Untracked 
| 913|0x00000000e3b00000, 0x00000000e3b00000, 0x00000000e3c00000|  0%| F|  |TAMS 0x00000000e3b00000, 0x00000000e3b00000| Untracked 
| 914|0x00000000e3c00000, 0x00000000e3c00000, 0x00000000e3d00000|  0%| F|  |TAMS 0x00000000e3c00000, 0x00000000e3c00000| Untracked 
| 915|0x00000000e3d00000, 0x00000000e3d00000, 0x00000000e3e00000|  0%| F|  |TAMS 0x00000000e3d00000, 0x00000000e3d00000| Untracked 
| 916|0x00000000e3e00000, 0x00000000e3e00000, 0x00000000e3f00000|  0%| F|  |TAMS 0x00000000e3e00000, 0x00000000e3e00000| Untracked 
| 917|0x00000000e3f00000, 0x00000000e3f00000, 0x00000000e4000000|  0%| F|  |TAMS 0x00000000e3f00000, 0x00000000e3f00000| Untracked 
| 918|0x00000000e4000000, 0x00000000e4000000, 0x00000000e4100000|  0%| F|  |TAMS 0x00000000e4000000, 0x00000000e4000000| Untracked 
| 919|0x00000000e4100000, 0x00000000e4100000, 0x00000000e4200000|  0%| F|  |TAMS 0x00000000e4100000, 0x00000000e4100000| Untracked 
| 920|0x00000000e4200000, 0x00000000e4200000, 0x00000000e4300000|  0%| F|  |TAMS 0x00000000e4200000, 0x00000000e4200000| Untracked 
| 921|0x00000000e4300000, 0x00000000e4300000, 0x00000000e4400000|  0%| F|  |TAMS 0x00000000e4300000, 0x00000000e4300000| Untracked 
| 922|0x00000000e4400000, 0x00000000e4400000, 0x00000000e4500000|  0%| F|  |TAMS 0x00000000e4400000, 0x00000000e4400000| Untracked 
| 923|0x00000000e4500000, 0x00000000e4500000, 0x00000000e4600000|  0%| F|  |TAMS 0x00000000e4500000, 0x00000000e4500000| Untracked 
| 924|0x00000000e4600000, 0x00000000e4600000, 0x00000000e4700000|  0%| F|  |TAMS 0x00000000e4600000, 0x00000000e4600000| Untracked 
| 925|0x00000000e4700000, 0x00000000e4700000, 0x00000000e4800000|  0%| F|  |TAMS 0x00000000e4700000, 0x00000000e4700000| Untracked 
| 926|0x00000000e4800000, 0x00000000e4800000, 0x00000000e4900000|  0%| F|  |TAMS 0x00000000e4800000, 0x00000000e4800000| Untracked 
| 927|0x00000000e4900000, 0x00000000e4900000, 0x00000000e4a00000|  0%| F|  |TAMS 0x00000000e4900000, 0x00000000e4900000| Untracked 
| 928|0x00000000e4a00000, 0x00000000e4a00000, 0x00000000e4b00000|  0%| F|  |TAMS 0x00000000e4a00000, 0x00000000e4a00000| Untracked 
| 929|0x00000000e4b00000, 0x00000000e4b00000, 0x00000000e4c00000|  0%| F|  |TAMS 0x00000000e4b00000, 0x00000000e4b00000| Untracked 
| 930|0x00000000e4c00000, 0x00000000e4c00000, 0x00000000e4d00000|  0%| F|  |TAMS 0x00000000e4c00000, 0x00000000e4c00000| Untracked 
| 931|0x00000000e4d00000, 0x00000000e4d00000, 0x00000000e4e00000|  0%| F|  |TAMS 0x00000000e4d00000, 0x00000000e4d00000| Untracked 
| 932|0x00000000e4e00000, 0x00000000e4e00000, 0x00000000e4f00000|  0%| F|  |TAMS 0x00000000e4e00000, 0x00000000e4e00000| Untracked 
| 933|0x00000000e4f00000, 0x00000000e4f00000, 0x00000000e5000000|  0%| F|  |TAMS 0x00000000e4f00000, 0x00000000e4f00000| Untracked 
| 934|0x00000000e5000000, 0x00000000e5000000, 0x00000000e5100000|  0%| F|  |TAMS 0x00000000e5000000, 0x00000000e5000000| Untracked 
| 935|0x00000000e5100000, 0x00000000e5100000, 0x00000000e5200000|  0%| F|  |TAMS 0x00000000e5100000, 0x00000000e5100000| Untracked 
| 936|0x00000000e5200000, 0x00000000e5200000, 0x00000000e5300000|  0%| F|  |TAMS 0x00000000e5200000, 0x00000000e5200000| Untracked 
| 937|0x00000000e5300000, 0x00000000e5300000, 0x00000000e5400000|  0%| F|  |TAMS 0x00000000e5300000, 0x00000000e5300000| Untracked 
| 938|0x00000000e5400000, 0x00000000e5400000, 0x00000000e5500000|  0%| F|  |TAMS 0x00000000e5400000, 0x00000000e5400000| Untracked 
| 939|0x00000000e5500000, 0x00000000e5500000, 0x00000000e5600000|  0%| F|  |TAMS 0x00000000e5500000, 0x00000000e5500000| Untracked 
| 940|0x00000000e5600000, 0x00000000e5600000, 0x00000000e5700000|  0%| F|  |TAMS 0x00000000e5600000, 0x00000000e5600000| Untracked 
| 941|0x00000000e5700000, 0x00000000e5700000, 0x00000000e5800000|  0%| F|  |TAMS 0x00000000e5700000, 0x00000000e5700000| Untracked 
| 942|0x00000000e5800000, 0x00000000e5800000, 0x00000000e5900000|  0%| F|  |TAMS 0x00000000e5800000, 0x00000000e5800000| Untracked 
| 943|0x00000000e5900000, 0x00000000e5900000, 0x00000000e5a00000|  0%| F|  |TAMS 0x00000000e5900000, 0x00000000e5900000| Untracked 
| 944|0x00000000e5a00000, 0x00000000e5a00000, 0x00000000e5b00000|  0%| F|  |TAMS 0x00000000e5a00000, 0x00000000e5a00000| Untracked 
| 945|0x00000000e5b00000, 0x00000000e5b00000, 0x00000000e5c00000|  0%| F|  |TAMS 0x00000000e5b00000, 0x00000000e5b00000| Untracked 
| 946|0x00000000e5c00000, 0x00000000e5c00000, 0x00000000e5d00000|  0%| F|  |TAMS 0x00000000e5c00000, 0x00000000e5c00000| Untracked 
| 947|0x00000000e5d00000, 0x00000000e5d00000, 0x00000000e5e00000|  0%| F|  |TAMS 0x00000000e5d00000, 0x00000000e5d00000| Untracked 
| 948|0x00000000e5e00000, 0x00000000e5e00000, 0x00000000e5f00000|  0%| F|  |TAMS 0x00000000e5e00000, 0x00000000e5e00000| Untracked 
| 949|0x00000000e5f00000, 0x00000000e5f00000, 0x00000000e6000000|  0%| F|  |TAMS 0x00000000e5f00000, 0x00000000e5f00000| Untracked 
| 950|0x00000000e6000000, 0x00000000e6000000, 0x00000000e6100000|  0%| F|  |TAMS 0x00000000e6000000, 0x00000000e6000000| Untracked 
| 951|0x00000000e6100000, 0x00000000e6100000, 0x00000000e6200000|  0%| F|  |TAMS 0x00000000e6100000, 0x00000000e6100000| Untracked 
| 952|0x00000000e6200000, 0x00000000e6200000, 0x00000000e6300000|  0%| F|  |TAMS 0x00000000e6200000, 0x00000000e6200000| Untracked 
| 953|0x00000000e6300000, 0x00000000e6300000, 0x00000000e6400000|  0%| F|  |TAMS 0x00000000e6300000, 0x00000000e6300000| Untracked 
| 954|0x00000000e6400000, 0x00000000e6465fb0, 0x00000000e6500000| 39%| S|CS|TAMS 0x00000000e6400000, 0x00000000e6400000| Complete 
| 955|0x00000000e6500000, 0x00000000e6600000, 0x00000000e6600000|100%| S|CS|TAMS 0x00000000e6500000, 0x00000000e6500000| Complete 
| 956|0x00000000e6600000, 0x00000000e6700000, 0x00000000e6700000|100%| S|CS|TAMS 0x00000000e6600000, 0x00000000e6600000| Complete 
| 957|0x00000000e6700000, 0x00000000e6800000, 0x00000000e6800000|100%| S|CS|TAMS 0x00000000e6700000, 0x00000000e6700000| Complete 
| 958|0x00000000e6800000, 0x00000000e6900000, 0x00000000e6900000|100%| S|CS|TAMS 0x00000000e6800000, 0x00000000e6800000| Complete 
| 959|0x00000000e6900000, 0x00000000e6a00000, 0x00000000e6a00000|100%| S|CS|TAMS 0x00000000e6900000, 0x00000000e6900000| Complete 
| 960|0x00000000e6a00000, 0x00000000e6a00000, 0x00000000e6b00000|  0%| F|  |TAMS 0x00000000e6a00000, 0x00000000e6a00000| Untracked 
| 961|0x00000000e6b00000, 0x00000000e6b00000, 0x00000000e6c00000|  0%| F|  |TAMS 0x00000000e6b00000, 0x00000000e6b00000| Untracked 
| 962|0x00000000e6c00000, 0x00000000e6c00000, 0x00000000e6d00000|  0%| F|  |TAMS 0x00000000e6c00000, 0x00000000e6c00000| Untracked 
| 963|0x00000000e6d00000, 0x00000000e6d00000, 0x00000000e6e00000|  0%| F|  |TAMS 0x00000000e6d00000, 0x00000000e6d00000| Untracked 
| 964|0x00000000e6e00000, 0x00000000e6e00000, 0x00000000e6f00000|  0%| F|  |TAMS 0x00000000e6e00000, 0x00000000e6e00000| Untracked 
| 965|0x00000000e6f00000, 0x00000000e6f00000, 0x00000000e7000000|  0%| F|  |TAMS 0x00000000e6f00000, 0x00000000e6f00000| Untracked 
| 966|0x00000000e7000000, 0x00000000e7000000, 0x00000000e7100000|  0%| F|  |TAMS 0x00000000e7000000, 0x00000000e7000000| Untracked 
| 967|0x00000000e7100000, 0x00000000e7100000, 0x00000000e7200000|  0%| F|  |TAMS 0x00000000e7100000, 0x00000000e7100000| Untracked 
| 968|0x00000000e7200000, 0x00000000e7200000, 0x00000000e7300000|  0%| F|  |TAMS 0x00000000e7200000, 0x00000000e7200000| Untracked 
| 969|0x00000000e7300000, 0x00000000e7300000, 0x00000000e7400000|  0%| F|  |TAMS 0x00000000e7300000, 0x00000000e7300000| Untracked 
| 970|0x00000000e7400000, 0x00000000e7400000, 0x00000000e7500000|  0%| F|  |TAMS 0x00000000e7400000, 0x00000000e7400000| Untracked 
| 971|0x00000000e7500000, 0x00000000e7500000, 0x00000000e7600000|  0%| F|  |TAMS 0x00000000e7500000, 0x00000000e7500000| Untracked 
| 972|0x00000000e7600000, 0x00000000e7600000, 0x00000000e7700000|  0%| F|  |TAMS 0x00000000e7600000, 0x00000000e7600000| Untracked 
| 973|0x00000000e7700000, 0x00000000e7700000, 0x00000000e7800000|  0%| F|  |TAMS 0x00000000e7700000, 0x00000000e7700000| Untracked 
| 974|0x00000000e7800000, 0x00000000e7800000, 0x00000000e7900000|  0%| F|  |TAMS 0x00000000e7800000, 0x00000000e7800000| Untracked 
| 975|0x00000000e7900000, 0x00000000e7900000, 0x00000000e7a00000|  0%| F|  |TAMS 0x00000000e7900000, 0x00000000e7900000| Untracked 
| 976|0x00000000e7a00000, 0x00000000e7a00000, 0x00000000e7b00000|  0%| F|  |TAMS 0x00000000e7a00000, 0x00000000e7a00000| Untracked 
| 977|0x00000000e7b00000, 0x00000000e7b00000, 0x00000000e7c00000|  0%| F|  |TAMS 0x00000000e7b00000, 0x00000000e7b00000| Untracked 
| 978|0x00000000e7c00000, 0x00000000e7c00000, 0x00000000e7d00000|  0%| F|  |TAMS 0x00000000e7c00000, 0x00000000e7c00000| Untracked 
| 979|0x00000000e7d00000, 0x00000000e7d00000, 0x00000000e7e00000|  0%| F|  |TAMS 0x00000000e7d00000, 0x00000000e7d00000| Untracked 
| 980|0x00000000e7e00000, 0x00000000e7e00000, 0x00000000e7f00000|  0%| F|  |TAMS 0x00000000e7e00000, 0x00000000e7e00000| Untracked 
| 981|0x00000000e7f00000, 0x00000000e7f00000, 0x00000000e8000000|  0%| F|  |TAMS 0x00000000e7f00000, 0x00000000e7f00000| Untracked 
| 982|0x00000000e8000000, 0x00000000e8000000, 0x00000000e8100000|  0%| F|  |TAMS 0x00000000e8000000, 0x00000000e8000000| Untracked 
| 983|0x00000000e8100000, 0x00000000e8100000, 0x00000000e8200000|  0%| F|  |TAMS 0x00000000e8100000, 0x00000000e8100000| Untracked 
| 984|0x00000000e8200000, 0x00000000e8200000, 0x00000000e8300000|  0%| F|  |TAMS 0x00000000e8200000, 0x00000000e8200000| Untracked 
| 985|0x00000000e8300000, 0x00000000e8300000, 0x00000000e8400000|  0%| F|  |TAMS 0x00000000e8300000, 0x00000000e8300000| Untracked 
| 986|0x00000000e8400000, 0x00000000e8400000, 0x00000000e8500000|  0%| F|  |TAMS 0x00000000e8400000, 0x00000000e8400000| Untracked 
| 987|0x00000000e8500000, 0x00000000e8500000, 0x00000000e8600000|  0%| F|  |TAMS 0x00000000e8500000, 0x00000000e8500000| Untracked 
| 988|0x00000000e8600000, 0x00000000e8600000, 0x00000000e8700000|  0%| F|  |TAMS 0x00000000e8600000, 0x00000000e8600000| Untracked 
| 989|0x00000000e8700000, 0x00000000e8700000, 0x00000000e8800000|  0%| F|  |TAMS 0x00000000e8700000, 0x00000000e8700000| Untracked 
| 990|0x00000000e8800000, 0x00000000e8800000, 0x00000000e8900000|  0%| F|  |TAMS 0x00000000e8800000, 0x00000000e8800000| Untracked 
| 991|0x00000000e8900000, 0x00000000e8900000, 0x00000000e8a00000|  0%| F|  |TAMS 0x00000000e8900000, 0x00000000e8900000| Untracked 
| 992|0x00000000e8a00000, 0x00000000e8a00000, 0x00000000e8b00000|  0%| F|  |TAMS 0x00000000e8a00000, 0x00000000e8a00000| Untracked 
| 993|0x00000000e8b00000, 0x00000000e8b00000, 0x00000000e8c00000|  0%| F|  |TAMS 0x00000000e8b00000, 0x00000000e8b00000| Untracked 
| 994|0x00000000e8c00000, 0x00000000e8c00000, 0x00000000e8d00000|  0%| F|  |TAMS 0x00000000e8c00000, 0x00000000e8c00000| Untracked 
| 995|0x00000000e8d00000, 0x00000000e8d00000, 0x00000000e8e00000|  0%| F|  |TAMS 0x00000000e8d00000, 0x00000000e8d00000| Untracked 
| 996|0x00000000e8e00000, 0x00000000e8e00000, 0x00000000e8f00000|  0%| F|  |TAMS 0x00000000e8e00000, 0x00000000e8e00000| Untracked 
| 997|0x00000000e8f00000, 0x00000000e8f00000, 0x00000000e9000000|  0%| F|  |TAMS 0x00000000e8f00000, 0x00000000e8f00000| Untracked 
| 998|0x00000000e9000000, 0x00000000e9000000, 0x00000000e9100000|  0%| F|  |TAMS 0x00000000e9000000, 0x00000000e9000000| Untracked 
| 999|0x00000000e9100000, 0x00000000e9100000, 0x00000000e9200000|  0%| F|  |TAMS 0x00000000e9100000, 0x00000000e9100000| Untracked 
|1000|0x00000000e9200000, 0x00000000e9200000, 0x00000000e9300000|  0%| F|  |TAMS 0x00000000e9200000, 0x00000000e9200000| Untracked 
|1001|0x00000000e9300000, 0x00000000e9300000, 0x00000000e9400000|  0%| F|  |TAMS 0x00000000e9300000, 0x00000000e9300000| Untracked 
|1002|0x00000000e9400000, 0x00000000e9400000, 0x00000000e9500000|  0%| F|  |TAMS 0x00000000e9400000, 0x00000000e9400000| Untracked 
|1003|0x00000000e9500000, 0x00000000e9500000, 0x00000000e9600000|  0%| F|  |TAMS 0x00000000e9500000, 0x00000000e9500000| Untracked 
|1004|0x00000000e9600000, 0x00000000e9600000, 0x00000000e9700000|  0%| F|  |TAMS 0x00000000e9600000, 0x00000000e9600000| Untracked 
|1005|0x00000000e9700000, 0x00000000e9700000, 0x00000000e9800000|  0%| F|  |TAMS 0x00000000e9700000, 0x00000000e9700000| Untracked 
|1006|0x00000000e9800000, 0x00000000e9800000, 0x00000000e9900000|  0%| F|  |TAMS 0x00000000e9800000, 0x00000000e9800000| Untracked 
|1007|0x00000000e9900000, 0x00000000e9900000, 0x00000000e9a00000|  0%| F|  |TAMS 0x00000000e9900000, 0x00000000e9900000| Untracked 
|1008|0x00000000e9a00000, 0x00000000e9a00000, 0x00000000e9b00000|  0%| F|  |TAMS 0x00000000e9a00000, 0x00000000e9a00000| Untracked 
|1009|0x00000000e9b00000, 0x00000000e9b00000, 0x00000000e9c00000|  0%| F|  |TAMS 0x00000000e9b00000, 0x00000000e9b00000| Untracked 
|1010|0x00000000e9c00000, 0x00000000e9c2db20, 0x00000000e9d00000| 17%| E|  |TAMS 0x00000000e9c00000, 0x00000000e9c00000| Complete 
|1011|0x00000000e9d00000, 0x00000000e9e00000, 0x00000000e9e00000|100%| E|CS|TAMS 0x00000000e9d00000, 0x00000000e9d00000| Complete 
|1012|0x00000000e9e00000, 0x00000000e9f00000, 0x00000000e9f00000|100%| E|CS|TAMS 0x00000000e9e00000, 0x00000000e9e00000| Complete 
|1013|0x00000000e9f00000, 0x00000000ea000000, 0x00000000ea000000|100%| E|CS|TAMS 0x00000000e9f00000, 0x00000000e9f00000| Complete 
|1014|0x00000000ea000000, 0x00000000ea100000, 0x00000000ea100000|100%| E|CS|TAMS 0x00000000ea000000, 0x00000000ea000000| Complete 
|1015|0x00000000ea100000, 0x00000000ea200000, 0x00000000ea200000|100%| E|CS|TAMS 0x00000000ea100000, 0x00000000ea100000| Complete 
|1016|0x00000000ea200000, 0x00000000ea300000, 0x00000000ea300000|100%| E|CS|TAMS 0x00000000ea200000, 0x00000000ea200000| Complete 
|1017|0x00000000ea300000, 0x00000000ea400000, 0x00000000ea400000|100%| E|CS|TAMS 0x00000000ea300000, 0x00000000ea300000| Complete 
|1018|0x00000000ea400000, 0x00000000ea500000, 0x00000000ea500000|100%| E|CS|TAMS 0x00000000ea400000, 0x00000000ea400000| Complete 
|1019|0x00000000ea500000, 0x00000000ea600000, 0x00000000ea600000|100%| E|CS|TAMS 0x00000000ea500000, 0x00000000ea500000| Complete 
|1020|0x00000000ea600000, 0x00000000ea700000, 0x00000000ea700000|100%| E|CS|TAMS 0x00000000ea600000, 0x00000000ea600000| Complete 
|1021|0x00000000ea700000, 0x00000000ea800000, 0x00000000ea800000|100%| E|CS|TAMS 0x00000000ea700000, 0x00000000ea700000| Complete 
|1022|0x00000000ea800000, 0x00000000ea900000, 0x00000000ea900000|100%| E|CS|TAMS 0x00000000ea800000, 0x00000000ea800000| Complete 
|1023|0x00000000ea900000, 0x00000000eaa00000, 0x00000000eaa00000|100%| E|CS|TAMS 0x00000000ea900000, 0x00000000ea900000| Complete 

Card table byte_map: [0x000000786a600000,0x000000786a800000] _byte_map_base: 0x000000786a0ab000

Marking Bits (Prev, Next): (CMBitMap*) 0x0000007892a41210, (CMBitMap*) 0x0000007892a41250
 Prev Bits: [0x0000007869400000, 0x000000786a400000)
 Next Bits: [0x0000007868400000, 0x0000007869400000)

Polling page: 0x000000793c6bf000

Metaspace:

Usage:
  Non-class:    117.82 MB used.
      Class:     18.96 MB used.
       Both:    136.78 MB used.

Virtual space:
  Non-class space:      128.00 MB reserved,     118.44 MB ( 93%) committed,  2 nodes.
      Class space:        1.00 GB reserved,      19.44 MB (  2%) committed,  1 nodes.
             Both:        1.12 GB reserved,     137.88 MB ( 12%) committed. 

Chunk freelists:
   Non-Class:  9.41 MB
       Class:  12.56 MB
        Both:  21.97 MB

MaxMetaspaceSize: unlimited
CompressedClassSpaceSize: 1.00 GB
Initial GC threshold: 21.00 MB
Current GC threshold: 213.56 MB
CDS: off
MetaspaceReclaimPolicy: balanced
 - commit_granule_bytes: 65536.
 - commit_granule_words: 8192.
 - virtual_space_node_default_size: 8388608.
 - enlarge_chunks_in_place: 1.
 - new_chunks_are_fully_committed: 0.
 - uncommit_free_chunks: 1.
 - use_allocation_guard: 0.
 - handle_deallocations: 1.


Internal statistics:

num_allocs_failed_limit: 24.
num_arena_births: 1756.
num_arena_deaths: 34.
num_vsnodes_births: 3.
num_vsnodes_deaths: 0.
num_space_committed: 2202.
num_space_uncommitted: 0.
num_chunks_returned_to_freelist: 77.
num_chunks_taken_from_freelist: 7034.
num_chunk_merges: 41.
num_chunk_splits: 4720.
num_chunks_enlarged: 3560.
num_inconsistent_stats: 0.

CodeHeap 'non-profiled nmethods': size=259292Kb used=13493Kb max_used=13493Kb free=245798Kb
 bounds [0x000000787b713000, 0x000000787c443000, 0x000000788b44a000]
CodeHeap 'profiled nmethods': size=259292Kb used=43012Kb max_used=44686Kb free=216279Kb
 bounds [0x000000786b44a000, 0x000000786e00a000, 0x000000787b181000]
CodeHeap 'non-nmethods': size=5704Kb used=2439Kb max_used=2584Kb free=3264Kb
 bounds [0x000000787b181000, 0x000000787b421000, 0x000000787b713000]
 total_blobs=23957 nmethods=21821 adapters=2049
 compilation: enabled
              stopped_count=0, restarted_count=0
 full_count=0

Compilation events (20 events):
Event: 379.433 Thread 0x0000007865d9e200 nmethod 33155 0x000000786db82990 code [0x000000786db82b40, 0x000000786db82d08]
Event: 379.433 Thread 0x0000007865d9e200 33182       3       net.minecraft.class_4696::method_23679 (202 bytes)
Event: 379.439 Thread 0x0000007865d9e200 nmethod 33182 0x000000786d0ea890 code [0x000000786d0ead40, 0x000000786d0ecd08]
Event: 379.439 Thread 0x0000007865d9e200 33183       3       me.jellysquid.mods.sodium.client.util.rand.XoRoShiRoRandom::setSeed (109 bytes)
Event: 379.441 Thread 0x0000007865d9e200 nmethod 33183 0x000000786da77310 code [0x000000786da77540, 0x000000786da77b68]
Event: 379.442 Thread 0x0000007865d9e200 33148       3       it.unimi.dsi.fastutil.shorts.Short2ObjectOpenHashMap$MapIterator::<init> (48 bytes)
Event: 379.443 Thread 0x0000007865d9e200 nmethod 33148 0x000000786d5cd490 code [0x000000786d5cd640, 0x000000786d5cd868]
Event: 379.443 Thread 0x0000007865d9e200 33176       2       net.coderbot.iris.compat.sodium.impl.vertex_format.terrain_xhfp.QuadViewTerrain::x (22 bytes)
Event: 379.444 Thread 0x0000007865d9e200 nmethod 33176 0x000000786dcda290 code [0x000000786dcda480, 0x000000786dcda618]
Event: 379.444 Thread 0x0000007865d9e200 33179       2       net.coderbot.iris.compat.sodium.impl.vertex_format.terrain_xhfp.XHFPModelVertexType::decodeBlockTexture (9 bytes)
Event: 379.445 Thread 0x0000007865d9e200 nmethod 33179 0x000000786c819310 code [0x000000786c819500, 0x000000786c819628]
Event: 379.445 Thread 0x0000007865d9e200 33170       3       net.minecraft.class_332$$Lambda$4857/0x0000000200ca5dd8::get (4 bytes)
Event: 379.445 Thread 0x0000007865d9e200 nmethod 33170 0x000000786d18c410 code [0x000000786d18c5c0, 0x000000786d18c758]
Event: 379.445 Thread 0x0000007865d9e200 33184       2       net.coderbot.iris.compat.sodium.impl.vertex_format.terrain_xhfp.XHFPModelVertexBufferWriterUnsafe::writeVertex (81 bytes)
Event: 379.447 Thread 0x0000007865d9e200 nmethod 33184 0x000000786d387790 code [0x000000786d387940, 0x000000786d387b88]
Event: 379.447 Thread 0x0000007865d9e200 33186       2       net.coderbot.iris.vertices.ExtendedDataHelper::packMidBlock (36 bytes)
Event: 379.447 Thread 0x0000007865d9e200 nmethod 33186 0x000000786d1e1910 code [0x000000786d1e1b00, 0x000000786d1e1c28]
Event: 379.447 Thread 0x0000007865d9e200 33187       2       net.coderbot.iris.compat.sodium.impl.vertex_format.terrain_xhfp.XHFPModelVertexBufferWriterUnsafe::writeQuadInternal (503 bytes)
Event: 379.451 Thread 0x0000007865d9e200 nmethod 33187 0x000000786c02aa10 code [0x000000786c02ae00, 0x000000786c02b8f8]
Event: 379.452 Thread 0x0000007865d9e200 33189 %     3       me.jellysquid.mods.sodium.client.render.chunk.tasks.ChunkRenderRebuildTask::performBuild @ 184 (723 bytes)

GC Heap History (20 events):
Event: 342.590 GC heap before
{Heap before GC invocations=220 (full 0):
 garbage-first heap   total 1048576K, used 520542K [0x00000000aaa00000, 0x00000000eaa00000)
  region size 1024K, 64 young (65536K), 5 survivors (5120K)
 Metaspace       used 135805K, committed 136960K, reserved 1179648K
  class space    used 18685K, committed 19200K, reserved 1048576K
}
Event: 342.608 GC heap after
{Heap after GC invocations=221 (full 0):
 garbage-first heap   total 1048576K, used 461581K [0x00000000aaa00000, 0x00000000eaa00000)
  region size 1024K, 5 young (5120K), 5 survivors (5120K)
 Metaspace       used 135805K, committed 136960K, reserved 1179648K
  class space    used 18685K, committed 19200K, reserved 1048576K
}
Event: 345.638 GC heap before
{Heap before GC invocations=221 (full 0):
 garbage-first heap   total 1048576K, used 521997K [0x00000000aaa00000, 0x00000000eaa00000)
  region size 1024K, 64 young (65536K), 5 survivors (5120K)
 Metaspace       used 135889K, committed 137024K, reserved 1179648K
  class space    used 18685K, committed 19200K, reserved 1048576K
}
Event: 345.652 GC heap after
{Heap after GC invocations=222 (full 0):
 garbage-first heap   total 1048576K, used 461880K [0x00000000aaa00000, 0x00000000eaa00000)
  region size 1024K, 5 young (5120K), 5 survivors (5120K)
 Metaspace       used 135889K, committed 137024K, reserved 1179648K
  class space    used 18685K, committed 19200K, reserved 1048576K
}
Event: 349.380 GC heap before
{Heap before GC invocations=222 (full 0):
 garbage-first heap   total 1048576K, used 522296K [0x00000000aaa00000, 0x00000000eaa00000)
  region size 1024K, 64 young (65536K), 5 survivors (5120K)
 Metaspace       used 135919K, committed 137024K, reserved 1179648K
  class space    used 18687K, committed 19200K, reserved 1048576K
}
Event: 349.399 GC heap after
{Heap after GC invocations=223 (full 0):
 garbage-first heap   total 1048576K, used 461864K [0x00000000aaa00000, 0x00000000eaa00000)
  region size 1024K, 4 young (4096K), 4 survivors (4096K)
 Metaspace       used 135919K, committed 137024K, reserved 1179648K
  class space    used 18687K, committed 19200K, reserved 1048576K
}
Event: 353.517 GC heap before
{Heap before GC invocations=223 (full 0):
 garbage-first heap   total 1048576K, used 523304K [0x00000000aaa00000, 0x00000000eaa00000)
  region size 1024K, 64 young (65536K), 4 survivors (4096K)
 Metaspace       used 135957K, committed 137088K, reserved 1179648K
  class space    used 18689K, committed 19200K, reserved 1048576K
}
Event: 353.533 GC heap after
{Heap after GC invocations=224 (full 0):
 garbage-first heap   total 1048576K, used 462114K [0x00000000aaa00000, 0x00000000eaa00000)
  region size 1024K, 4 young (4096K), 4 survivors (4096K)
 Metaspace       used 135957K, committed 137088K, reserved 1179648K
  class space    used 18689K, committed 19200K, reserved 1048576K
}
Event: 358.468 GC heap before
{Heap before GC invocations=224 (full 0):
 garbage-first heap   total 1048576K, used 523554K [0x00000000aaa00000, 0x00000000eaa00000)
  region size 1024K, 64 young (65536K), 4 survivors (4096K)
 Metaspace       used 135968K, committed 137088K, reserved 1179648K
  class space    used 18689K, committed 19200K, reserved 1048576K
}
Event: 358.479 GC heap after
{Heap after GC invocations=225 (full 0):
 garbage-first heap   total 1048576K, used 462049K [0x00000000aaa00000, 0x00000000eaa00000)
  region size 1024K, 4 young (4096K), 4 survivors (4096K)
 Metaspace       used 135968K, committed 137088K, reserved 1179648K
  class space    used 18689K, committed 19200K, reserved 1048576K
}
Event: 362.266 GC heap before
{Heap before GC invocations=225 (full 0):
 garbage-first heap   total 1048576K, used 523489K [0x00000000aaa00000, 0x00000000eaa00000)
  region size 1024K, 64 young (65536K), 4 survivors (4096K)
 Metaspace       used 136002K, committed 137152K, reserved 1179648K
  class space    used 18695K, committed 19200K, reserved 1048576K
}
Event: 362.281 GC heap after
{Heap after GC invocations=226 (full 0):
 garbage-first heap   total 1048576K, used 462505K [0x00000000aaa00000, 0x00000000eaa00000)
  region size 1024K, 4 young (4096K), 4 survivors (4096K)
 Metaspace       used 136002K, committed 137152K, reserved 1179648K
  class space    used 18695K, committed 19200K, reserved 1048576K
}
Event: 365.739 GC heap before
{Heap before GC invocations=226 (full 0):
 garbage-first heap   total 1048576K, used 522921K [0x00000000aaa00000, 0x00000000eaa00000)
  region size 1024K, 64 young (65536K), 4 survivors (4096K)
 Metaspace       used 136018K, committed 137152K, reserved 1179648K
  class space    used 18695K, committed 19200K, reserved 1048576K
}
Event: 365.758 GC heap after
{Heap after GC invocations=227 (full 0):
 garbage-first heap   total 1048576K, used 462878K [0x00000000aaa00000, 0x00000000eaa00000)
  region size 1024K, 4 young (4096K), 4 survivors (4096K)
 Metaspace       used 136018K, committed 137152K, reserved 1179648K
  class space    used 18695K, committed 19200K, reserved 1048576K
}
Event: 367.317 GC heap before
{Heap before GC invocations=227 (full 0):
 garbage-first heap   total 1048576K, used 524318K [0x00000000aaa00000, 0x00000000eaa00000)
  region size 1024K, 64 young (65536K), 4 survivors (4096K)
 Metaspace       used 136368K, committed 137472K, reserved 1179648K
  class space    used 18749K, committed 19264K, reserved 1048576K
}
Event: 367.353 GC heap after
{Heap after GC invocations=228 (full 0):
 garbage-first heap   total 1048576K, used 469550K [0x00000000aaa00000, 0x00000000eaa00000)
  region size 1024K, 8 young (8192K), 8 survivors (8192K)
 Metaspace       used 136368K, committed 137472K, reserved 1179648K
  class space    used 18749K, committed 19264K, reserved 1048576K
}
Event: 370.669 GC heap before
{Heap before GC invocations=228 (full 0):
 garbage-first heap   total 1048576K, used 525870K [0x00000000aaa00000, 0x00000000eaa00000)
  region size 1024K, 64 young (65536K), 8 survivors (8192K)
 Metaspace       used 137489K, committed 138624K, reserved 1179648K
  class space    used 19008K, committed 19520K, reserved 1048576K
}
Event: 370.695 GC heap after
{Heap after GC invocations=229 (full 0):
 garbage-first heap   total 1048576K, used 467061K [0x00000000aaa00000, 0x00000000eaa00000)
  region size 1024K, 5 young (5120K), 5 survivors (5120K)
 Metaspace       used 137489K, committed 138624K, reserved 1179648K
  class space    used 19008K, committed 19520K, reserved 1048576K
}
Event: 377.482 GC heap before
{Heap before GC invocations=229 (full 0):
 garbage-first heap   total 1048576K, used 527477K [0x00000000aaa00000, 0x00000000eaa00000)
  region size 1024K, 64 young (65536K), 5 survivors (5120K)
 Metaspace       used 139658K, committed 140736K, reserved 1179648K
  class space    used 19365K, committed 19840K, reserved 1048576K
}
Event: 377.511 GC heap after
{Heap after GC invocations=230 (full 0):
 garbage-first heap   total 1048576K, used 468196K [0x00000000aaa00000, 0x00000000eaa00000)
  region size 1024K, 6 young (6144K), 6 survivors (6144K)
 Metaspace       used 139658K, committed 140736K, reserved 1179648K
  class space    used 19365K, committed 19840K, reserved 1048576K
}

Dll operation events (20 events):
Event: 0.901 Loaded shared library /data/data/net.kdt.pojavlaunch.firefly/runtimes/Internal-17/lib/libnio.so
Event: 0.920 Loaded shared library /data/data/net.kdt.pojavlaunch.firefly/runtimes/Internal-17/lib/libjimage.so
Event: 0.937 Loaded shared library /data/data/net.kdt.pojavlaunch.firefly/runtimes/Internal-17/lib/libnet.so
Event: 1.042 Loaded shared library /data/data/net.kdt.pojavlaunch.firefly/runtimes/Internal-17/lib/libzip.so
Event: 1.052 Loaded shared library /data/data/net.kdt.pojavlaunch.firefly/runtimes/Internal-17/lib/libawt.so
Event: 1.058 Loaded shared library /data/data/net.kdt.pojavlaunch.firefly/runtimes/Internal-17/lib/libawt_xawt.so
Event: 1.187 Loaded shared library /data/app/net.kdt.pojavlaunch.firefly-0wBDA2ZCbE_1xKdhtTbuwg==/lib/arm64/libpojavexec_awt.so
Event: 1.298 Loaded shared library /data/data/net.kdt.pojavlaunch.firefly/runtimes/Internal-17/lib/libfontmanager.so
Event: 1.497 Loaded shared library /data/data/net.kdt.pojavlaunch.firefly/runtimes/Internal-17/lib/libinstrument.so
Event: 4.782 Loaded shared library /data/data/net.kdt.pojavlaunch.firefly/runtimes/Internal-17/lib/libmanagement.so
Event: 4.795 Loaded shared library /data/data/net.kdt.pojavlaunch.firefly/runtimes/Internal-17/lib/libmanagement_ext.so
Event: 8.914 Loaded shared library /data/data/net.kdt.pojavlaunch.firefly/runtimes/Internal-17/lib/libverify.so
Event: 66.068 Loaded shared library /data/app/net.kdt.pojavlaunch.firefly-0wBDA2ZCbE_1xKdhtTbuwg==/lib/arm64/liblwjgl.so
Event: 67.831 Loaded shared library /data/app/net.kdt.pojavlaunch.firefly-0wBDA2ZCbE_1xKdhtTbuwg==/lib/arm64/libpgw.so
Event: 70.347 Loaded shared library /data/data/net.kdt.pojavlaunch.firefly/runtimes/Internal-17/lib/libextnet.so
Event: 72.439 Loading shared library /data/data/net.kdt.pojavlaunch.firefly/cache/native-14797128935738088022.so failed, dlopen failed: library "libc.so.6" not found
Event: 72.467 Loading shared library /data/data/net.kdt.pojavlaunch.firefly/cache/native-5906435409402557293.so failed, dlopen failed: library "libcrypto.so.1.1" not found
Event: 85.001 Loaded shared library /data/app/net.kdt.pojavlaunch.firefly-0wBDA2ZCbE_1xKdhtTbuwg==/lib/arm64/liblwjgl_opengl.so
Event: 85.535 Loaded shared library /data/app/net.kdt.pojavlaunch.firefly-0wBDA2ZCbE_1xKdhtTbuwg==/lib/arm64/liblwjgl_stb.so
Event: 180.155 Loading shared library /data/data/net.kdt.pojavlaunch.firefly/cache/libzstd-jni-1.5.2-216523844200191568854.so failed, dlopen failed: library "libc.so.6" not found

Deoptimization events (20 events):
Event: 379.403 Thread 0x00000078550d8000 DEOPT PACKING pc=0x000000787c2c5b6c sp=0x00000078953fc720
Event: 379.403 Thread 0x00000078550d8000 DEOPT UNPACKING pc=0x000000787b1c891c sp=0x00000078953fc6a0 mode 2
Event: 379.407 Thread 0x00000078550d8000 Uncommon trap: trap_request=0xffffffde fr.pc=0x000000787c08e0a0 relative=0x0000000000000420
Event: 379.407 Thread 0x00000078550d8000 Uncommon trap: reason=class_check action=maybe_recompile pc=0x000000787c08e0a0 method=net.coderbot.iris.compat.sodium.impl.block_context.BlockContextHolder.set(Lnet/minecraft/class_2680;S)V @ 7 c2
Event: 379.407 Thread 0x00000078550d8000 DEOPT PACKING pc=0x000000787c08e0a0 sp=0x00000078953fca80
Event: 379.407 Thread 0x00000078550d8000 DEOPT UNPACKING pc=0x000000787b1c891c sp=0x00000078953fc930 mode 2
Event: 379.408 Thread 0x00000078550d8000 Uncommon trap: trap_request=0xffffffde fr.pc=0x000000787c2c5b6c relative=0x00000000000012ac
Event: 379.408 Thread 0x00000078550d8000 Uncommon trap: reason=class_check action=maybe_recompile pc=0x000000787c2c5b6c method=me.jellysquid.mods.sodium.client.render.pipeline.BlockRenderer.renderQuadList(Lnet/minecraft/class_1920;Lnet/minecraft/class_2680;Lnet/minecraft/class_2338;Lnet/minecraf
Event: 379.408 Thread 0x00000078550d8000 DEOPT PACKING pc=0x000000787c2c5b6c sp=0x00000078953fc720
Event: 379.408 Thread 0x00000078550d8000 DEOPT UNPACKING pc=0x000000787b1c891c sp=0x00000078953fc6a0 mode 2
Event: 379.409 Thread 0x00000078550d8000 Uncommon trap: trap_request=0xffffffde fr.pc=0x000000787c08e0a0 relative=0x0000000000000420
Event: 379.409 Thread 0x00000078550d8000 Uncommon trap: reason=class_check action=maybe_recompile pc=0x000000787c08e0a0 method=net.coderbot.iris.compat.sodium.impl.block_context.BlockContextHolder.set(Lnet/minecraft/class_2680;S)V @ 7 c2
Event: 379.409 Thread 0x00000078550d8000 DEOPT PACKING pc=0x000000787c08e0a0 sp=0x00000078953fca80
Event: 379.409 Thread 0x00000078550d8000 DEOPT UNPACKING pc=0x000000787b1c891c sp=0x00000078953fc930 mode 2
Event: 379.410 Thread 0x00000078550d8000 Uncommon trap: trap_request=0xffffffde fr.pc=0x000000787c2c5b6c relative=0x00000000000012ac
Event: 379.410 Thread 0x00000078550d8000 Uncommon trap: reason=class_check action=maybe_recompile pc=0x000000787c2c5b6c method=me.jellysquid.mods.sodium.client.render.pipeline.BlockRenderer.renderQuadList(Lnet/minecraft/class_1920;Lnet/minecraft/class_2680;Lnet/minecraft/class_2338;Lnet/minecraf
Event: 379.410 Thread 0x00000078550d8000 DEOPT PACKING pc=0x000000787c2c5b6c sp=0x00000078953fc720
Event: 379.410 Thread 0x00000078550d8000 DEOPT UNPACKING pc=0x000000787b1c891c sp=0x00000078953fc6a0 mode 2
Event: 379.488 Thread 0x00000078959eca00 DEOPT PACKING pc=0x000000786dc94d0c sp=0x00000078915e8c50
Event: 379.488 Thread 0x00000078959eca00 DEOPT UNPACKING pc=0x000000787b1c877c sp=0x00000078915e8890 mode 3

Classes loaded (20 events):
Event: 379.079 Loading class me/jellysquid/mods/sodium/client/render/chunk/shader/ShaderBindingContext
Event: 379.079 Loading class me/jellysquid/mods/sodium/client/render/chunk/shader/ShaderBindingContext done
Event: 379.088 Loading class net/minecraft/class_2960
Event: 379.088 Loading class net/minecraft/class_2960 done
Event: 379.092 Loading class me/jellysquid/mods/sodium/client/gl/shader/uniform/GlUniformMatrix4f
Event: 379.092 Loading class me/jellysquid/mods/sodium/client/gl/shader/uniform/GlUniformMatrix4f done
Event: 379.104 Loading class me/jellysquid/mods/sodium/client/gl/shader/uniform/GlUniformFloat4v
Event: 379.105 Loading class me/jellysquid/mods/sodium/client/gl/shader/uniform/GlUniformFloat4v done
Event: 379.106 Loading class me/jellysquid/mods/sodium/client/gl/shader/uniform/GlUniformFloat
Event: 379.106 Loading class me/jellysquid/mods/sodium/client/gl/shader/uniform/GlUniformFloat done
Event: 379.113 Loading class net/minecraft/class_1044
Event: 379.113 Loading class net/minecraft/class_1044 done
Event: 379.115 Loading class net/minecraft/class_1044
Event: 379.115 Loading class net/minecraft/class_1044 done
Event: 379.117 Loading class net/minecraft/class_1044
Event: 379.117 Loading class net/minecraft/class_1044 done
Event: 379.213 Loading class net/minecraft/class_5944
Event: 379.213 Loading class net/minecraft/class_5944 done
Event: 379.213 Loading class net/minecraft/class_5944
Event: 379.213 Loading class net/minecraft/class_5944 done

Classes unloaded (17 events):
Event: 274.034 Thread 0x000000786abd5000 Unloading class 0x0000000200d81400 'java/lang/invoke/LambdaForm$MH+0x0000000200d81400'
Event: 274.034 Thread 0x000000786abd5000 Unloading class 0x0000000200d81000 'java/lang/invoke/LambdaForm$MH+0x0000000200d81000'
Event: 274.034 Thread 0x000000786abd5000 Unloading class 0x0000000200d80c00 'java/lang/invoke/LambdaForm$MH+0x0000000200d80c00'
Event: 274.034 Thread 0x000000786abd5000 Unloading class 0x0000000200d80800 'java/lang/invoke/LambdaForm$MH+0x0000000200d80800'
Event: 274.034 Thread 0x000000786abd5000 Unloading class 0x0000000200d80000 'java/lang/invoke/LambdaForm$MH+0x0000000200d80000'
Event: 274.034 Thread 0x000000786abd5000 Unloading class 0x0000000200d7a400 'java/lang/invoke/LambdaForm$MH+0x0000000200d7a400'
Event: 274.034 Thread 0x000000786abd5000 Unloading class 0x0000000200d7a000 'java/lang/invoke/LambdaForm$MH+0x0000000200d7a000'
Event: 274.034 Thread 0x000000786abd5000 Unloading class 0x0000000200d79800 'java/lang/invoke/LambdaForm$MH+0x0000000200d79800'
Event: 274.034 Thread 0x000000786abd5000 Unloading class 0x0000000200d79400 'java/lang/invoke/LambdaForm$MH+0x0000000200d79400'
Event: 274.034 Thread 0x000000786abd5000 Unloading class 0x0000000200d79000 'java/lang/invoke/LambdaForm$MH+0x0000000200d79000'
Event: 274.034 Thread 0x000000786abd5000 Unloading class 0x0000000200d71800 'java/lang/invoke/LambdaForm$MH+0x0000000200d71800'
Event: 274.034 Thread 0x000000786abd5000 Unloading class 0x0000000200d6d800 'java/lang/invoke/LambdaForm$MH+0x0000000200d6d800'
Event: 274.034 Thread 0x000000786abd5000 Unloading class 0x0000000200d6d400 'java/lang/invoke/LambdaForm$MH+0x0000000200d6d400'
Event: 274.034 Thread 0x000000786abd5000 Unloading class 0x0000000200d6d000 'java/lang/invoke/LambdaForm$MH+0x0000000200d6d000'
Event: 274.034 Thread 0x000000786abd5000 Unloading class 0x0000000200d6cc00 'java/lang/invoke/LambdaForm$MH+0x0000000200d6cc00'
Event: 274.034 Thread 0x000000786abd5000 Unloading class 0x0000000200d6c800 'java/lang/invoke/LambdaForm$MH+0x0000000200d6c800'
Event: 274.034 Thread 0x000000786abd5000 Unloading class 0x0000000200d60c00 'java/lang/invoke/LambdaForm$MH+0x0000000200d60c00'

Classes redefined (0 events):
No events

Internal exceptions (20 events):
Event: 367.907 Thread 0x00000078389f5600 Exception <a 'sun/nio/fs/UnixException'{0x00000000e880a590}> (0x00000000e880a590) 
thrown [src/hotspot/share/prims/jni.cpp, line 516]
Event: 367.913 Thread 0x00000078389f5600 Exception <a 'sun/nio/fs/UnixException'{0x00000000e8894a80}> (0x00000000e8894a80) 
thrown [src/hotspot/share/prims/jni.cpp, line 516]
Event: 367.919 Thread 0x00000078389f5600 Exception <a 'sun/nio/fs/UnixException'{0x00000000e889e948}> (0x00000000e889e948) 
thrown [src/hotspot/share/prims/jni.cpp, line 516]
Event: 367.925 Thread 0x00000078389f5600 Exception <a 'sun/nio/fs/UnixException'{0x00000000e88a8650}> (0x00000000e88a8650) 
thrown [src/hotspot/share/prims/jni.cpp, line 516]
Event: 367.931 Thread 0x00000078389f5600 Exception <a 'sun/nio/fs/UnixException'{0x00000000e88b26f8}> (0x00000000e88b26f8) 
thrown [src/hotspot/share/prims/jni.cpp, line 516]
Event: 367.937 Thread 0x00000078389f5600 Exception <a 'sun/nio/fs/UnixException'{0x00000000e88bc550}> (0x00000000e88bc550) 
thrown [src/hotspot/share/prims/jni.cpp, line 516]
Event: 367.942 Thread 0x00000078389f5600 Exception <a 'sun/nio/fs/UnixException'{0x00000000e88c68b0}> (0x00000000e88c68b0) 
thrown [src/hotspot/share/prims/jni.cpp, line 516]
Event: 367.947 Thread 0x00000078389f5600 Exception <a 'sun/nio/fs/UnixException'{0x00000000e88d0350}> (0x00000000e88d0350) 
thrown [src/hotspot/share/prims/jni.cpp, line 516]
Event: 367.954 Thread 0x00000078389f5600 Exception <a 'sun/nio/fs/UnixException'{0x00000000e88da1b8}> (0x00000000e88da1b8) 
thrown [src/hotspot/share/prims/jni.cpp, line 516]
Event: 367.959 Thread 0x00000078389f5600 Exception <a 'sun/nio/fs/UnixException'{0x00000000e88e3cc8}> (0x00000000e88e3cc8) 
thrown [src/hotspot/share/prims/jni.cpp, line 516]
Event: 367.965 Thread 0x00000078389f5600 Exception <a 'sun/nio/fs/UnixException'{0x00000000e87001f0}> (0x00000000e87001f0) 
thrown [src/hotspot/share/prims/jni.cpp, line 516]
Event: 369.305 Thread 0x00000078959eca00 Exception <a 'java/lang/NoSuchMethodError'{0x00000000e7aa1a78}: 'java.lang.Object java.lang.invoke.Invokers$Holder.invokeExact_MT(java.lang.Object, java.lang.Object, java.lang.Object, java.lang.Object)'> (0x00000000e7aa1a78) 
thrown [src/hotspot/share/interpreter/linkResolver.cpp, line 759]
Event: 375.054 Thread 0x00000078959eca00 Exception <a 'java/lang/NoSuchMethodError'{0x00000000e83cca08}: 'void java.lang.invoke.DirectMethodHandle$Holder.invokeSpecial(java.lang.Object, java.lang.Object, float)'> (0x00000000e83cca08) 
thrown [src/hotspot/share/interpreter/linkResolver.cpp, line 759]
Event: 375.074 Thread 0x00000078959eca00 Exception <a 'java/lang/NoSuchMethodError'{0x00000000e83e8f10}: 'void java.lang.invoke.DirectMethodHandle$Holder.invokeVirtual(java.lang.Object, java.lang.Object, int)'> (0x00000000e83e8f10) 
thrown [src/hotspot/share/interpreter/linkResolver.cpp, line 759]
Event: 375.679 Thread 0x00000078959eca00 Exception <a 'java/lang/NoSuchMethodError'{0x00000000e7ee1f40}: 'float java.lang.invoke.DirectMethodHandle$Holder.invokeSpecial(java.lang.Object, java.lang.Object)'> (0x00000000e7ee1f40) 
thrown [src/hotspot/share/interpreter/linkResolver.cpp, line 759]
Event: 375.686 Thread 0x00000078959eca00 Exception <a 'java/lang/NoSuchMethodError'{0x00000000e7ef34b0}: 'void java.lang.invoke.DirectMethodHandle$Holder.invokeSpecialIFC(java.lang.Object, java.lang.Object, java.lang.Object, java.lang.Object, int)'> (0x00000000e7ef34b0) 
thrown [src/hotspot/share/interpreter/linkResolver.cpp, line 759]
Event: 375.700 Thread 0x00000078959eca00 Exception <a 'java/lang/NoSuchMethodError'{0x00000000e7d0d410}: 'float java.lang.invoke.DirectMethodHandle$Holder.invokeStatic(java.lang.Object, java.lang.Object)'> (0x00000000e7d0d410) 
thrown [src/hotspot/share/interpreter/linkResolver.cpp, line 759]
Event: 376.359 Thread 0x00000078959eca00 Exception <a 'java/lang/NoSuchMethodError'{0x00000000e758cce8}: 'double java.lang.invoke.DirectMethodHandle$Holder.invokeStatic(java.lang.Object)'> (0x00000000e758cce8) 
thrown [src/hotspot/share/interpreter/linkResolver.cpp, line 759]
Event: 379.082 Thread 0x00000078959eca00 Exception <a 'java/lang/NoSuchMethodError'{0x00000000ea2df000}: 'java.lang.Object java.lang.invoke.DirectMethodHandle$Holder.newInvokeSpecial(java.lang.Object, java.lang.Object, java.lang.Object, java.lang.Object, float)'> (0x00000000ea2df000) 
thrown [src/hotspot/share/interpreter/linkResolver.cpp, line 759]
Event: 379.083 Thread 0x00000078959eca00 Exception <a 'java/lang/NoSuchMethodError'{0x00000000ea2e32f0}: 'java.lang.Object java.lang.invoke.DirectMethodHandle$Holder.invokeSpecial(java.lang.Object, java.lang.Object, java.lang.Object, java.lang.Object, java.lang.Object, float)'> (0x00000000ea2e32f0) 
thrown [src/hotspot/share/interpreter/linkResolver.cpp, line 759]

VM Operations (20 events):
Event: 375.230 Executing VM operation: HandshakeAllThreads
Event: 375.230 Executing VM operation: HandshakeAllThreads done
Event: 376.230 Executing VM operation: Cleanup
Event: 376.231 Executing VM operation: Cleanup done
Event: 376.674 Executing VM operation: HandshakeAllThreads
Event: 376.674 Executing VM operation: HandshakeAllThreads done
Event: 376.674 Executing VM operation: HandshakeAllThreads
Event: 376.675 Executing VM operation: HandshakeAllThreads done
Event: 376.855 Executing VM operation: ICBufferFull
Event: 376.858 Executing VM operation: ICBufferFull done
Event: 377.482 Executing VM operation: G1CollectForAllocation
Event: 377.511 Executing VM operation: G1CollectForAllocation done
Event: 378.511 Executing VM operation: Cleanup
Event: 378.511 Executing VM operation: Cleanup done
Event: 378.794 Executing VM operation: HandshakeAllThreads
Event: 378.801 Executing VM operation: HandshakeAllThreads done
Event: 379.193 Executing VM operation: HandshakeAllThreads
Event: 379.194 Executing VM operation: HandshakeAllThreads done
Event: 379.387 Executing VM operation: HandshakeAllThreads
Event: 379.387 Executing VM operation: HandshakeAllThreads done

Memory protections (20 events):
Event: 254.207 Protecting memory [0x000000782a808000,0x000000782a80c000] with protection modes 0
Event: 254.388 Protecting memory [0x000000782a609000,0x000000782a60d000] with protection modes 0
Event: 254.719 Protecting memory [0x000000782a40a000,0x000000782a40e000] with protection modes 0
Event: 254.844 Protecting memory [0x000000782a20b000,0x000000782a20f000] with protection modes 0
Event: 254.989 Protecting memory [0x000000782a00c000,0x000000782a010000] with protection modes 0
Event: 255.060 Protecting memory [0x0000007829e0d000,0x0000007829e11000] with protection modes 0
Event: 255.241 Protecting memory [0x0000007829c0e000,0x0000007829c12000] with protection modes 0
Event: 255.351 Protecting memory [0x0000007829a0f000,0x0000007829a13000] with protection modes 0
Event: 255.571 Protecting memory [0x0000007829810000,0x0000007829814000] with protection modes 0
Event: 255.764 Protecting memory [0x0000007829611000,0x0000007829615000] with protection modes 0
Event: 255.883 Protecting memory [0x0000007829412000,0x0000007829416000] with protection modes 0
Event: 255.953 Protecting memory [0x0000007829213000,0x0000007829217000] with protection modes 0
Event: 266.815 Protecting memory [0x000000784f207000,0x000000784f20b000] with protection modes 0
Event: 266.851 Protecting memory [0x0000007828201000,0x0000007828205000] with protection modes 0
Event: 268.422 Protecting memory [0x0000007828002000,0x0000007828006000] with protection modes 0
Event: 269.980 Protecting memory [0x00000078951ff000,0x0000007895203000] with protection modes 0
Event: 269.981 Protecting memory [0x0000007827e03000,0x0000007827e07000] with protection modes 0
Event: 270.775 Protecting memory [0x0000007827c04000,0x0000007827c08000] with protection modes 0
Event: 271.569 Protecting memory [0x0000007827a05000,0x0000007827a09000] with protection modes 0
Event: 378.815 Protecting memory [0x00000078951ff000,0x0000007895203000] with protection modes 0

Nmethod flushes (20 events):
Event: 368.089 Thread 0x0000007865d9e800 flushing  nmethod 0x000000786dee3990
Event: 368.091 Thread 0x0000007865d9e800 flushing  nmethod 0x000000786df6f110
Event: 368.093 Thread 0x0000007865d9e800 flushing  nmethod 0x000000786dfd0310
Event: 368.093 Thread 0x0000007865d9e800 flushing  nmethod 0x000000786dfd2d90
Event: 368.093 Thread 0x0000007865d9e800 flushing  nmethod 0x000000786dfd4810
Event: 376.771 Thread 0x0000007865d9e800 flushing  nmethod 0x000000786c59d010
Event: 376.773 Thread 0x0000007865d9e800 flushing  nmethod 0x000000786c65f610
Event: 376.778 Thread 0x0000007865d9e800 flushing  nmethod 0x000000786c77b910
Event: 376.782 Thread 0x0000007865d9e800 flushing  nmethod 0x000000786c8d9010
Event: 376.786 Thread 0x0000007865d9e800 flushing  nmethod 0x000000786ca3fc90
Event: 376.806 Thread 0x0000007865d9e800 flushing  nmethod 0x000000786d023e10
Event: 376.806 Thread 0x0000007865d9e800 flushing  nmethod 0x000000786d030b10
Event: 376.847 Thread 0x0000007865d9e800 flushing  nmethod 0x000000786dc83c10
Event: 376.860 Thread 0x0000007865d9e800 flushing  nmethod 0x000000786dfd0790
Event: 376.861 Thread 0x0000007865d9e800 flushing  nmethod 0x000000786dfd5090
Event: 376.861 Thread 0x0000007865d9e800 flushing  nmethod 0x000000786dfd5690
Event: 376.861 Thread 0x0000007865d9e800 flushing  nmethod 0x000000786dfd5b10
Event: 376.861 Thread 0x0000007865d9e800 flushing  nmethod 0x000000786dfd6d10
Event: 376.861 Thread 0x0000007865d9e800 flushing  nmethod 0x000000786dfd7a10
Event: 376.861 Thread 0x0000007865d9e800 flushing  nmethod 0x000000786dfdac90

Events (20 events):
Event: 269.978 Thread 0x00000078959eca00 Thread added: 0x00000078550d8000
Event: 269.981 Thread 0x00000078959eca00 Thread added: 0x00000078550d8c00
Event: 270.770 Thread 0x000000783e7f9e00 Thread added: 0x0000007855854c00
Event: 271.568 Thread 0x0000007839ddc400 Thread added: 0x000000783584d600
Event: 284.488 Thread 0x0000007832c49800 Thread exited: 0x0000007832c49800
Event: 284.844 Thread 0x000000782cbac600 Thread exited: 0x000000782cbac600
Event: 284.863 Thread 0x0000007833d0f600 Thread exited: 0x0000007833d0f600
Event: 285.034 Thread 0x0000007833d0fc00 Thread exited: 0x0000007833d0fc00
Event: 285.152 Thread 0x0000007833d10e00 Thread exited: 0x0000007833d10e00
Event: 285.270 Thread 0x000000782c77da00 Thread exited: 0x000000782c77da00
Event: 285.363 Thread 0x000000782c179000 Thread exited: 0x000000782c179000
Event: 285.596 Thread 0x0000007832d8a600 Thread exited: 0x0000007832d8a600
Event: 285.785 Thread 0x0000007832d8ac00 Thread exited: 0x0000007832d8ac00
Event: 285.921 Thread 0x000000782c9da200 Thread exited: 0x000000782c9da200
Event: 285.976 Thread 0x0000007832d8ca00 Thread exited: 0x0000007832d8ca00
Event: 287.266 Thread 0x000000783a1d9600 Thread exited: 0x000000783a1d9600
Event: 324.684 Thread 0x000000785263ac00 Thread exited: 0x000000785263ac00
Event: 378.769 Thread 0x00000078550d8c00 Thread exited: 0x00000078550d8c00
Event: 378.769 Thread 0x00000078550d8000 Thread exited: 0x00000078550d8000
Event: 378.809 Thread 0x00000078959eca00 Thread added: 0x00000078550d8000


Dynamic libraries:
12c00000-157c0000 rw-p 00000000 00:01 27856                              /dev/ashmem/dalvik-main space (region space) (deleted)
157c0000-16540000 rw-p 02bc0000 00:01 27856                              /dev/ashmem/dalvik-main space (region space) (deleted)
16540000-165c0000 ---p 03940000 00:01 27856                              /dev/ashmem/dalvik-main space (region space) (deleted)
165c0000-16700000 rw-p 039c0000 00:01 27856                              /dev/ashmem/dalvik-main space (region space) (deleted)
16700000-16740000 ---p 03b00000 00:01 27856                              /dev/ashmem/dalvik-main space (region space) (deleted)
16740000-16780000 rw-p 03b40000 00:01 27856                              /dev/ashmem/dalvik-main space (region space) (deleted)
16780000-1df40000 ---p 03b80000 00:01 27856                              /dev/ashmem/dalvik-main space (region space) (deleted)
1df40000-1df80000 rw-p 0b340000 00:01 27856                              /dev/ashmem/dalvik-main space (region space) (deleted)
1df80000-1dfc0000 ---p 0b380000 00:01 27856                              /dev/ashmem/dalvik-main space (region space) (deleted)
1dfc0000-1e000000 rw-p 0b3c0000 00:01 27856                              /dev/ashmem/dalvik-main space (region space) (deleted)
1e000000-1e040000 ---p 0b400000 00:01 27856                              /dev/ashmem/dalvik-main space (region space) (deleted)
1e040000-52c00000 rw-p 0b440000 00:01 27856                              /dev/ashmem/dalvik-main space (region space) (deleted)
70d9d000-70dab000 rw-p 00000000 fd:00 794676                             /data/dalvik-cache/arm64/system@framework@boot.art
70dab000-70dae000 rw-p 00000000 fd:00 794677                             /data/dalvik-cache/arm64/system@framework@boot-QPerformance.art
70dae000-70fdd000 rw-p 00000000 fd:00 794678                             /data/dalvik-cache/arm64/system@framework@boot-core-oj.art
70fdd000-710a2000 rw-p 00000000 fd:00 794679                             /data/dalvik-cache/arm64/system@framework@boot-core-libart.art
710a2000-710ec000 rw-p 00000000 fd:00 794680                             /data/dalvik-cache/arm64/system@framework@boot-conscrypt.art
710ec000-71118000 rw-p 00000000 fd:00 794681                             /data/dalvik-cache/arm64/system@framework@boot-okhttp.art
71118000-71149000 rw-p 00000000 fd:00 794682                             /data/dalvik-cache/arm64/system@framework@boot-bouncycastle.art
71149000-71159000 rw-p 00000000 fd:00 794683                             /data/dalvik-cache/arm64/system@framework@boot-apache-xml.art
71159000-7115e000 rw-p 00000000 fd:00 794684                             /data/dalvik-cache/arm64/system@framework@boot-legacy-test.art
7115e000-71189000 rw-p 00000000 fd:00 794685                             /data/dalvik-cache/arm64/system@framework@boot-ext.art
71189000-717e3000 rw-p 00000000 fd:00 794686                             /data/dalvik-cache/arm64/system@framework@boot-framework.art
717e3000-71833000 rw-p 00000000 fd:00 794736                             /data/dalvik-cache/arm64/system@framework@boot-telephony-common.art
71833000-7183e000 rw-p 00000000 fd:00 794738                             /data/dalvik-cache/arm64/system@framework@boot-voip-common.art
7183e000-71849000 rw-p 00000000 fd:00 794739                             /data/dalvik-cache/arm64/system@framework@boot-ims-common.art
71849000-71870000 rw-p 00000000 fd:00 794741                             /data/dalvik-cache/arm64/system@framework@boot-org.apache.http.legacy.boot.art
71870000-71872000 rw-p 00000000 fd:00 794743                             /data/dalvik-cache/arm64/system@framework@boot-android.hidl.base-V1.0-java.art
71872000-71875000 rw-p 00000000 fd:00 794745                             /data/dalvik-cache/arm64/system@framework@boot-android.hidl.manager-V1.0-java.art
71875000-71895000 rw-p 00000000 fd:00 794747                             /data/dalvik-cache/arm64/system@framework@boot-oppo-framework.art
71895000-71896000 rw-p 00000000 fd:00 794749                             /data/dalvik-cache/arm64/system@framework@boot-ifaamanager.art
71896000-71897000 rw-p 00000000 fd:00 794751                             /data/dalvik-cache/arm64/system@framework@boot-tcmiface.art
71897000-7189f000 rw-p 00000000 fd:00 794753                             /data/dalvik-cache/arm64/system@framework@boot-WfdCommon.art
7189f000-718a0000 rw-p 00000000 fd:00 794755                             /data/dalvik-cache/arm64/system@framework@boot-oem-services.art
718a0000-718a6000 rw-p 00000000 fd:00 794757                             /data/dalvik-cache/arm64/system@framework@boot-qcom.fmradio.art
718a6000-718a8000 rw-p 00000000 fd:00 794758                             /data/dalvik-cache/arm64/system@framework@boot-telephony-ext.art
718a8000-718ab000 r--p 00000000 103:1f 346                               /system/framework/arm64/boot.oat
718ab000-718ac000 r-xp 00003000 103:1f 346                               /system/framework/arm64/boot.oat
718ac000-718ad000 r--p 00004000 103:1f 346                               /system/framework/arm64/boot.oat
718ad000-718ae000 rw-p 00005000 103:1f 346                               /system/framework/arm64/boot.oat
718ae000-718b1000 r--p 00000000 103:1f 284                               /system/framework/arm64/boot-QPerformance.oat
718b1000-718b2000 r-xp 00003000 103:1f 284                               /system/framework/arm64/boot-QPerformance.oat
718b2000-718b3000 r--p 00004000 103:1f 284                               /system/framework/arm64/boot-QPerformance.oat
718b3000-718b4000 rw-p 00005000 103:1f 284                               /system/framework/arm64/boot-QPerformance.oat
718b4000-71a8f000 r--p 00000000 103:1f 307                               /system/framework/arm64/boot-core-oj.oat
71a8f000-720ca000 r-xp 001db000 103:1f 307                               /system/framework/arm64/boot-core-oj.oat
720ca000-720cc000 rw-p 00000000 00:00 0                                  [anon:.bss]
720cc000-720cd000 r--p 00816000 103:1f 307                               /system/framework/arm64/boot-core-oj.oat
720cd000-720ce000 rw-p 00817000 103:1f 307                               /system/framework/arm64/boot-core-oj.oat
720ce000-721a5000 r--p 00000000 103:1f 304                               /system/framework/arm64/boot-core-libart.oat
721a5000-72425000 r-xp 000d7000 103:1f 304                               /system/framework/arm64/boot-core-libart.oat
72425000-72427000 rw-p 00000000 00:00 0                                  [anon:.bss]
72427000-72428000 r--p 00357000 103:1f 304                               /system/framework/arm64/boot-core-libart.oat
72428000-72429000 rw-p 00358000 103:1f 304                               /system/framework/arm64/boot-core-libart.oat
72429000-72447000 r--p 00000000 103:1f 302                               /system/framework/arm64/boot-conscrypt.oat
72447000-7249d000 r-xp 0001e000 103:1f 302                               /system/framework/arm64/boot-conscrypt.oat
7249d000-7249e000 rw-p 00000000 00:00 0                                  [anon:.bss]
7249e000-7249f000 r--p 00074000 103:1f 302                               /system/framework/arm64/boot-conscrypt.oat
7249f000-724a0000 rw-p 00075000 103:1f 302                               /system/framework/arm64/boot-conscrypt.oat
724a0000-724c7000 r--p 00000000 103:1f 322                               /system/framework/arm64/boot-okhttp.oat
724c7000-72536000 r-xp 00027000 103:1f 322                               /system/framework/arm64/boot-okhttp.oat
72536000-72537000 rw-p 00000000 00:00 0                                  [anon:.bss]
72537000-72538000 r--p 00096000 103:1f 322                               /system/framework/arm64/boot-okhttp.oat
72538000-72539000 rw-p 00097000 103:1f 322                               /system/framework/arm64/boot-okhttp.oat
72539000-72557000 r--p 00000000 103:1f 777                               /system/framework/arm64/boot-bouncycastle.oat
72557000-725ae000 r-xp 0001e000 103:1f 777                               /system/framework/arm64/boot-bouncycastle.oat
725ae000-725af000 rw-p 00000000 00:00 0                                  [anon:.bss]
725af000-725b0000 r--p 00075000 103:1f 777                               /system/framework/arm64/boot-bouncycastle.oat
725b0000-725b1000 rw-p 00076000 103:1f 777                               /system/framework/arm64/boot-bouncycastle.oat
725b1000-725b8000 r--p 00000000 103:1f 296                               /system/framework/arm64/boot-apache-xml.oat
725b8000-725b9000 r-xp 00007000 103:1f 296                               /system/framework/arm64/boot-apache-xml.oat
725b9000-725ba000 r--p 00008000 103:1f 296                               /system/framework/arm64/boot-apache-xml.oat
725ba000-725bb000 rw-p 00009000 103:1f 296                               /system/framework/arm64/boot-apache-xml.oat
725bb000-725bf000 r--p 00000000 103:1f 318                               /system/framework/arm64/boot-legacy-test.oat
725bf000-725c2000 r-xp 00004000 103:1f 318                               /system/framework/arm64/boot-legacy-test.oat
725c2000-725c3000 rw-p 00000000 00:00 0                                  [anon:.bss]
725c3000-725c4000 r--p 00007000 103:1f 318                               /system/framework/arm64/boot-legacy-test.oat
725c4000-725c5000 rw-p 00008000 103:1f 318                               /system/framework/arm64/boot-legacy-test.oat
725c5000-725d8000 r--p 00000000 103:1f 309                               /system/framework/arm64/boot-ext.oat
725d8000-72606000 r-xp 00013000 103:1f 309                               /system/framework/arm64/boot-ext.oat
72606000-72607000 rw-p 00000000 00:00 0                                  [anon:.bss]
72607000-72608000 r--p 00041000 103:1f 309                               /system/framework/arm64/boot-ext.oat
72608000-72609000 rw-p 00042000 103:1f 309                               /system/framework/arm64/boot-ext.oat
72609000-72c63000 r--p 00000000 103:1f 311                               /system/framework/arm64/boot-framework.oat
72c63000-73e99000 r-xp 0065a000 103:1f 311                               /system/framework/arm64/boot-framework.oat
73e99000-73ea3000 rw-p 00000000 00:00 0                                  [anon:.bss]
73ea3000-73ea4000 r--p 01890000 103:1f 311                               /system/framework/arm64/boot-framework.oat
73ea4000-73ea5000 rw-p 01891000 103:1f 311                               /system/framework/arm64/boot-framework.oat
73ea5000-73f86000 r--p 00000000 103:1f 338                               /system/framework/arm64/boot-telephony-common.oat
73f86000-74207000 r-xp 000e1000 103:1f 338                               /system/framework/arm64/boot-telephony-common.oat
74207000-7420a000 rw-p 00000000 00:00 0                                  [anon:.bss]
7420a000-7420b000 r--p 00362000 103:1f 338                               /system/framework/arm64/boot-telephony-common.oat
7420b000-7420c000 rw-p 00363000 103:1f 338                               /system/framework/arm64/boot-telephony-common.oat
7420c000-74214000 r--p 00000000 103:1f 799                               /system/framework/arm64/boot-voip-common.oat
74214000-74221000 r-xp 00008000 103:1f 799                               /system/framework/arm64/boot-voip-common.oat
74221000-74222000 rw-p 00000000 00:00 0                                  [anon:.bss]
74222000-74223000 r--p 00015000 103:1f 799                               /system/framework/arm64/boot-voip-common.oat
74223000-74224000 rw-p 00016000 103:1f 799                               /system/framework/arm64/boot-voip-common.oat
74224000-7422d000 r--p 00000000 103:1f 316                               /system/framework/arm64/boot-ims-common.oat
7422d000-74241000 r-xp 00009000 103:1f 316                               /system/framework/arm64/boot-ims-common.oat
74241000-74242000 rw-p 00000000 00:00 0                                  [anon:.bss]
74242000-74243000 r--p 0001d000 103:1f 316                               /system/framework/arm64/boot-ims-common.oat
74243000-74244000 rw-p 0001e000 103:1f 316                               /system/framework/arm64/boot-ims-common.oat
74244000-7426c000 r--p 00000000 103:1f 783                               /system/framework/arm64/boot-org.apache.http.legacy.boot.oat
7426c000-742de000 r-xp 00028000 103:1f 783                               /system/framework/arm64/boot-org.apache.http.legacy.boot.oat
742de000-742df000 rw-p 00000000 00:00 0                                  [anon:.bss]
742df000-742e0000 r--p 0009a000 103:1f 783                               /system/framework/arm64/boot-org.apache.http.legacy.boot.oat
742e0000-742e1000 rw-p 0009b000 103:1f 783                               /system/framework/arm64/boot-org.apache.http.legacy.boot.oat
742e1000-742e4000 r--p 00000000 103:1f 289                               /system/framework/arm64/boot-android.hidl.base-V1.0-java.oat
742e4000-742e5000 r-xp 00003000 103:1f 289                               /system/framework/arm64/boot-android.hidl.base-V1.0-java.oat
742e5000-742e6000 r--p 00004000 103:1f 289                               /system/framework/arm64/boot-android.hidl.base-V1.0-java.oat
742e6000-742e7000 rw-p 00005000 103:1f 289                               /system/framework/arm64/boot-android.hidl.base-V1.0-java.oat
742e7000-742eb000 r--p 00000000 103:1f 292                               /system/framework/arm64/boot-android.hidl.manager-V1.0-java.oat
742eb000-742ef000 r-xp 00004000 103:1f 292                               /system/framework/arm64/boot-android.hidl.manager-V1.0-java.oat
742ef000-742f0000 rw-p 00000000 00:00 0                                  [anon:.bss]
742f0000-742f1000 r--p 00008000 103:1f 292                               /system/framework/arm64/boot-android.hidl.manager-V1.0-java.oat
742f1000-742f2000 rw-p 00009000 103:1f 292                               /system/framework/arm64/boot-android.hidl.manager-V1.0-java.oat
742f2000-742f7000 r--p 00000000 103:1f 325                               /system/framework/arm64/boot-oppo-framework.oat
742f7000-742f8000 r-xp 00005000 103:1f 325                               /system/framework/arm64/boot-oppo-framework.oat
742f8000-742f9000 r--p 00006000 103:1f 325                               /system/framework/arm64/boot-oppo-framework.oat
742f9000-742fa000 rw-p 00007000 103:1f 325                               /system/framework/arm64/boot-oppo-framework.oat
742fa000-742fd000 r--p 00000000 103:1f 314                               /system/framework/arm64/boot-ifaamanager.oat
742fd000-742fe000 r-xp 00003000 103:1f 314                               /system/framework/arm64/boot-ifaamanager.oat
742fe000-742ff000 r--p 00004000 103:1f 314                               /system/framework/arm64/boot-ifaamanager.oat
742ff000-74300000 rw-p 00005000 103:1f 314                               /system/framework/arm64/boot-ifaamanager.oat
74300000-74303000 r--p 00000000 103:1f 333                               /system/framework/arm64/boot-tcmiface.oat
74303000-74304000 r-xp 00003000 103:1f 333                               /system/framework/arm64/boot-tcmiface.oat
74304000-74305000 r--p 00004000 103:1f 333                               /system/framework/arm64/boot-tcmiface.oat
74305000-74306000 rw-p 00005000 103:1f 333                               /system/framework/arm64/boot-tcmiface.oat
74306000-74309000 r--p 00000000 103:1f 287                               /system/framework/arm64/boot-WfdCommon.oat
74309000-7430a000 r-xp 00003000 103:1f 287                               /system/framework/arm64/boot-WfdCommon.oat
7430a000-7430b000 r--p 00004000 103:1f 287                               /system/framework/arm64/boot-WfdCommon.oat
7430b000-7430c000 rw-p 00005000 103:1f 287                               /system/framework/arm64/boot-WfdCommon.oat
7430c000-7430f000 r--p 00000000 103:1f 320                               /system/framework/arm64/boot-oem-services.oat
7430f000-74310000 r-xp 00003000 103:1f 320                               /system/framework/arm64/boot-oem-services.oat
74310000-74311000 r--p 00004000 103:1f 320                               /system/framework/arm64/boot-oem-services.oat
74311000-74312000 rw-p 00005000 103:1f 320                               /system/framework/arm64/boot-oem-services.oat
74312000-74315000 r--p 00000000 103:1f 331                               /system/framework/arm64/boot-qcom.fmradio.oat
74315000-74316000 r-xp 00003000 103:1f 331                               /system/framework/arm64/boot-qcom.fmradio.oat
74316000-74317000 r--p 00004000 103:1f 331                               /system/framework/arm64/boot-qcom.fmradio.oat
74317000-74318000 rw-p 00005000 103:1f 331                               /system/framework/arm64/boot-qcom.fmradio.oat
74318000-7431b000 r--p 00000000 103:1f 345                               /system/framework/arm64/boot-telephony-ext.oat
7431b000-7431c000 r-xp 00003000 103:1f 345                               /system/framework/arm64/boot-telephony-ext.oat
7431c000-7431d000 r--p 00004000 103:1f 345                               /system/framework/arm64/boot-telephony-ext.oat
7431d000-7431e000 rw-p 00005000 103:1f 345                               /system/framework/arm64/boot-telephony-ext.oat
7431e000-743b3000 rw-p 00000000 00:01 27853                              /dev/ashmem/dalvik-zygote space (deleted)
743b3000-743b4000 rw-p 00000000 00:01 33638                              /dev/ashmem/dalvik-non moving space (deleted)
743b4000-743d8000 rw-p 00001000 00:01 33638                              /dev/ashmem/dalvik-non moving space (deleted)
743d8000-7731f000 ---p 00025000 00:01 33638                              /dev/ashmem/dalvik-non moving space (deleted)
7731f000-7831e000 rw-p 02f6c000 00:01 33638                              /dev/ashmem/dalvik-non moving space (deleted)
7831e000-9831e000 rw-p 00000000 00:01 27858                              /dev/ashmem/dalvik-free list large object space (deleted)
9831e000-9a31e000 rw-p 00000000 00:01 153839478                          /dev/ashmem/dalvik-data-code-cache (deleted)
9a31e000-9c31e000 r-xp 00000000 00:01 153839479                          /dev/ashmem/dalvik-jit-code-cache (deleted)
9c31e000-9c59a000 rw-p 00000000 00:01 153839499                          /dev/ashmem/dalvik-/data/app/net.kdt.pojavlaunch.firefly-0wBDA2ZCbE_1xKdhtTbuwg==/oat/arm64/base.art (deleted)
9c59a000-9c5b5000 ---p 0027c000 00:01 153839499                          /dev/ashmem/dalvik-/data/app/net.kdt.pojavlaunch.firefly-0wBDA2ZCbE_1xKdhtTbuwg==/oat/arm64/base.art (deleted)
9c5b5000-9c5bd000 rw-p 00297000 00:01 153839499                          /dev/ashmem/dalvik-/data/app/net.kdt.pojavlaunch.firefly-0wBDA2ZCbE_1xKdhtTbuwg==/oat/arm64/base.art (deleted)
aaa00000-eaa00000 rw-p 00000000 00:00 0 
ebad6000-ebad7000 ---p 00000000 00:01 27775                              /dev/ashmem/dalvik-Sentinel fault page (deleted)
200000000-200020000 rw-p 00000000 00:00 0 
200020000-200040000 rw-p 00000000 00:00 0 
200040000-2000c0000 rw-p 00000000 00:00 0 
2000c0000-2000e0000 rw-p 00000000 00:00 0 
2000e0000-200140000 rw-p 00000000 00:00 0 
200140000-200200000 rw-p 00000000 00:00 0 
200200000-200240000 rw-p 00000000 00:00 0 
200240000-2002c0000 rw-p 00000000 00:00 0 
2002c0000-200300000 rw-p 00000000 00:00 0 
200300000-200940000 rw-p 00000000 00:00 0 
200940000-200a40000 rw-p 00000000 00:00 0 
200a40000-200a80000 rw-p 00000000 00:00 0 
200a80000-201370000 rw-p 00000000 00:00 0 
201370000-240000000 ---p 00000000 00:00 0 
7ed770000-7edbb0000 rw-s 0034d000 00:0e 16605                            /dev/kgsl-3d0
7edbb0000-7edff0000 rw-s 0034c000 00:0e 16605                            /dev/kgsl-3d0
7edff0000-7ee430000 rw-s 00346000 00:0e 16605                            /dev/kgsl-3d0
7ee430000-7ee880000 rw-s 00345000 00:0e 16605                            /dev/kgsl-3d0
7ee880000-7eecd0000 rw-s 00344000 00:0e 16605                            /dev/kgsl-3d0
7eecd0000-7ef120000 rw-s 00343000 00:0e 16605                            /dev/kgsl-3d0
7ef120000-7ef570000 rw-s 00342000 00:0e 16605                            /dev/kgsl-3d0
7ef570000-7ef9c0000 rw-s 00341000 00:0e 16605                            /dev/kgsl-3d0
7ef9c0000-7efe00000 rw-s 00340000 00:0e 16605                            /dev/kgsl-3d0
7efe00000-7f0240000 rw-s 0033f000 00:0e 16605                            /dev/kgsl-3d0
7f0240000-7f0680000 rw-s 0033e000 00:0e 16605                            /dev/kgsl-3d0
7f0680000-7f0ad0000 rw-s 0033d000 00:0e 16605                            /dev/kgsl-3d0
7f0ad0000-7f0f20000 rw-s 0033c000 00:0e 16605                            /dev/kgsl-3d0
7f0f20000-7f1370000 rw-s 0033b000 00:0e 16605                            /dev/kgsl-3d0
7f1370000-7f17c0000 rw-s 0033a000 00:0e 16605                            /dev/kgsl-3d0
7f17c0000-7f1c10000 rw-s 00339000 00:0e 16605                            /dev/kgsl-3d0
7f1c10000-7f2050000 rw-s 0026e000 00:0e 16605                            /dev/kgsl-3d0
7f2050000-7f2490000 rw-s 00227000 00:0e 16605                            /dev/kgsl-3d0
7f2490000-7f28d0000 rw-s 00223000 00:0e 16605                            /dev/kgsl-3d0
7f28d0000-7f2d20000 rw-s 0021f000 00:0e 16605                            /dev/kgsl-3d0
7f2d20000-7f3170000 rw-s 00217000 00:0e 16605                            /dev/kgsl-3d0
7f3170000-7f35c0000 rw-s 00214000 00:0e 16605                            /dev/kgsl-3d0
7f35c0000-7f3a10000 rw-s 00212000 00:0e 16605                            /dev/kgsl-3d0
7f3a10000-7f3e60000 rw-s 00211000 00:0e 16605                            /dev/kgsl-3d0
7f3e60000-7f42a0000 rw-s 0020f000 00:0e 16605                            /dev/kgsl-3d0
7f42a0000-7f46e0000 rw-s 0020b000 00:0e 16605                            /dev/kgsl-3d0
7f46e0000-7f4b20000 rw-s 001f2000 00:0e 16605                            /dev/kgsl-3d0
7f4b20000-7f4f70000 rw-s 00200000 00:0e 16605                            /dev/kgsl-3d0
7f4f70000-7f53c0000 rw-s 001f9000 00:0e 16605                            /dev/kgsl-3d0
7f53c0000-7f5810000 rw-s 000d3000 00:0e 16605                            /dev/kgsl-3d0
7f5810000-7f5c60000 rw-s 001f3000 00:0e 16605                            /dev/kgsl-3d0
7f5c60000-7f60a0000 rw-s 00248000 00:0e 16605                            /dev/kgsl-3d0
7f6260000-7f66a0000 rw-s 001d7000 00:0e 16605                            /dev/kgsl-3d0
7f6730000-7f6b80000 rw-s 001da000 00:0e 16605                            /dev/kgsl-3d0
7f6b80000-7f6f81000 rw-s 0020a000 00:0e 16605                            /dev/kgsl-3d0
7f71d0000-7f75a0000 rw-s 002c6000 00:0e 16605                            /dev/kgsl-3d0
7f78b0000-7f80cf000 rw-s 000bc000 00:0e 16605                            /dev/kgsl-3d0
7f80d0000-7f90d0000 rw-s 000a4000 00:0e 16605                            /dev/kgsl-3d0
7f90d0000-7f90f0000 rw-s 001f1000 00:0e 16605                            /dev/kgsl-3d0
7f90f0000-7f9131000 rw-s 001f0000 00:0e 16605                            /dev/kgsl-3d0
7f9140000-7f9188000 rw-s 001ef000 00:0e 16605                            /dev/kgsl-3d0
7f9190000-7f95e0000 rw-s 001ee000 00:0e 16605                            /dev/kgsl-3d0
7f95e0000-7f9a30000 rw-s 001ed000 00:0e 16605                            /dev/kgsl-3d0
7f9a30000-7f9a40000 rw-s 001eb000 00:0e 16605                            /dev/kgsl-3d0
7f9a40000-7f9e90000 rw-s 001ea000 00:0e 16605                            /dev/kgsl-3d0
7f9e90000-7fa2e0000 rw-s 001e9000 00:0e 16605                            /dev/kgsl-3d0
7fa2e8000-7fa2f8000 rw-s 001e7000 00:0e 16605                            /dev/kgsl-3d0
7fa2f8000-7fa2fa000 rw-s 001e6000 00:0e 16605                            /dev/kgsl-3d0
7fa2fa000-7fa2fc000 rw-s 001e5000 00:0e 16605                            /dev/kgsl-3d0
7fa2fc000-7fa2fe000 rw-s 001e4000 00:0e 16605                            /dev/kgsl-3d0
7fa2fe000-7fa300000 rw-s 001e3000 00:0e 16605                            /dev/kgsl-3d0
7fa300000-7fa302000 rw-s 001e2000 00:0e 16605                            /dev/kgsl-3d0
7fa302000-7fa304000 rw-s 001e1000 00:0e 16605                            /dev/kgsl-3d0
7fa304000-7fa306000 rw-s 001e0000 00:0e 16605                            /dev/kgsl-3d0
7fa306000-7fa308000 rw-s 001df000 00:0e 16605                            /dev/kgsl-3d0
7fa308000-7fa30a000 rw-s 001de000 00:0e 16605                            /dev/kgsl-3d0
7fa30a000-7fa30c000 rw-s 001dd000 00:0e 16605                            /dev/kgsl-3d0
7fa30c000-7fa30e000 rw-s 001dc000 00:0e 16605                            /dev/kgsl-3d0
7fa30e000-7fa310000 rw-s 001db000 00:0e 16605                            /dev/kgsl-3d0
7fa660000-7fa6a8000 rw-s 00220000 00:0e 16605                            /dev/kgsl-3d0
7fa870000-7fa890000 rw-s 000c4000 00:0e 16605                            /dev/kgsl-3d0
7fa890000-7fa8d5000 rw-s 00201000 00:0e 16605                            /dev/kgsl-3d0
7fa8e0000-7fa960000 rw-s 000c3000 00:0e 16605                            /dev/kgsl-3d0
7fa960000-7fa9e0000 rw-s 000b9000 00:0e 16605                            /dev/kgsl-3d0
7faaab000-7faaad000 rw-s 00338000 00:0e 16605                            /dev/kgsl-3d0
7faaad000-7faaaf000 rw-s 00337000 00:0e 16605                            /dev/kgsl-3d0
7faaaf000-7faab1000 rw-s 00336000 00:0e 16605                            /dev/kgsl-3d0
7faab1000-7faab3000 rw-s 00335000 00:0e 16605                            /dev/kgsl-3d0
7faab3000-7faab5000 rw-s 00334000 00:0e 16605                            /dev/kgsl-3d0
7faab5000-7faab7000 rw-s 00333000 00:0e 16605                            /dev/kgsl-3d0
7faab7000-7faab9000 rw-s 00332000 00:0e 16605                            /dev/kgsl-3d0
7faab9000-7faabb000 rw-s 00331000 00:0e 16605                            /dev/kgsl-3d0
7faabb000-7faabd000 rw-s 00330000 00:0e 16605                            /dev/kgsl-3d0
7faabd000-7faabf000 rw-s 0032f000 00:0e 16605                            /dev/kgsl-3d0
7faabf000-7faac1000 rw-s 0032e000 00:0e 16605                            /dev/kgsl-3d0
7faac1000-7faac3000 rw-s 0032d000 00:0e 16605                            /dev/kgsl-3d0
7faac3000-7faac5000 rw-s 0032c000 00:0e 16605                            /dev/kgsl-3d0
7faac5000-7faac7000 rw-s 0032b000 00:0e 16605                            /dev/kgsl-3d0
7faac7000-7faac9000 rw-s 0032a000 00:0e 16605                            /dev/kgsl-3d0
7faac9000-7faacb000 rw-s 00329000 00:0e 16605                            /dev/kgsl-3d0
7faacb000-7faacd000 rw-s 00328000 00:0e 16605                            /dev/kgsl-3d0
7faacd000-7faacf000 rw-s 00327000 00:0e 16605                            /dev/kgsl-3d0
7faacf000-7faad1000 rw-s 00326000 00:0e 16605                            /dev/kgsl-3d0
7faad1000-7faad3000 rw-s 00325000 00:0e 16605                            /dev/kgsl-3d0
7faad3000-7faad5000 rw-s 00324000 00:0e 16605                            /dev/kgsl-3d0
7faad5000-7faad7000 rw-s 00323000 00:0e 16605                            /dev/kgsl-3d0
7faad7000-7faad9000 rw-s 00322000 00:0e 16605                            /dev/kgsl-3d0
7faad9000-7faadb000 rw-s 00321000 00:0e 16605                            /dev/kgsl-3d0
7faadb000-7faadd000 rw-s 00320000 00:0e 16605                            /dev/kgsl-3d0
7faadd000-7faadf000 rw-s 0031f000 00:0e 16605                            /dev/kgsl-3d0
7faadf000-7faae1000 rw-s 0031e000 00:0e 16605                            /dev/kgsl-3d0
7faae1000-7faae3000 rw-s 0031d000 00:0e 16605                            /dev/kgsl-3d0
7faae3000-7faae5000 rw-s 0031c000 00:0e 16605                            /dev/kgsl-3d0
7faae5000-7faae7000 rw-s 0031b000 00:0e 16605                            /dev/kgsl-3d0
7faae7000-7faae9000 rw-s 0031a000 00:0e 16605                            /dev/kgsl-3d0
7faae9000-7faaeb000 rw-s 00319000 00:0e 16605                            /dev/kgsl-3d0
7faaeb000-7faaed000 rw-s 00315000 00:0e 16605                            /dev/kgsl-3d0
7faaed000-7faaef000 rw-s 00318000 00:0e 16605                            /dev/kgsl-3d0
7faaef000-7faaf1000 rw-s 00317000 00:0e 16605                            /dev/kgsl-3d0
7faaf1000-7faaf3000 rw-s 00316000 00:0e 16605                            /dev/kgsl-3d0
7faaf5000-7faaf7000 rw-s 00314000 00:0e 16605                            /dev/kgsl-3d0
7faaf7000-7faaf9000 rw-s 00313000 00:0e 16605                            /dev/kgsl-3d0
7faaf9000-7faafb000 rw-s 00312000 00:0e 16605                            /dev/kgsl-3d0
7faafb000-7faafd000 rw-s 00311000 00:0e 16605                            /dev/kgsl-3d0
7faafd000-7faaff000 rw-s 00310000 00:0e 16605                            /dev/kgsl-3d0
7faaff000-7fab01000 rw-s 0030f000 00:0e 16605                            /dev/kgsl-3d0
7fab01000-7fab02000 rw-s 006d9000 00:0e 16605                            /dev/kgsl-3d0
7fab04000-7fab06000 rw-s 0030e000 00:0e 16605                            /dev/kgsl-3d0
7fab06000-7fab08000 rw-s 0030d000 00:0e 16605                            /dev/kgsl-3d0
7fab08000-7fab0a000 rw-s 0030c000 00:0e 16605                            /dev/kgsl-3d0
7fab0a000-7fab0c000 rw-s 0030b000 00:0e 16605                            /dev/kgsl-3d0
7fab0c000-7fab0e000 rw-s 0030a000 00:0e 16605                            /dev/kgsl-3d0
7fab0e000-7fab10000 rw-s 00306000 00:0e 16605                            /dev/kgsl-3d0
7fab10000-7fab12000 rw-s 00309000 00:0e 16605                            /dev/kgsl-3d0
7fab12000-7fab14000 rw-s 00308000 00:0e 16605                            /dev/kgsl-3d0
7fab14000-7fab16000 rw-s 00307000 00:0e 16605                            /dev/kgsl-3d0
7fab18000-7fab1a000 rw-s 00305000 00:0e 16605                            /dev/kgsl-3d0
7fab1a000-7fab1c000 rw-s 00304000 00:0e 16605                            /dev/kgsl-3d0
7fab1c000-7fab1e000 rw-s 00303000 00:0e 16605                            /dev/kgsl-3d0
7fab1e000-7fab20000 rw-s 00302000 00:0e 16605                            /dev/kgsl-3d0
7fab20000-7fab22000 rw-s 00301000 00:0e 16605                            /dev/kgsl-3d0
7fab22000-7fab24000 rw-s 00300000 00:0e 16605                            /dev/kgsl-3d0
7fab24000-7fab26000 rw-s 002ff000 00:0e 16605                            /dev/kgsl-3d0
7fab26000-7fab28000 rw-s 002fe000 00:0e 16605                            /dev/kgsl-3d0
7fab28000-7fab2a000 rw-s 002fd000 00:0e 16605                            /dev/kgsl-3d0
7fab2a000-7fab2c000 rw-s 002fc000 00:0e 16605                            /dev/kgsl-3d0
7fab2c000-7fab2e000 rw-s 002fb000 00:0e 16605                            /dev/kgsl-3d0
7fab2e000-7fab30000 rw-s 002fa000 00:0e 16605                            /dev/kgsl-3d0
7fab30000-7fab32000 rw-s 002f9000 00:0e 16605                            /dev/kgsl-3d0
7fab32000-7fab34000 rw-s 002f8000 00:0e 16605                            /dev/kgsl-3d0
7fab34000-7fab36000 rw-s 002f7000 00:0e 16605                            /dev/kgsl-3d0
7fab36000-7fab38000 rw-s 002f6000 00:0e 16605                            /dev/kgsl-3d0
7fab38000-7fab3a000 rw-s 002f5000 00:0e 16605                            /dev/kgsl-3d0
7fab3a000-7fab3c000 rw-s 002f4000 00:0e 16605                            /dev/kgsl-3d0
7fab3c000-7fab3e000 rw-s 002f3000 00:0e 16605                            /dev/kgsl-3d0
7fab3e000-7fab40000 rw-s 002f2000 00:0e 16605                            /dev/kgsl-3d0
7fab40000-7fab81000 rw-s 002b9000 00:0e 16605                            /dev/kgsl-3d0
7fab82000-7fab84000 rw-s 002f1000 00:0e 16605                            /dev/kgsl-3d0
7fab84000-7fab86000 rw-s 002f0000 00:0e 16605                            /dev/kgsl-3d0
7fab86000-7fab88000 rw-s 002ef000 00:0e 16605                            /dev/kgsl-3d0
7fab88000-7fab8a000 rw-s 002ee000 00:0e 16605                            /dev/kgsl-3d0
7fab8a000-7fab8c000 rw-s 002ed000 00:0e 16605                            /dev/kgsl-3d0
7fab8c000-7fab8e000 rw-s 002ec000 00:0e 16605                            /dev/kgsl-3d0
7fab8e000-7fab90000 rw-s 002eb000 00:0e 16605                            /dev/kgsl-3d0
7fab90000-7faba0000 rw-s 00278000 00:0e 16605                            /dev/kgsl-3d0
7fac90000-7facb0000 rw-s 000a6000 00:0e 16605                            /dev/kgsl-3d0
7facdc000-7facde000 rw-s 00353000 00:0e 16605                            /dev/kgsl-3d0
7facde000-7face0000 rw-s 002ea000 00:0e 16605                            /dev/kgsl-3d0
7face0000-7fad00000 rw-s 0029f000 00:0e 16605                            /dev/kgsl-3d0
7fad02000-7fad04000 rw-s 002e9000 00:0e 16605                            /dev/kgsl-3d0
7fad04000-7fad06000 rw-s 002e8000 00:0e 16605                            /dev/kgsl-3d0
7fad06000-7fad08000 rw-s 002e7000 00:0e 16605                            /dev/kgsl-3d0
7fad08000-7fad10000 rw-s 002c9000 00:0e 16605                            /dev/kgsl-3d0
7fad30000-7fad78000 rw-s 0025a000 00:0e 16605                            /dev/kgsl-3d0
7fad7a000-7fad7c000 rw-s 002e6000 00:0e 16605                            /dev/kgsl-3d0
7fad7c000-7fad7e000 rw-s 002e5000 00:0e 16605                            /dev/kgsl-3d0
7fad7e000-7fad80000 rw-s 002e4000 00:0e 16605                            /dev/kgsl-3d0
7fad80000-7fae9c000 rw-s 001f8000 00:0e 16605                            /dev/kgsl-3d0
7fae9e000-7faea0000 rw-s 002e3000 00:0e 16605                            /dev/kgsl-3d0
7faea0000-7faeb0000 rw-s 00238000 00:0e 16605                            /dev/kgsl-3d0
7faec0000-7faee0000 rw-s 00222000 00:0e 16605                            /dev/kgsl-3d0
7faee0000-7faf00000 rw-s 00251000 00:0e 16605                            /dev/kgsl-3d0
7faf02000-7faf04000 rw-s 002e2000 00:0e 16605                            /dev/kgsl-3d0
7faf04000-7faf06000 rw-s 002e1000 00:0e 16605                            /dev/kgsl-3d0
7faf06000-7faf08000 rw-s 002e0000 00:0e 16605                            /dev/kgsl-3d0
7faf08000-7faf10000 rw-s 00208000 00:0e 16605                            /dev/kgsl-3d0
7faf10000-7faf30000 rw-s 00233000 00:0e 16605                            /dev/kgsl-3d0
7faf30000-7faf50000 rw-s 0022e000 00:0e 16605                            /dev/kgsl-3d0
7faf50000-7faf70000 rw-s 00213000 00:0e 16605                            /dev/kgsl-3d0
7faf72000-7faf74000 rw-s 002df000 00:0e 16605                            /dev/kgsl-3d0
7faf74000-7faf78000 rw-s 002b7000 00:0e 16605                            /dev/kgsl-3d0
7faf78000-7faf7c000 rw-s 002b4000 00:0e 16605                            /dev/kgsl-3d0
7faf7c000-7faf80000 rw-s 0029c000 00:0e 16605                            /dev/kgsl-3d0
7faf80000-7fafc0000 rw-s 00207000 00:0e 16605                            /dev/kgsl-3d0
7fafc0000-7fb007000 rw-s 001f6000 00:0e 16605                            /dev/kgsl-3d0
7fb008000-7fb00c000 rw-s 00297000 00:0e 16605                            /dev/kgsl-3d0
7fb010000-7fb054000 rw-s 000c1000 00:0e 16605                            /dev/kgsl-3d0
7fb056000-7fb058000 rw-s 002de000 00:0e 16605                            /dev/kgsl-3d0
7fb058000-7fb05c000 rw-s 0028d000 00:0e 16605                            /dev/kgsl-3d0
7fb05c000-7fb060000 rw-s 00271000 00:0e 16605                            /dev/kgsl-3d0
7fb060000-7fb0a3000 rw-s 0022d000 00:0e 16605                            /dev/kgsl-3d0
7fb0a4000-7fb0a6000 rw-s 002dd000 00:0e 16605                            /dev/kgsl-3d0
7fb0a6000-7fb0a8000 rw-s 002dc000 00:0e 16605                            /dev/kgsl-3d0
7fb0a8000-7fb0ac000 rw-s 00285000 00:0e 16605                            /dev/kgsl-3d0
7fb0ac000-7fb0b0000 rw-s 0028e000 00:0e 16605                            /dev/kgsl-3d0
7fb0b0000-7fb440000 rw-s 0021a000 00:0e 16605                            /dev/kgsl-3d0
7fb440000-7fb850000 rw-s 0010c000 00:0e 16605                            /dev/kgsl-3d0
7fb850000-7fb860000 rw-s 000fd000 00:0e 16605                            /dev/kgsl-3d0
7fb860000-7fb870000 rw-s 000fc000 00:0e 16605                            /dev/kgsl-3d0
7fb870000-7fb890000 rw-s 000f0000 00:0e 16605                            /dev/kgsl-3d0
7fb890000-7fbd0a000 rw-s 000eb000 00:0e 16605                            /dev/kgsl-3d0
7fbd0c000-7fbd0e000 rw-s 001d2000 00:0e 16605                            /dev/kgsl-3d0
7fbd0e000-7fbd10000 rw-s 001d1000 00:0e 16605                            /dev/kgsl-3d0
7fbd10000-7fc1b0000 rw-s 000e3000 00:0e 16605                            /dev/kgsl-3d0
7fc1b0000-7fc650000 rw-s 000e2000 00:0e 16605                            /dev/kgsl-3d0
7fc650000-7fc694000 rw-s 000e1000 00:0e 16605                            /dev/kgsl-3d0
7fc696000-7fc698000 rw-s 001d0000 00:0e 16605                            /dev/kgsl-3d0
7fc698000-7fc69a000 rw-s 001cf000 00:0e 16605                            /dev/kgsl-3d0
7fc69a000-7fc69c000 rw-s 001ce000 00:0e 16605                            /dev/kgsl-3d0
7fc69c000-7fc69e000 rw-s 001cd000 00:0e 16605                            /dev/kgsl-3d0
7fc69e000-7fc6a0000 rw-s 001cc000 00:0e 16605                            /dev/kgsl-3d0
7fc6a0000-7fcb30000 rw-s 000e0000 00:0e 16605                            /dev/kgsl-3d0
7fcb30000-7fcfc0000 rw-s 000df000 00:0e 16605                            /dev/kgsl-3d0
7fcfc0000-7fd450000 rw-s 000de000 00:0e 16605                            /dev/kgsl-3d0
7fd450000-7fd8f0000 rw-s 000dd000 00:0e 16605                            /dev/kgsl-3d0
7fd8f2000-7fd8f4000 rw-s 002db000 00:0e 16605                            /dev/kgsl-3d0
7fd8f4000-7fd8f8000 rw-s 000ba000 00:0e 16605                            /dev/kgsl-3d0
7fd8f8000-7fd8fc000 rw-s 00294000 00:0e 16605                            /dev/kgsl-3d0
7fd8fe000-7fd900000 rw-s 002da000 00:0e 16605                            /dev/kgsl-3d0
7fd900000-7fd904000 rw-s 00219000 00:0e 16605                            /dev/kgsl-3d0
7fd904000-7fd908000 rw-s 00205000 00:0e 16605                            /dev/kgsl-3d0
7fd90a000-7fd90c000 rw-s 002d9000 00:0e 16605                            /dev/kgsl-3d0
7fd90c000-7fd910000 rw-s 00239000 00:0e 16605                            /dev/kgsl-3d0
7fd910000-7fd920000 rw-s 0021c000 00:0e 16605                            /dev/kgsl-3d0
7fd922000-7fd924000 rw-s 002d8000 00:0e 16605                            /dev/kgsl-3d0
7fd924000-7fd934000 rw-s 001f5000 00:0e 16605                            /dev/kgsl-3d0
7fd934000-7fd938000 rw-s 00290000 00:0e 16605                            /dev/kgsl-3d0
7fd93a000-7fd93c000 rw-s 002d0000 00:0e 16605                            /dev/kgsl-3d0
7fd93c000-7fd940000 rw-s 0028b000 00:0e 16605                            /dev/kgsl-3d0
7fd940000-7fd950000 rw-s 0021b000 00:0e 16605                            /dev/kgsl-3d0
7fd952000-7fd954000 rw-s 002d7000 00:0e 16605                            /dev/kgsl-3d0
7fd954000-7fd958000 rw-s 00257000 00:0e 16605                            /dev/kgsl-3d0
7fd958000-7fd95c000 rw-s 00282000 00:0e 16605                            /dev/kgsl-3d0
7fd95c000-7fd960000 rw-s 0026f000 00:0e 16605                            /dev/kgsl-3d0
7fd960000-7fd9a6000 rw-s 001d8000 00:0e 16605                            /dev/kgsl-3d0
7fd9a8000-7fd9ac000 rw-s 002a7000 00:0e 16605                            /dev/kgsl-3d0
7fd9ac000-7fd9b0000 rw-s 00260000 00:0e 16605                            /dev/kgsl-3d0
7fd9b0000-7fd9d0000 rw-s 000b8000 00:0e 16605                            /dev/kgsl-3d0
7fd9d0000-7fd9f0000 rw-s 001fc000 00:0e 16605                            /dev/kgsl-3d0
7fd9f2000-7fd9f4000 rw-s 002cf000 00:0e 16605                            /dev/kgsl-3d0
7fd9f4000-7fd9f8000 rw-s 001fd000 00:0e 16605                            /dev/kgsl-3d0
7fd9fa000-7fd9fc000 rw-s 002cd000 00:0e 16605                            /dev/kgsl-3d0
7fd9fc000-7fda00000 rw-s 0027c000 00:0e 16605                            /dev/kgsl-3d0
7fda00000-7fde50000 rw-s 000b4000 00:0e 16605                            /dev/kgsl-3d0
7fde50000-7fe2a0000 rw-s 000b3000 00:0e 16605                            /dev/kgsl-3d0
7fe2a2000-7fe2a4000 rw-s 001cb000 00:0e 16605                            /dev/kgsl-3d0
7fe2a4000-7fe2a6000 rw-s 001ca000 00:0e 16605                            /dev/kgsl-3d0
7fe2a6000-7fe2a8000 rw-s 001c9000 00:0e 16605                            /dev/kgsl-3d0
7fe2a8000-7fe2aa000 rw-s 001c8000 00:0e 16605                            /dev/kgsl-3d0
7fe2aa000-7fe2ac000 rw-s 001c7000 00:0e 16605                            /dev/kgsl-3d0
7fe2ac000-7fe2ae000 rw-s 001c6000 00:0e 16605                            /dev/kgsl-3d0
7fe2ae000-7fe2b0000 rw-s 001c5000 00:0e 16605                            /dev/kgsl-3d0
7fe2b0000-7fe2b2000 rw-s 001c4000 00:0e 16605                            /dev/kgsl-3d0
7fe2b2000-7fe2b4000 rw-s 001c3000 00:0e 16605                            /dev/kgsl-3d0
7fe2b4000-7fe2b6000 rw-s 001c2000 00:0e 16605                            /dev/kgsl-3d0
7fe2b6000-7fe2b8000 rw-s 001c1000 00:0e 16605                            /dev/kgsl-3d0
7fe2b8000-7fe2ba000 rw-s 001c0000 00:0e 16605                            /dev/kgsl-3d0
7fe2ba000-7fe2bc000 rw-s 001bf000 00:0e 16605                            /dev/kgsl-3d0
7fe2bc000-7fe2be000 rw-s 001be000 00:0e 16605                            /dev/kgsl-3d0
7fe2be000-7fe2c0000 rw-s 001bd000 00:0e 16605                            /dev/kgsl-3d0
7fe2c0000-7fe2c2000 rw-s 001bc000 00:0e 16605                            /dev/kgsl-3d0
7fe2c2000-7fe2c4000 rw-s 001bb000 00:0e 16605                            /dev/kgsl-3d0
7fe2c4000-7fe2c6000 rw-s 001ba000 00:0e 16605                            /dev/kgsl-3d0
7fe2c6000-7fe2c8000 rw-s 001b9000 00:0e 16605                            /dev/kgsl-3d0
7fe2c8000-7fe2ca000 rw-s 001b8000 00:0e 16605                            /dev/kgsl-3d0
7fe2ca000-7fe2cc000 rw-s 001b7000 00:0e 16605                            /dev/kgsl-3d0
7fe2cc000-7fe2ce000 rw-s 001b6000 00:0e 16605                            /dev/kgsl-3d0
7fe2ce000-7fe2d0000 rw-s 001b5000 00:0e 16605                            /dev/kgsl-3d0
7fe2d0000-7fe2d2000 rw-s 001b4000 00:0e 16605                            /dev/kgsl-3d0
7fe2d2000-7fe2d4000 rw-s 001b3000 00:0e 16605                            /dev/kgsl-3d0
7fe2d4000-7fe2d6000 rw-s 001b2000 00:0e 16605                            /dev/kgsl-3d0
7fe2d6000-7fe2d8000 rw-s 001b1000 00:0e 16605                            /dev/kgsl-3d0
7fe2d8000-7fe2da000 rw-s 001b0000 00:0e 16605                            /dev/kgsl-3d0
7fe2da000-7fe2dc000 rw-s 001af000 00:0e 16605                            /dev/kgsl-3d0
7fe2dc000-7fe2de000 rw-s 001ae000 00:0e 16605                            /dev/kgsl-3d0
7fe2de000-7fe2e0000 rw-s 001ad000 00:0e 16605                            /dev/kgsl-3d0
7fe2e0000-7fe2e2000 rw-s 001ac000 00:0e 16605                            /dev/kgsl-3d0
7fe2e2000-7fe2e4000 rw-s 001ab000 00:0e 16605                            /dev/kgsl-3d0
7fe2e4000-7fe2e6000 rw-s 001aa000 00:0e 16605                            /dev/kgsl-3d0
7fe2e6000-7fe2e8000 rw-s 001a9000 00:0e 16605                            /dev/kgsl-3d0
7fe2e8000-7fe2ea000 rw-s 001a8000 00:0e 16605                            /dev/kgsl-3d0
7fe2ea000-7fe2ec000 rw-s 001a7000 00:0e 16605                            /dev/kgsl-3d0
7fe2ec000-7fe2ee000 rw-s 001a6000 00:0e 16605                            /dev/kgsl-3d0
7fe2ee000-7fe2f0000 rw-s 001a5000 00:0e 16605                            /dev/kgsl-3d0
7fe2f0000-7fe2f2000 rw-s 001a4000 00:0e 16605                            /dev/kgsl-3d0
7fe2f2000-7fe2f4000 rw-s 001a3000 00:0e 16605                            /dev/kgsl-3d0
7fe2f4000-7fe2f6000 rw-s 001a2000 00:0e 16605                            /dev/kgsl-3d0
7fe2f6000-7fe2f8000 rw-s 001a1000 00:0e 16605                            /dev/kgsl-3d0
7fe2f8000-7fe2fa000 rw-s 001a0000 00:0e 16605                            /dev/kgsl-3d0
7fe2fa000-7fe2fc000 rw-s 0019f000 00:0e 16605                            /dev/kgsl-3d0
7fe2fc000-7fe2fe000 rw-s 0019e000 00:0e 16605                            /dev/kgsl-3d0
7fe2fe000-7fe300000 rw-s 0019d000 00:0e 16605                            /dev/kgsl-3d0
7fe300000-7fe302000 rw-s 0019c000 00:0e 16605                            /dev/kgsl-3d0
7fe302000-7fe304000 rw-s 0019b000 00:0e 16605                            /dev/kgsl-3d0
7fe304000-7fe306000 rw-s 0019a000 00:0e 16605                            /dev/kgsl-3d0
7fe306000-7fe308000 rw-s 00199000 00:0e 16605                            /dev/kgsl-3d0
7fe308000-7fe30a000 rw-s 00198000 00:0e 16605                            /dev/kgsl-3d0
7fe30a000-7fe30c000 rw-s 00197000 00:0e 16605                            /dev/kgsl-3d0
7fe30c000-7fe30e000 rw-s 00196000 00:0e 16605                            /dev/kgsl-3d0
7fe30e000-7fe310000 rw-s 00195000 00:0e 16605                            /dev/kgsl-3d0
7fe310000-7fe312000 rw-s 00194000 00:0e 16605                            /dev/kgsl-3d0
7fe312000-7fe314000 rw-s 00193000 00:0e 16605                            /dev/kgsl-3d0
7fe314000-7fe316000 rw-s 00192000 00:0e 16605                            /dev/kgsl-3d0
7fe316000-7fe318000 rw-s 00191000 00:0e 16605                            /dev/kgsl-3d0
7fe318000-7fe31a000 rw-s 00190000 00:0e 16605                            /dev/kgsl-3d0
7fe31a000-7fe31c000 rw-s 0018f000 00:0e 16605                            /dev/kgsl-3d0
7fe31c000-7fe31e000 rw-s 0018e000 00:0e 16605                            /dev/kgsl-3d0
7fe31e000-7fe320000 rw-s 0018d000 00:0e 16605                            /dev/kgsl-3d0
7fe320000-7fe322000 rw-s 0018c000 00:0e 16605                            /dev/kgsl-3d0
7fe322000-7fe324000 rw-s 0018b000 00:0e 16605                            /dev/kgsl-3d0
7fe324000-7fe326000 rw-s 0018a000 00:0e 16605                            /dev/kgsl-3d0
7fe326000-7fe328000 rw-s 00189000 00:0e 16605                            /dev/kgsl-3d0
7fe328000-7fe32a000 rw-s 00188000 00:0e 16605                            /dev/kgsl-3d0
7fe32a000-7fe32c000 rw-s 00187000 00:0e 16605                            /dev/kgsl-3d0
7fe32c000-7fe32e000 rw-s 00186000 00:0e 16605                            /dev/kgsl-3d0
7fe32e000-7fe330000 rw-s 00185000 00:0e 16605                            /dev/kgsl-3d0
7fe330000-7fe332000 rw-s 00184000 00:0e 16605                            /dev/kgsl-3d0
7fe332000-7fe334000 rw-s 00183000 00:0e 16605                            /dev/kgsl-3d0
7fe334000-7fe336000 rw-s 00182000 00:0e 16605                            /dev/kgsl-3d0
7fe336000-7fe338000 rw-s 00181000 00:0e 16605                            /dev/kgsl-3d0
7fe338000-7fe33a000 rw-s 00180000 00:0e 16605                            /dev/kgsl-3d0
7fe33a000-7fe33c000 rw-s 0017f000 00:0e 16605                            /dev/kgsl-3d0
7fe33c000-7fe33e000 rw-s 0017e000 00:0e 16605                            /dev/kgsl-3d0
7fe33e000-7fe340000 rw-s 0017d000 00:0e 16605                            /dev/kgsl-3d0
7fe340000-7fe3c7000 rw-s 0011a000 00:0e 16605                            /dev/kgsl-3d0
7fe3c8000-7fe3ca000 rw-s 0017c000 00:0e 16605                            /dev/kgsl-3d0
7fe3ca000-7fe3cc000 rw-s 0017b000 00:0e 16605                            /dev/kgsl-3d0
7fe3cc000-7fe3ce000 rw-s 0017a000 00:0e 16605                            /dev/kgsl-3d0
7fe3ce000-7fe3d0000 rw-s 00179000 00:0e 16605                            /dev/kgsl-3d0
7fe3d0000-7fe4e0000 rw-s 00119000 00:0e 16605                            /dev/kgsl-3d0
7fe4e0000-7fe565000 rw-s 00118000 00:0e 16605                            /dev/kgsl-3d0
7fe566000-7fe568000 rw-s 00178000 00:0e 16605                            /dev/kgsl-3d0
7fe568000-7fe56a000 rw-s 00177000 00:0e 16605                            /dev/kgsl-3d0
7fe56a000-7fe56c000 rw-s 00176000 00:0e 16605                            /dev/kgsl-3d0
7fe56c000-7fe56e000 rw-s 00175000 00:0e 16605                            /dev/kgsl-3d0
7fe56e000-7fe570000 rw-s 00174000 00:0e 16605                            /dev/kgsl-3d0
7fe570000-7fe5b4000 rw-s 00117000 00:0e 16605                            /dev/kgsl-3d0
7fe5b5000-7fe5b6000 rw-s 002d6000 00:0e 16605                            /dev/kgsl-3d0
7fe5b6000-7fe5b8000 rw-s 00173000 00:0e 16605                            /dev/kgsl-3d0
7fe5b8000-7fe5ba000 rw-s 00172000 00:0e 16605                            /dev/kgsl-3d0
7fe5ba000-7fe5bc000 rw-s 00171000 00:0e 16605                            /dev/kgsl-3d0
7fe5bc000-7fe5be000 rw-s 00170000 00:0e 16605                            /dev/kgsl-3d0
7fe5be000-7fe5c0000 rw-s 0016f000 00:0e 16605                            /dev/kgsl-3d0
7fe5c0000-7fe5e1000 rw-s 0010d000 00:0e 16605                            /dev/kgsl-3d0
7fe5e2000-7fe5e4000 rw-s 0016e000 00:0e 16605                            /dev/kgsl-3d0
7fe5e4000-7fe5e6000 rw-s 0016d000 00:0e 16605                            /dev/kgsl-3d0
7fe5e6000-7fe5e8000 rw-s 0016c000 00:0e 16605                            /dev/kgsl-3d0
7fe5e8000-7fe5ea000 rw-s 0016b000 00:0e 16605                            /dev/kgsl-3d0
7fe5ea000-7fe5ec000 rw-s 0016a000 00:0e 16605                            /dev/kgsl-3d0
7fe5ec000-7fe5ee000 rw-s 00169000 00:0e 16605                            /dev/kgsl-3d0
7fe5ee000-7fe5f0000 rw-s 00168000 00:0e 16605                            /dev/kgsl-3d0
7fe5f0000-7fe700000 rw-s 0010b000 00:0e 16605                            /dev/kgsl-3d0
7fe700000-7fe741000 rw-s 0010a000 00:0e 16605                            /dev/kgsl-3d0
7fe742000-7fe744000 rw-s 00167000 00:0e 16605                            /dev/kgsl-3d0
7fe744000-7fe746000 rw-s 00166000 00:0e 16605                            /dev/kgsl-3d0
7fe746000-7fe748000 rw-s 00165000 00:0e 16605                            /dev/kgsl-3d0
7fe748000-7fe74a000 rw-s 00164000 00:0e 16605                            /dev/kgsl-3d0
7fe74a000-7fe74c000 rw-s 00163000 00:0e 16605                            /dev/kgsl-3d0
7fe74c000-7fe74e000 rw-s 00162000 00:0e 16605                            /dev/kgsl-3d0
7fe74e000-7fe750000 rw-s 00161000 00:0e 16605                            /dev/kgsl-3d0
7fe751000-7fe755000 rw-s 00030000 00:0e 16605                            /dev/kgsl-3d0
7fe756000-7fe757000 rw-s 002d5000 00:0e 16605                            /dev/kgsl-3d0
7fe757000-7fe758000 rw-s 002d4000 00:0e 16605                            /dev/kgsl-3d0
7fe75a000-7fe75c000 rw-s 002cb000 00:0e 16605                            /dev/kgsl-3d0
7fe75c000-7fe760000 rw-s 0027b000 00:0e 16605                            /dev/kgsl-3d0
7fe760000-7fe764000 rw-s 00279000 00:0e 16605                            /dev/kgsl-3d0
7fe764000-7fe76c000 rw-s 00229000 00:0e 16605                            /dev/kgsl-3d0
7fe76d000-7fe76e000 rw-s 002d3000 00:0e 16605                            /dev/kgsl-3d0
7fe76e000-7fe76f000 rw-s 002d2000 00:0e 16605                            /dev/kgsl-3d0
7fe76f000-7fe770000 rw-s 002d1000 00:0e 16605                            /dev/kgsl-3d0
7fe770000-7fe792000 rw-s 0021d000 00:0e 16605                            /dev/kgsl-3d0
7fe794000-7fe795000 rw-s 002ce000 00:0e 16605                            /dev/kgsl-3d0
7fe796000-7fe79a000 rw-s 00224000 00:0e 16605                            /dev/kgsl-3d0
7fe79a000-7fe79c000 rw-s 00160000 00:0e 16605                            /dev/kgsl-3d0
7fe79c000-7fe79e000 rw-s 0015f000 00:0e 16605                            /dev/kgsl-3d0
7fe79e000-7fe7a0000 rw-s 0015e000 00:0e 16605                            /dev/kgsl-3d0
7fe7a0000-7fe7e7000 rw-s 00108000 00:0e 16605                            /dev/kgsl-3d0
7fe7e8000-7fe7ea000 rw-s 0015d000 00:0e 16605                            /dev/kgsl-3d0
7fe7ea000-7fe7ec000 rw-s 0015c000 00:0e 16605                            /dev/kgsl-3d0
7fe7ec000-7fe7ee000 rw-s 0015b000 00:0e 16605                            /dev/kgsl-3d0
7fe7ee000-7fe7f0000 rw-s 0015a000 00:0e 16605                            /dev/kgsl-3d0
7fe7f0000-7fe900000 rw-s 000d8000 00:0e 16605                            /dev/kgsl-3d0
7fe900000-7fe940000 rw-s 000d9000 00:0e 16605                            /dev/kgsl-3d0
7fe940000-7fe960000 rw-s 00113000 00:0e 16605                            /dev/kgsl-3d0
7fe961000-7fe962000 rw-s 002cc000 00:0e 16605                            /dev/kgsl-3d0
7fe962000-7fe963000 rw-s 002c2000 00:0e 16605                            /dev/kgsl-3d0
7fe964000-7fe968000 rw-s 00276000 00:0e 16605                            /dev/kgsl-3d0
7fe968000-7fe96c000 rw-s 0026a000 00:0e 16605                            /dev/kgsl-3d0
7fe96c000-7fe970000 rw-s 00266000 00:0e 16605                            /dev/kgsl-3d0
7fe972000-7fe973000 rw-s 0028f000 00:0e 16605                            /dev/kgsl-3d0
7fe973000-7fe974000 rw-s 0028a000 00:0e 16605                            /dev/kgsl-3d0
7fe976000-7fe978000 rw-s 002ca000 00:0e 16605                            /dev/kgsl-3d0
7fe978000-7fe97c000 rw-s 0027a000 00:0e 16605                            /dev/kgsl-3d0
7fe97c000-7fe980000 rw-s 00240000 00:0e 16605                            /dev/kgsl-3d0
7fe980000-7fea00000 rw-s 00105000 00:0e 16605                            /dev/kgsl-3d0
7fea00000-7fea20000 rw-s 00091000 00:0e 16605                            /dev/kgsl-3d0
7fea20000-7fea40000 rw-s 00066000 00:0e 16605                            /dev/kgsl-3d0
7fea40000-7fea80000 rw-s 0003a000 00:0e 16605                            /dev/kgsl-3d0
7fea80000-7fea90000 rw-s 000cd000 00:0e 16605                            /dev/kgsl-3d0
7fea91000-7fea92000 rw-s 00289000 00:0e 16605                            /dev/kgsl-3d0
7fea92000-7fea93000 rw-s 00288000 00:0e 16605                            /dev/kgsl-3d0
7fea95000-7fea97000 rw-s 002c4000 00:0e 16605                            /dev/kgsl-3d0
7fea97000-7fea9b000 rw-s 00216000 00:0e 16605                            /dev/kgsl-3d0
7fea9b000-7fea9f000 rw-s 00235000 00:0e 16605                            /dev/kgsl-3d0
7feaa0000-7feaa4000 rw-s 00203000 00:0e 16605                            /dev/kgsl-3d0
7feaa4000-7feaa5000 rw-s 002c7000 00:0e 16605                            /dev/kgsl-3d0
7feaa5000-7feaa9000 rw-s 00273000 00:0e 16605                            /dev/kgsl-3d0
7feaab000-7feaad000 rw-s 002bf000 00:0e 16605                            /dev/kgsl-3d0
7feaad000-7feab1000 rw-s 0024a000 00:0e 16605                            /dev/kgsl-3d0
7feab2000-7feab4000 rw-s 00352000 00:0e 16605                            /dev/kgsl-3d0
7feab4000-7feab6000 rw-s 00351000 00:0e 16605                            /dev/kgsl-3d0
7feab6000-7feab8000 rw-s 00350000 00:0e 16605                            /dev/kgsl-3d0
7feab8000-7feaba000 rw-s 0034e000 00:0e 16605                            /dev/kgsl-3d0
7feaba000-7feabc000 rw-s 00349000 00:0e 16605                            /dev/kgsl-3d0
7feabc000-7feabe000 rw-s 0034b000 00:0e 16605                            /dev/kgsl-3d0
7feabe000-7feac0000 rw-s 0034a000 00:0e 16605                            /dev/kgsl-3d0
7feac2000-7feac3000 rw-s 002c5000 00:0e 16605                            /dev/kgsl-3d0
7feac3000-7feac4000 rw-s 002c3000 00:0e 16605                            /dev/kgsl-3d0
7feac5000-7feac9000 rw-s 0026d000 00:0e 16605                            /dev/kgsl-3d0
7feac9000-7feacd000 rw-s 00242000 00:0e 16605                            /dev/kgsl-3d0
7fead1000-7fead3000 rw-s 002ba000 00:0e 16605                            /dev/kgsl-3d0
7fead4000-7fead5000 rw-s 002c1000 00:0e 16605                            /dev/kgsl-3d0
7fead5000-7fead6000 rw-s 002c0000 00:0e 16605                            /dev/kgsl-3d0
7fead6000-7feada000 rw-s 000c8000 00:0e 16605                            /dev/kgsl-3d0
7feadb000-7feadc000 rw-s 0025e000 00:0e 16605                            /dev/kgsl-3d0
7feadd000-7feadf000 rw-s 002bd000 00:0e 16605                            /dev/kgsl-3d0
7feadf000-7feae0000 rw-s 0028c000 00:0e 16605                            /dev/kgsl-3d0
7feae0000-7feae1000 rw-s 00284000 00:0e 16605                            /dev/kgsl-3d0
7feae1000-7feae2000 rw-s 00280000 00:0e 16605                            /dev/kgsl-3d0
7feae2000-7feae3000 rw-s 00277000 00:0e 16605                            /dev/kgsl-3d0
7feae3000-7feae4000 rw-s 00269000 00:0e 16605                            /dev/kgsl-3d0
7feae4000-7feae5000 rw-s 0025f000 00:0e 16605                            /dev/kgsl-3d0
7feae6000-7feae7000 rw-s 00272000 00:0e 16605                            /dev/kgsl-3d0
7feae7000-7feae8000 rw-s 00268000 00:0e 16605                            /dev/kgsl-3d0
7feae9000-7feaea000 rw-s 002c8000 00:0e 16605                            /dev/kgsl-3d0
7feaea000-7feaeb000 rw-s 00262000 00:0e 16605                            /dev/kgsl-3d0
7feaeb000-7feaec000 rw-s 00259000 00:0e 16605                            /dev/kgsl-3d0
7feaec000-7feaed000 rw-s 00254000 00:0e 16605                            /dev/kgsl-3d0
7feaee000-7feaf2000 rw-s 00241000 00:0e 16605                            /dev/kgsl-3d0
7feaf2000-7feaf3000 rw-s 002be000 00:0e 16605                            /dev/kgsl-3d0
7feaf4000-7feaf5000 rw-s 002bc000 00:0e 16605                            /dev/kgsl-3d0
7feaf6000-7feaf7000 rw-s 00263000 00:0e 16605                            /dev/kgsl-3d0
7feaf7000-7feaf8000 rw-s 0025c000 00:0e 16605                            /dev/kgsl-3d0
7feaf8000-7feaf9000 rw-s 000ab000 00:0e 16605                            /dev/kgsl-3d0
7feaf9000-7feafa000 rw-s 0024c000 00:0e 16605                            /dev/kgsl-3d0
7feafa000-7feafb000 rw-s 002bb000 00:0e 16605                            /dev/kgsl-3d0
7feafc000-7feafd000 rw-s 0023a000 00:0e 16605                            /dev/kgsl-3d0
7feafd000-7feafe000 rw-s 00281000 00:0e 16605                            /dev/kgsl-3d0
7feafe000-7feaff000 rw-s 002b6000 00:0e 16605                            /dev/kgsl-3d0
7feb00000-7feb01000 rw-s 00287000 00:0e 16605                            /dev/kgsl-3d0
7feb01000-7feb02000 rw-s 00274000 00:0e 16605                            /dev/kgsl-3d0
7feb02000-7feb03000 rw-s 002b2000 00:0e 16605                            /dev/kgsl-3d0
7feb03000-7feb04000 rw-s 002b1000 00:0e 16605                            /dev/kgsl-3d0
7feb04000-7feb05000 rw-s 002b0000 00:0e 16605                            /dev/kgsl-3d0
7feb06000-7feb07000 rw-s 002ae000 00:0e 16605                            /dev/kgsl-3d0
7feb07000-7feb08000 rw-s 002ad000 00:0e 16605                            /dev/kgsl-3d0
7feb08000-7feb09000 rw-s 002ac000 00:0e 16605                            /dev/kgsl-3d0
7feb09000-7feb0a000 rw-s 002ab000 00:0e 16605                            /dev/kgsl-3d0
7feb0b000-7feb0c000 rw-s 002a9000 00:0e 16605                            /dev/kgsl-3d0
7feb0c000-7feb0d000 rw-s 002a8000 00:0e 16605                            /dev/kgsl-3d0
7feb0e000-7feb0f000 rw-s 002a6000 00:0e 16605                            /dev/kgsl-3d0
7feb0f000-7feb10000 rw-s 002a5000 00:0e 16605                            /dev/kgsl-3d0
7feb10000-7feb11000 rw-s 002a4000 00:0e 16605                            /dev/kgsl-3d0
7feb12000-7feb14000 rw-s 00159000 00:0e 16605                            /dev/kgsl-3d0
7feb14000-7feb16000 rw-s 00158000 00:0e 16605                            /dev/kgsl-3d0
7feb16000-7feb18000 rw-s 00157000 00:0e 16605                            /dev/kgsl-3d0
7feb18000-7feb1a000 rw-s 00156000 00:0e 16605                            /dev/kgsl-3d0
7feb1a000-7feb1c000 rw-s 00155000 00:0e 16605                            /dev/kgsl-3d0
7feb1c000-7feb1e000 rw-s 00154000 00:0e 16605                            /dev/kgsl-3d0
7feb1e000-7feb20000 rw-s 00153000 00:0e 16605                            /dev/kgsl-3d0
7feb20000-7ff1e0000 rw-s 0001f000 00:0e 16605                            /dev/kgsl-3d0
7ff1e1000-7ff1e2000 rw-s 0026c000 00:0e 16605                            /dev/kgsl-3d0
7ff1e2000-7ff1e4000 rw-s 00152000 00:0e 16605                            /dev/kgsl-3d0
7ff1e4000-7ff1e6000 rw-s 00151000 00:0e 16605                            /dev/kgsl-3d0
7ff1e6000-7ff1e8000 rw-s 00068000 00:0e 16605                            /dev/kgsl-3d0
7ff1e8000-7ff1ea000 rw-s 00067000 00:0e 16605                            /dev/kgsl-3d0
7ff1ea000-7ff1ec000 rw-s 00065000 00:0e 16605                            /dev/kgsl-3d0
7ff1ee000-7ff1fe000 rw-s 000f7000 00:0e 16605                            /dev/kgsl-3d0
7ff1fe000-7ff202000 rw-s 00064000 00:0e 16605                            /dev/kgsl-3d0
7ff202000-7ff20a000 rw-s 00063000 00:0e 16605                            /dev/kgsl-3d0
7ff20a000-7ff20c000 rw-s 00062000 00:0e 16605                            /dev/kgsl-3d0
7ff20c000-7ff20e000 rw-s 00061000 00:0e 16605                            /dev/kgsl-3d0
7ff20e000-7ff210000 rw-s 00060000 00:0e 16605                            /dev/kgsl-3d0
7ff210000-7ff218000 rw-s 0005f000 00:0e 16605                            /dev/kgsl-3d0
7ff218000-7ff21a000 rw-s 0005e000 00:0e 16605                            /dev/kgsl-3d0
7ff21a000-7ff21c000 rw-s 0005d000 00:0e 16605                            /dev/kgsl-3d0
7ff21c000-7ff21e000 rw-s 0005c000 00:0e 16605                            /dev/kgsl-3d0
7ff21e000-7ff220000 rw-s 0005b000 00:0e 16605                            /dev/kgsl-3d0
7ff222000-7ff224000 rw-s 00150000 00:0e 16605                            /dev/kgsl-3d0
7ff224000-7ff226000 rw-s 0014f000 00:0e 16605                            /dev/kgsl-3d0
7ff226000-7ff228000 rw-s 0014e000 00:0e 16605                            /dev/kgsl-3d0
7ff228000-7ff22a000 rw-s 0014d000 00:0e 16605                            /dev/kgsl-3d0
7ff22a000-7ff22c000 rw-s 0014c000 00:0e 16605                            /dev/kgsl-3d0
7ff22c000-7ff22e000 rw-s 0014b000 00:0e 16605                            /dev/kgsl-3d0
7ff22e000-7ff230000 rw-s 0014a000 00:0e 16605                            /dev/kgsl-3d0
7ff230000-7ff240000 rw-s 000f6000 00:0e 16605                            /dev/kgsl-3d0
7ff240000-7ff287000 rw-s 000db000 00:0e 16605                            /dev/kgsl-3d0
7ff288000-7ff28a000 rw-s 00149000 00:0e 16605                            /dev/kgsl-3d0
7ff28a000-7ff28c000 rw-s 00148000 00:0e 16605                            /dev/kgsl-3d0
7ff28c000-7ff28e000 rw-s 00147000 00:0e 16605                            /dev/kgsl-3d0
7ff28e000-7ff290000 rw-s 00146000 00:0e 16605                            /dev/kgsl-3d0
7ff290000-7ff2d0000 rw-s 000cf000 00:0e 16605                            /dev/kgsl-3d0
7ff2d0000-7ff350000 rw-s 00039000 00:0e 16605                            /dev/kgsl-3d0
7ff351000-7ff352000 rw-s 002a2000 00:0e 16605                            /dev/kgsl-3d0
7ff352000-7ff354000 rw-s 00145000 00:0e 16605                            /dev/kgsl-3d0
7ff354000-7ff356000 rw-s 00144000 00:0e 16605                            /dev/kgsl-3d0
7ff356000-7ff358000 rw-s 00143000 00:0e 16605                            /dev/kgsl-3d0
7ff358000-7ff35a000 rw-s 00142000 00:0e 16605                            /dev/kgsl-3d0
7ff35a000-7ff35c000 rw-s 00141000 00:0e 16605                            /dev/kgsl-3d0
7ff35c000-7ff35e000 rw-s 00140000 00:0e 16605                            /dev/kgsl-3d0
7ff35e000-7ff360000 rw-s 0013f000 00:0e 16605                            /dev/kgsl-3d0
7ff360000-7ff370000 rw-s 000f5000 00:0e 16605                            /dev/kgsl-3d0
7ff371000-7ff372000 rw-s 002a1000 00:0e 16605                            /dev/kgsl-3d0
7ff372000-7ff373000 rw-s 00256000 00:0e 16605                            /dev/kgsl-3d0
7ff374000-7ff378000 rw-s 00236000 00:0e 16605                            /dev/kgsl-3d0
7ff379000-7ff37a000 rw-s 002b8000 00:0e 16605                            /dev/kgsl-3d0
7ff37a000-7ff37b000 rw-s 002b5000 00:0e 16605                            /dev/kgsl-3d0
7ff37b000-7ff37c000 rw-s 002b3000 00:0e 16605                            /dev/kgsl-3d0
7ff37c000-7ff38c000 rw-s 000ac000 00:0e 16605                            /dev/kgsl-3d0
7ff38d000-7ff38e000 rw-s 002a0000 00:0e 16605                            /dev/kgsl-3d0
7ff38f000-7ff390000 rw-s 0025b000 00:0e 16605                            /dev/kgsl-3d0
7ff390000-7ff394000 rw-s 0022b000 00:0e 16605                            /dev/kgsl-3d0
7ff395000-7ff396000 rw-s 00267000 00:0e 16605                            /dev/kgsl-3d0
7ff396000-7ff397000 rw-s 00264000 00:0e 16605                            /dev/kgsl-3d0
7ff398000-7ff399000 rw-s 002af000 00:0e 16605                            /dev/kgsl-3d0
7ff399000-7ff39a000 rw-s 002aa000 00:0e 16605                            /dev/kgsl-3d0
7ff39a000-7ff39b000 rw-s 0027f000 00:0e 16605                            /dev/kgsl-3d0
7ff39b000-7ff39c000 rw-s 000c7000 00:0e 16605                            /dev/kgsl-3d0
7ff39d000-7ff39e000 rw-s 0029b000 00:0e 16605                            /dev/kgsl-3d0
7ff39f000-7ff3a0000 rw-s 00261000 00:0e 16605                            /dev/kgsl-3d0
7ff3a1000-7ff3a2000 rw-s 0029a000 00:0e 16605                            /dev/kgsl-3d0
7ff3a2000-7ff3a3000 rw-s 00299000 00:0e 16605                            /dev/kgsl-3d0
7ff3a3000-7ff3a4000 rw-s 00298000 00:0e 16605                            /dev/kgsl-3d0
7ff3a4000-7ff3a8000 rw-s 00270000 00:0e 16605                            /dev/kgsl-3d0
7ff3a9000-7ff3ab000 rw-s 00348000 00:0e 16605                            /dev/kgsl-3d0
7ff3ab000-7ff3ad000 rw-s 00347000 00:0e 16605                            /dev/kgsl-3d0
7ff3ad000-7ff3b1000 rw-s 00246000 00:0e 16605                            /dev/kgsl-3d0
7ff3b1000-7ff3b2000 rw-s 00296000 00:0e 16605                            /dev/kgsl-3d0
7ff3b3000-7ff3b4000 rw-s 00293000 00:0e 16605                            /dev/kgsl-3d0
7ff3b4000-7ff3bc000 rw-s 00202000 00:0e 16605                            /dev/kgsl-3d0
7ff3bc000-7ff3cc000 rw-s 000ef000 00:0e 16605                            /dev/kgsl-3d0
7ff3cd000-7ff3ce000 rw-s 00250000 00:0e 16605                            /dev/kgsl-3d0
7ff3cf000-7ff3d0000 rw-s 0024d000 00:0e 16605                            /dev/kgsl-3d0
7ff3d1000-7ff3d2000 rw-s 0029e000 00:0e 16605                            /dev/kgsl-3d0
7ff3d2000-7ff3d3000 rw-s 00252000 00:0e 16605                            /dev/kgsl-3d0
7ff3d3000-7ff3d4000 rw-s 0029d000 00:0e 16605                            /dev/kgsl-3d0
7ff3d4000-7ff3dc000 rw-s 001ff000 00:0e 16605                            /dev/kgsl-3d0
7ff3dd000-7ff3de000 rw-s 0027e000 00:0e 16605                            /dev/kgsl-3d0
7ff3de000-7ff3df000 rw-s 0024b000 00:0e 16605                            /dev/kgsl-3d0
7ff3df000-7ff3e0000 rw-s 00249000 00:0e 16605                            /dev/kgsl-3d0
7ff3e0000-7ff3f0000 rw-s 000c6000 00:0e 16605                            /dev/kgsl-3d0
7ff3f2000-7ff3fa000 rw-s 001d9000 00:0e 16605                            /dev/kgsl-3d0
7ff3fa000-7ff3fc000 rw-s 002a3000 00:0e 16605                            /dev/kgsl-3d0
7ff3fd000-7ff3fe000 rw-s 00247000 00:0e 16605                            /dev/kgsl-3d0
7ff3fe000-7ff3ff000 rw-s 00245000 00:0e 16605                            /dev/kgsl-3d0
7ff3ff000-7ff400000 rw-s 00244000 00:0e 16605                            /dev/kgsl-3d0
7ff400000-7ff404000 rw-s 001f4000 00:0e 16605                            /dev/kgsl-3d0
7ff404000-7ff408000 rw-s 000c5000 00:0e 16605                            /dev/kgsl-3d0
7ff409000-7ff40a000 rw-s 00243000 00:0e 16605                            /dev/kgsl-3d0
7ff40b000-7ff40c000 rw-s 00225000 00:0e 16605                            /dev/kgsl-3d0
7ff40c000-7ff410000 rw-s 000bf000 00:0e 16605                            /dev/kgsl-3d0
7ff410000-7ff450000 rw-s 00092000 00:0e 16605                            /dev/kgsl-3d0
7ff451000-7ff452000 rw-s 0023f000 00:0e 16605                            /dev/kgsl-3d0
7ff452000-7ff454000 rw-s 0013e000 00:0e 16605                            /dev/kgsl-3d0
7ff454000-7ff456000 rw-s 0013d000 00:0e 16605                            /dev/kgsl-3d0
7ff456000-7ff458000 rw-s 0013c000 00:0e 16605                            /dev/kgsl-3d0
7ff458000-7ff45a000 rw-s 0013b000 00:0e 16605                            /dev/kgsl-3d0
7ff45a000-7ff45c000 rw-s 0013a000 00:0e 16605                            /dev/kgsl-3d0
7ff45c000-7ff45e000 rw-s 00139000 00:0e 16605                            /dev/kgsl-3d0
7ff45e000-7ff460000 rw-s 00138000 00:0e 16605                            /dev/kgsl-3d0
7ff460000-7ff480000 rw-s 000ce000 00:0e 16605                            /dev/kgsl-3d0
7ff480000-7ff4c3000 rw-s 000a9000 00:0e 16605                            /dev/kgsl-3d0
7ff4c4000-7ff4c6000 rw-s 00137000 00:0e 16605                            /dev/kgsl-3d0
7ff4c6000-7ff4c8000 rw-s 00136000 00:0e 16605                            /dev/kgsl-3d0
7ff4c8000-7ff4ca000 rw-s 00135000 00:0e 16605                            /dev/kgsl-3d0
7ff4ca000-7ff4cc000 rw-s 00134000 00:0e 16605                            /dev/kgsl-3d0
7ff4cc000-7ff4ce000 rw-s 00133000 00:0e 16605                            /dev/kgsl-3d0
7ff4ce000-7ff4d0000 rw-s 00132000 00:0e 16605                            /dev/kgsl-3d0
7ff4d0000-7ff4f0000 rw-s 00080000 00:0e 16605                            /dev/kgsl-3d0
7ff4f1000-7ff4f2000 rw-s 00255000 00:0e 16605                            /dev/kgsl-3d0
7ff4f2000-7ff4f4000 rw-s 00131000 00:0e 16605                            /dev/kgsl-3d0
7ff4f4000-7ff4f6000 rw-s 00130000 00:0e 16605                            /dev/kgsl-3d0
7ff4f6000-7ff4f8000 rw-s 0012f000 00:0e 16605                            /dev/kgsl-3d0
7ff4f8000-7ff500000 rw-s 000fb000 00:0e 16605                            /dev/kgsl-3d0
7ff500000-7ff510000 rw-s 000f4000 00:0e 16605                            /dev/kgsl-3d0
7ff510000-7ff530000 rw-s 00053000 00:0e 16605                            /dev/kgsl-3d0
7ff531000-7ff532000 rw-s 00258000 00:0e 16605                            /dev/kgsl-3d0
7ff532000-7ff534000 rw-s 00085000 00:0e 16605                            /dev/kgsl-3d0
7ff534000-7ff536000 rw-s 00084000 00:0e 16605                            /dev/kgsl-3d0
7ff536000-7ff538000 rw-s 0006b000 00:0e 16605                            /dev/kgsl-3d0
7ff538000-7ff53a000 rw-s 00083000 00:0e 16605                            /dev/kgsl-3d0
7ff53a000-7ff53c000 rw-s 00082000 00:0e 16605                            /dev/kgsl-3d0
7ff53c000-7ff540000 rw-s 0007f000 00:0e 16605                            /dev/kgsl-3d0
7ff540000-7ff56c000 rw-s 0007e000 00:0e 16605                            /dev/kgsl-3d0
7ff56d000-7ff56e000 rw-s 001fe000 00:0e 16605                            /dev/kgsl-3d0
7ff56e000-7ff570000 rw-s 00081000 00:0e 16605                            /dev/kgsl-3d0
7ff570000-7ff580000 rw-s 0007d000 00:0e 16605                            /dev/kgsl-3d0
7ff580000-7ff590000 rw-s 0007c000 00:0e 16605                            /dev/kgsl-3d0
7ff590000-7ff61b000 rw-s 0007b000 00:0e 16605                            /dev/kgsl-3d0
7ff61c000-7ff624000 rw-s 0007a000 00:0e 16605                            /dev/kgsl-3d0
7ff624000-7ff62c000 rw-s 00079000 00:0e 16605                            /dev/kgsl-3d0
7ff62c000-7ff630000 rw-s 00078000 00:0e 16605                            /dev/kgsl-3d0
7ff631000-7ff632000 rw-s 00253000 00:0e 16605                            /dev/kgsl-3d0
7ff632000-7ff634000 rw-s 0012e000 00:0e 16605                            /dev/kgsl-3d0
7ff634000-7ff636000 rw-s 0012d000 00:0e 16605                            /dev/kgsl-3d0
7ff636000-7ff638000 rw-s 0012c000 00:0e 16605                            /dev/kgsl-3d0
7ff638000-7ff63c000 rw-s 000f9000 00:0e 16605                            /dev/kgsl-3d0
7ff63c000-7ff640000 rw-s 000f8000 00:0e 16605                            /dev/kgsl-3d0
7ff642000-7ff64a000 rw-s 00204000 00:0e 16605                            /dev/kgsl-3d0
7ff64b000-7ff65b000 rw-s 000be000 00:0e 16605                            /dev/kgsl-3d0
7ff65b000-7ff65c000 rw-s 0023c000 00:0e 16605                            /dev/kgsl-3d0
7ff65d000-7ff65e000 rw-s 00295000 00:0e 16605                            /dev/kgsl-3d0
7ff65e000-7ff65f000 rw-s 00291000 00:0e 16605                            /dev/kgsl-3d0
7ff65f000-7ff660000 rw-s 0023d000 00:0e 16605                            /dev/kgsl-3d0
7ff660000-7ff662000 rw-s 00206000 00:0e 16605                            /dev/kgsl-3d0
7ff663000-7ff664000 rw-s 00237000 00:0e 16605                            /dev/kgsl-3d0
7ff664000-7ff668000 rw-s 000f3000 00:0e 16605                            /dev/kgsl-3d0
7ff668000-7ff66c000 rw-s 0022a000 00:0e 16605                            /dev/kgsl-3d0
7ff66d000-7ff66e000 rw-s 00234000 00:0e 16605                            /dev/kgsl-3d0
7ff66f000-7ff670000 rw-s 0024f000 00:0e 16605                            /dev/kgsl-3d0
7ff671000-7ff672000 rw-s 0024e000 00:0e 16605                            /dev/kgsl-3d0
7ff672000-7ff674000 rw-s 0005a000 00:0e 16605                            /dev/kgsl-3d0
7ff674000-7ff67c000 rw-s 00056000 00:0e 16605                            /dev/kgsl-3d0
7ff67d000-7ff67e000 rw-s 00231000 00:0e 16605                            /dev/kgsl-3d0
7ff67e000-7ff682000 rw-s 000f2000 00:0e 16605                            /dev/kgsl-3d0
7ff682000-7ff684000 rw-s 00076000 00:0e 16605                            /dev/kgsl-3d0
7ff684000-7ff686000 rw-s 00075000 00:0e 16605                            /dev/kgsl-3d0
7ff686000-7ff688000 rw-s 00074000 00:0e 16605                            /dev/kgsl-3d0
7ff688000-7ff68c000 rw-s 00073000 00:0e 16605                            /dev/kgsl-3d0
7ff68c000-7ff68e000 rw-s 00072000 00:0e 16605                            /dev/kgsl-3d0
7ff68e000-7ff690000 rw-s 00071000 00:0e 16605                            /dev/kgsl-3d0
7ff691000-7ff692000 rw-s 00232000 00:0e 16605                            /dev/kgsl-3d0
7ff692000-7ff694000 rw-s 00218000 00:0e 16605                            /dev/kgsl-3d0
7ff694000-7ff696000 rw-s 00215000 00:0e 16605                            /dev/kgsl-3d0
7ff696000-7ff698000 rw-s 001d6000 00:0e 16605                            /dev/kgsl-3d0
7ff698000-7ff69a000 rw-s 0012b000 00:0e 16605                            /dev/kgsl-3d0
7ff69a000-7ff69e000 rw-s 000ed000 00:0e 16605                            /dev/kgsl-3d0
7ff69e000-7ff6a0000 rw-s 000ec000 00:0e 16605                            /dev/kgsl-3d0
7ff6a0000-7ff6c0000 rw-s 000a5000 00:0e 16605                            /dev/kgsl-3d0
7ff6c1000-7ff6c2000 rw-s 00265000 00:0e 16605                            /dev/kgsl-3d0
7ff6c2000-7ff6c6000 rw-s 000ea000 00:0e 16605                            /dev/kgsl-3d0
7ff6c6000-7ff6c8000 rw-s 000e8000 00:0e 16605                            /dev/kgsl-3d0
7ff6c8000-7ff6ca000 rw-s 00059000 00:0e 16605                            /dev/kgsl-3d0
7ff6ca000-7ff6cc000 rw-s 0004c000 00:0e 16605                            /dev/kgsl-3d0
7ff6cd000-7ff6ce000 rw-s 0027d000 00:0e 16605                            /dev/kgsl-3d0
7ff6ce000-7ff6d0000 rw-s 0004a000 00:0e 16605                            /dev/kgsl-3d0
7ff6d0000-7ff6d2000 rw-s 00049000 00:0e 16605                            /dev/kgsl-3d0
7ff6d2000-7ff6d4000 rw-s 00048000 00:0e 16605                            /dev/kgsl-3d0
7ff6d4000-7ff6d6000 rw-s 00047000 00:0e 16605                            /dev/kgsl-3d0
7ff6d6000-7ff6d8000 rw-s 00046000 00:0e 16605                            /dev/kgsl-3d0
7ff6d8000-7ff6da000 rw-s 00045000 00:0e 16605                            /dev/kgsl-3d0
7ff6da000-7ff6dc000 rw-s 00044000 00:0e 16605                            /dev/kgsl-3d0
7ff6dc000-7ff6de000 rw-s 00043000 00:0e 16605                            /dev/kgsl-3d0
7ff6de000-7ff6e0000 rw-s 00042000 00:0e 16605                            /dev/kgsl-3d0
7ff6e0000-7ff700000 rw-s 0003b000 00:0e 16605                            /dev/kgsl-3d0
7ff701000-7ff702000 rw-s 000fa000 00:0e 16605                            /dev/kgsl-3d0
7ff702000-7ff704000 rw-s 000e7000 00:0e 16605                            /dev/kgsl-3d0
7ff704000-7ff708000 rw-s 000e6000 00:0e 16605                            /dev/kgsl-3d0
7ff708000-7ff70c000 rw-s 000e5000 00:0e 16605                            /dev/kgsl-3d0
7ff70c000-7ff70e000 rw-s 000dc000 00:0e 16605                            /dev/kgsl-3d0
7ff70f000-7ff711000 rw-s 001d5000 00:0e 16605                            /dev/kgsl-3d0
7ff711000-7ff713000 rw-s 0012a000 00:0e 16605                            /dev/kgsl-3d0
7ff713000-7ff715000 rw-s 00129000 00:0e 16605                            /dev/kgsl-3d0
7ff715000-7ff717000 rw-s 00128000 00:0e 16605                            /dev/kgsl-3d0
7ff717000-7ff719000 rw-s 00127000 00:0e 16605                            /dev/kgsl-3d0
7ff719000-7ff71b000 rw-s 00126000 00:0e 16605                            /dev/kgsl-3d0
7ff71b000-7ff71d000 rw-s 00125000 00:0e 16605                            /dev/kgsl-3d0
7ff71d000-7ff71f000 rw-s 00124000 00:0e 16605                            /dev/kgsl-3d0
7ff71f000-7ff721000 rw-s 00123000 00:0e 16605                            /dev/kgsl-3d0
7ff721000-7ff723000 rw-s 00122000 00:0e 16605                            /dev/kgsl-3d0
7ff723000-7ff725000 rw-s 00121000 00:0e 16605                            /dev/kgsl-3d0
7ff725000-7ff727000 rw-s 00120000 00:0e 16605                            /dev/kgsl-3d0
7ff727000-7ff729000 rw-s 0011f000 00:0e 16605                            /dev/kgsl-3d0
7ff729000-7ff72d000 rw-s 00115000 00:0e 16605                            /dev/kgsl-3d0
7ff72d000-7ff731000 rw-s 00114000 00:0e 16605                            /dev/kgsl-3d0
7ff731000-7ff732000 rw-s 000e9000 00:0e 16605                            /dev/kgsl-3d0
7ff733000-7ff734000 rw-s 00226000 00:0e 16605                            /dev/kgsl-3d0
7ff734000-7ff736000 rw-s 001d4000 00:0e 16605                            /dev/kgsl-3d0
7ff736000-7ff738000 rw-s 001d3000 00:0e 16605                            /dev/kgsl-3d0
7ff738000-7ff73a000 rw-s 00112000 00:0e 16605                            /dev/kgsl-3d0
7ff73a000-7ff73c000 rw-s 0008a000 00:0e 16605                            /dev/kgsl-3d0
7ff73d000-7ff73e000 rw-s 000e4000 00:0e 16605                            /dev/kgsl-3d0
7ff73f000-7ff740000 rw-s 0022f000 00:0e 16605                            /dev/kgsl-3d0
7ff740000-7ff742000 rw-s 0010e000 00:0e 16605                            /dev/kgsl-3d0
7ff742000-7ff744000 rw-s 00109000 00:0e 16605                            /dev/kgsl-3d0
7ff744000-7ff746000 rw-s 00107000 00:0e 16605                            /dev/kgsl-3d0
7ff746000-7ff748000 rw-s 00106000 00:0e 16605                            /dev/kgsl-3d0
7ff74e000-7ff750000 rw-s 000cc000 00:0e 16605                            /dev/kgsl-3d0
7ff750000-7ff760000 rw-s 000b1000 00:0e 16605                            /dev/kgsl-3d0
7ff761000-7ff765000 rw-s 000da000 00:0e 16605                            /dev/kgsl-3d0
7ff766000-7ff768000 rw-s 0011e000 00:0e 16605                            /dev/kgsl-3d0
7ff768000-7ff76c000 rw-s 000d2000 00:0e 16605                            /dev/kgsl-3d0
7ff76d000-7ff76e000 rw-s 00228000 00:0e 16605                            /dev/kgsl-3d0
7ff76e000-7ff770000 rw-s 00103000 00:0e 16605                            /dev/kgsl-3d0
7ff770000-7ff772000 rw-s 00102000 00:0e 16605                            /dev/kgsl-3d0
7ff772000-7ff774000 rw-s 00101000 00:0e 16605                            /dev/kgsl-3d0
7ff775000-7ff776000 rw-s 0020e000 00:0e 16605                            /dev/kgsl-3d0
7ff776000-7ff778000 rw-s 0011d000 00:0e 16605                            /dev/kgsl-3d0
7ff778000-7ff77a000 rw-s 000ff000 00:0e 16605                            /dev/kgsl-3d0
7ff77a000-7ff77c000 rw-s 000fe000 00:0e 16605                            /dev/kgsl-3d0
7ff77c000-7ff780000 rw-s 0006a000 00:0e 16605                            /dev/kgsl-3d0
7ff780000-7ff7a0000 rw-s 00051000 00:0e 16605                            /dev/kgsl-3d0
7ff7a1000-7ff7a2000 rw-s 00210000 00:0e 16605                            /dev/kgsl-3d0
7ff7a2000-7ff7a4000 rw-s 000bb000 00:0e 16605                            /dev/kgsl-3d0
7ff7a5000-7ff7a6000 rw-s 0025d000 00:0e 16605                            /dev/kgsl-3d0
7ff7a6000-7ff7a8000 rw-s 000ca000 00:0e 16605                            /dev/kgsl-3d0
7ff7a8000-7ff7aa000 rw-s 000c9000 00:0e 16605                            /dev/kgsl-3d0
7ff7aa000-7ff7ba000 rw-s 0009a000 00:0e 16605                            /dev/kgsl-3d0
7ff7bb000-7ff7bc000 rw-s 0022c000 00:0e 16605                            /dev/kgsl-3d0
7ff7bc000-7ff7be000 rw-s 000b7000 00:0e 16605                            /dev/kgsl-3d0
7ff7be000-7ff7c0000 rw-s 00096000 00:0e 16605                            /dev/kgsl-3d0
7ff7c0000-7ff7c2000 rw-s 00095000 00:0e 16605                            /dev/kgsl-3d0
7ff7c2000-7ff7c4000 rw-s 00041000 00:0e 16605                            /dev/kgsl-3d0
7ff7c4000-7ff7c6000 rw-s 00040000 00:0e 16605                            /dev/kgsl-3d0
7ff7c6000-7ff7c8000 rw-s 0003f000 00:0e 16605                            /dev/kgsl-3d0
7ff7c8000-7ff7ca000 rw-s 0003e000 00:0e 16605                            /dev/kgsl-3d0
7ff7ca000-7ff7cc000 rw-s 0003d000 00:0e 16605                            /dev/kgsl-3d0
7ff7cc000-7ff7ce000 rw-s 0003c000 00:0e 16605                            /dev/kgsl-3d0
7ff7ce000-7ff7d0000 rw-s 00035000 00:0e 16605                            /dev/kgsl-3d0
7ff7d1000-7ff7d2000 rw-s 0020c000 00:0e 16605                            /dev/kgsl-3d0
7ff7d2000-7ff7d4000 rw-s 000b6000 00:0e 16605                            /dev/kgsl-3d0
7ff7d4000-7ff7e4000 rw-s 000ad000 00:0e 16605                            /dev/kgsl-3d0
7ff7e5000-7ff7e6000 rw-s 00230000 00:0e 16605                            /dev/kgsl-3d0
7ff7e6000-7ff7ea000 rw-s 000c2000 00:0e 16605                            /dev/kgsl-3d0
7ff7eb000-7ff7ec000 rw-s 00286000 00:0e 16605                            /dev/kgsl-3d0
7ff7ec000-7ff7ed000 rw-s 00275000 00:0e 16605                            /dev/kgsl-3d0
7ff7ed000-7ff7ee000 rw-s 0020d000 00:0e 16605                            /dev/kgsl-3d0
7ff7ee000-7ff7f2000 rw-s 00111000 00:0e 16605                            /dev/kgsl-3d0
7ff7f2000-7ff7f4000 rw-s 000b5000 00:0e 16605                            /dev/kgsl-3d0
7ff7f4000-7ff7f8000 rw-s 000a8000 00:0e 16605                            /dev/kgsl-3d0
7ff7f9000-7ff7fa000 rw-s 001ec000 00:0e 16605                            /dev/kgsl-3d0
7ff7fa000-7ff7fc000 rw-s 000ee000 00:0e 16605                            /dev/kgsl-3d0
7ff7fd000-7ff7fe000 rw-s 001e8000 00:0e 16605                            /dev/kgsl-3d0
7ff7fe000-7ff800000 rw-s 000d7000 00:0e 16605                            /dev/kgsl-3d0
7ff800000-7ff802000 rw-s 000d5000 00:0e 16605                            /dev/kgsl-3d0
7ff803000-7ff804000 rw-s 001fa000 00:0e 16605                            /dev/kgsl-3d0
7ff804000-7ff808000 rw-s 00110000 00:0e 16605                            /dev/kgsl-3d0
7ff808000-7ff80c000 rw-s 0009f000 00:0e 16605                            /dev/kgsl-3d0
7ff80d000-7ff80e000 rw-s 00221000 00:0e 16605                            /dev/kgsl-3d0
7ff80e000-7ff80f000 rw-s 00116000 00:0e 16605                            /dev/kgsl-3d0
7ff80f000-7ff813000 rw-s 0010f000 00:0e 16605                            /dev/kgsl-3d0
7ff814000-7ff816000 rw-s 0011c000 00:0e 16605                            /dev/kgsl-3d0
7ff817000-7ff819000 rw-s 000bd000 00:0e 16605                            /dev/kgsl-3d0
7ff819000-7ff81b000 rw-s 00057000 00:0e 16605                            /dev/kgsl-3d0
7ff81b000-7ff81d000 rw-s 000d6000 00:0e 16605                            /dev/kgsl-3d0
7ff81e000-7ff820000 rw-s 000c0000 00:0e 16605                            /dev/kgsl-3d0
7ff820000-7ff824000 rw-s 00104000 00:0e 16605                            /dev/kgsl-3d0
7ff825000-7ff829000 rw-s 00094000 00:0e 16605                            /dev/kgsl-3d0
7ff82a000-7ff82b000 rw-s 0023b000 00:0e 16605                            /dev/kgsl-3d0
7ff82c000-7ff82d000 rw-s 001fb000 00:0e 16605                            /dev/kgsl-3d0
7ff82d000-7ff831000 rw-s 00054000 00:0e 16605                            /dev/kgsl-3d0
7ff831000-7ff835000 rw-s 000d1000 00:0e 16605                            /dev/kgsl-3d0
7ff835000-7ff836000 rw-s 000d0000 00:0e 16605                            /dev/kgsl-3d0
7ff837000-7ff838000 rw-s 000cb000 00:0e 16605                            /dev/kgsl-3d0
7ff839000-7ff83a000 rw-s 0021e000 00:0e 16605                            /dev/kgsl-3d0
7ff83a000-7ff83c000 rw-s 00034000 00:0e 16605                            /dev/kgsl-3d0
7ff83d000-7ff83e000 rw-s 000b2000 00:0e 16605                            /dev/kgsl-3d0
7ff83e000-7ff840000 rw-s 00052000 00:0e 16605                            /dev/kgsl-3d0
7ff840000-7ff842000 rw-s 0004d000 00:0e 16605                            /dev/kgsl-3d0
7ff842000-7ff844000 rw-s 0004b000 00:0e 16605                            /dev/kgsl-3d0
7ff844000-7ff854000 rw-s 0002f000 00:0e 16605                            /dev/kgsl-3d0
7ff854000-7ff864000 rw-s 0002e000 00:0e 16605                            /dev/kgsl-3d0
7ff864000-7ff86c000 rw-s 0002d000 00:0e 16605                            /dev/kgsl-3d0
7ff86c000-7ff870000 rw-s 0002b000 00:0e 16605                            /dev/kgsl-3d0
7ff870000-7ff880000 rw-s 00029000 00:0e 16605                            /dev/kgsl-3d0
7ff880000-7ff890000 rw-s 00028000 00:0e 16605                            /dev/kgsl-3d0
7ff890000-7ff8a0000 rw-s 00027000 00:0e 16605                            /dev/kgsl-3d0
7ff8a0000-7ff8b0000 rw-s 00026000 00:0e 16605                            /dev/kgsl-3d0
7ff8b1000-7ff8b2000 rw-s 000b0000 00:0e 16605                            /dev/kgsl-3d0
7ff8b2000-7ff8b4000 rw-s 0008f000 00:0e 16605                            /dev/kgsl-3d0
7ff8b4000-7ff8b6000 rw-s 0008e000 00:0e 16605                            /dev/kgsl-3d0
7ff8b7000-7ff8b8000 rw-s 000af000 00:0e 16605                            /dev/kgsl-3d0
7ff8b8000-7ff8bc000 rw-s 0001c000 00:0e 16605                            /dev/kgsl-3d0
7ff8bc000-7ff8be000 rw-s 0008d000 00:0e 16605                            /dev/kgsl-3d0
7ff8be000-7ff8c2000 rw-s 00020000 00:0e 16605                            /dev/kgsl-3d0
7ff8c2000-7ff8c4000 rw-s 0006f000 00:0e 16605                            /dev/kgsl-3d0
7ff8c4000-7ff8c6000 rw-s 0006e000 00:0e 16605                            /dev/kgsl-3d0
7ff8c6000-7ff8c8000 rw-s 00058000 00:0e 16605                            /dev/kgsl-3d0
7ff8c8000-7ff8ca000 rw-s 0006d000 00:0e 16605                            /dev/kgsl-3d0
7ff8cb000-7ff8cc000 rw-s 000ae000 00:0e 16605                            /dev/kgsl-3d0
7ff8cc000-7ff8ce000 rw-s 000aa000 00:0e 16605                            /dev/kgsl-3d0
7ff8ce000-7ff8d0000 rw-s 00089000 00:0e 16605                            /dev/kgsl-3d0
7ff8d1000-7ff8d2000 rw-s 000a7000 00:0e 16605                            /dev/kgsl-3d0
7ff8d3000-7ff8d4000 rw-s 000a0000 00:0e 16605                            /dev/kgsl-3d0
7ff8d5000-7ff8d6000 rw-s 000a2000 00:0e 16605                            /dev/kgsl-3d0
7ff8d6000-7ff8d7000 rw-s 000a3000 00:0e 16605                            /dev/kgsl-3d0
7ff8d8000-7ff8da000 rw-s 00086000 00:0e 16605                            /dev/kgsl-3d0
7ff8db000-7ff8dc000 rw-s 0009e000 00:0e 16605                            /dev/kgsl-3d0
7ff8dc000-7ff8dd000 rw-s 0009d000 00:0e 16605                            /dev/kgsl-3d0
7ff8dd000-7ff8de000 rw-s 0009c000 00:0e 16605                            /dev/kgsl-3d0
7ff8de000-7ff8e0000 rw-s 00093000 00:0e 16605                            /dev/kgsl-3d0
7ff8e1000-7ff8e2000 rw-s 0009b000 00:0e 16605                            /dev/kgsl-3d0
7ff8e2000-7ff8e4000 rw-s 0008c000 00:0e 16605                            /dev/kgsl-3d0
7ff8e4000-7ff8e6000 rw-s 00050000 00:0e 16605                            /dev/kgsl-3d0
7ff8e6000-7ff8e8000 rw-s 00036000 00:0e 16605                            /dev/kgsl-3d0
7ff8e9000-7ff8ea000 rw-s 00099000 00:0e 16605                            /dev/kgsl-3d0
7ff8ea000-7ff8ee000 rw-s 00021000 00:0e 16605                            /dev/kgsl-3d0
7ff8ee000-7ff8f0000 rw-s 00022000 00:0e 16605                            /dev/kgsl-3d0
7ff8f0000-7ffba0000 rw-s 0001d000 00:0e 16605                            /dev/kgsl-3d0
7ffba1000-7ffba2000 rw-s 00098000 00:0e 16605                            /dev/kgsl-3d0
7ffba2000-7ffba4000 rw-s 00088000 00:0e 16605                            /dev/kgsl-3d0
7ffba4000-7ffba6000 rw-s 00069000 00:0e 16605                            /dev/kgsl-3d0
7ffba6000-7ffba8000 rw-s 00055000 00:0e 16605                            /dev/kgsl-3d0
7ffba8000-7ffbaa000 rw-s 0004f000 00:0e 16605                            /dev/kgsl-3d0
7ffbaa000-7ffbac000 rw-s 0004e000 00:0e 16605                            /dev/kgsl-3d0
7ffbac000-7ffbae000 rw-s 00037000 00:0e 16605                            /dev/kgsl-3d0
7ffbae000-7ffbb0000 rw-s 00023000 00:0e 16605                            /dev/kgsl-3d0
7ffbb0000-7ffc66000 rw-s 0001b000 00:0e 16605                            /dev/kgsl-3d0
7ffc67000-7ffc68000 rw-s 00038000 00:0e 16605                            /dev/kgsl-3d0
7ffc68000-7ffc6c000 rw-s 0002a000 00:0e 16605                            /dev/kgsl-3d0
7ffc6c000-7ffc70000 rw-s 00025000 00:0e 16605                            /dev/kgsl-3d0
7ffc70000-7fff14000 rw-s 0001a000 00:0e 16605                            /dev/kgsl-3d0
7fff15000-7fff17000 rw-s 00033000 00:0e 16605                            /dev/kgsl-3d0
7fff17000-7fff18000 rw-s 00032000 00:0e 16605                            /dev/kgsl-3d0
7fff18000-7fff1c000 rw-s 00024000 00:0e 16605                            /dev/kgsl-3d0
7fff1d000-7fff1f000 rw-s 00070000 00:0e 16605                            /dev/kgsl-3d0
7fff1f000-7fff20000 rw-s 0006c000 00:0e 16605                            /dev/kgsl-3d0
7fff20000-7fffc9000 rw-s 00019000 00:0e 16605                            /dev/kgsl-3d0
7fffca000-7fffcc000 rw-s 0008b000 00:0e 16605                            /dev/kgsl-3d0
7fffcc000-7fffce000 rw-s 0002c000 00:0e 16605                            /dev/kgsl-3d0
7fffcf000-7fffd0000 rw-s 00097000 00:0e 16605                            /dev/kgsl-3d0
7fffd1000-7fffd2000 rw-s 00077000 00:0e 16605                            /dev/kgsl-3d0
7fffd3000-7fffd4000 rw-s 0001e000 00:0e 16605                            /dev/kgsl-3d0
7fffd4000-7fffd5000 rw-s 00018000 00:0e 16605                            /dev/kgsl-3d0
7fffd5000-7fffdd000 rw-s 00017000 00:0e 16605                            /dev/kgsl-3d0
7fffdd000-7fffde000 rw-s 00016000 00:0e 16605                            /dev/kgsl-3d0
7fffde000-7fffe0000 rw-s 00015000 00:0e 16605                            /dev/kgsl-3d0
7fffe0000-7fffe1000 rw-s 00014000 00:0e 16605                            /dev/kgsl-3d0
7fffe1000-7fffe5000 rw-s 00013000 00:0e 16605                            /dev/kgsl-3d0
7fffe5000-7fffe6000 rw-s 00012000 00:0e 16605                            /dev/kgsl-3d0
7fffe6000-7fffe7000 rw-s 00011000 00:0e 16605                            /dev/kgsl-3d0
7fffe7000-7fffe8000 rw-s 00010000 00:0e 16605                            /dev/kgsl-3d0
7fffe8000-7fffe9000 rw-s 0000f000 00:0e 16605                            /dev/kgsl-3d0
7fffe9000-7fffea000 rw-s 0000e000 00:0e 16605                            /dev/kgsl-3d0
7fffea000-7fffeb000 rw-s 0000d000 00:0e 16605                            /dev/kgsl-3d0
7fffeb000-7fffec000 rw-s 0000c000 00:0e 16605                            /dev/kgsl-3d0
7fffec000-7ffff0000 rw-s 0000b000 00:0e 16605                            /dev/kgsl-3d0
7ffff0000-7ffff1000 rw-s 0000a000 00:0e 16605                            /dev/kgsl-3d0
7ffff1000-7ffff5000 rw-s 00009000 00:0e 16605                            /dev/kgsl-3d0
7ffff5000-7ffff6000 rw-s 00008000 00:0e 16605                            /dev/kgsl-3d0
7ffff6000-7ffff7000 rw-s 00007000 00:0e 16605                            /dev/kgsl-3d0
7ffff7000-7ffff8000 rw-s 00006000 00:0e 16605                            /dev/kgsl-3d0
7ffff8000-7ffff9000 rw-s 00005000 00:0e 16605                            /dev/kgsl-3d0
7ffff9000-7ffffa000 rw-s 00004000 00:0e 16605                            /dev/kgsl-3d0
7ffffa000-7ffffb000 rw-s 00003000 00:0e 16605                            /dev/kgsl-3d0
7ffffb000-7ffffc000 rw-s 00002000 00:0e 16605                            /dev/kgsl-3d0
7ffffc000-800000000 rw-s 00001000 00:0e 16605                            /dev/kgsl-3d0
5dedb77000-5dedb7c000 r-xp 00000000 103:1f 1049                          /system/bin/app_process64
5dedb7c000-5dedb7d000 r--p 00004000 103:1f 1049                          /system/bin/app_process64
5dedb7d000-5dedb7e000 rw-p 00005000 103:1f 1049                          /system/bin/app_process64
5dedb7e000-5dedb7f000 rw-p 00000000 00:00 0 
7825a00000-7827a00000 rw-p 00000000 00:00 0                              [anon:libc_malloc]
7827a05000-7827a09000 ---p 00000000 00:00 0 
7827a09000-7827c04000 rw-p 00000000 00:00 0 
7827c04000-7827c08000 ---p 00000000 00:00 0 
7827c08000-7827e03000 rw-p 00000000 00:00 0 
7828002000-7828006000 ---p 00000000 00:00 0 
7828006000-7828201000 rw-p 00000000 00:00 0 
7828201000-7828205000 ---p 00000000 00:00 0 
7828205000-7828400000 rw-p 00000000 00:00 0 
7828400000-7829200000 rw-p 00000000 00:00 0                              [anon:libc_malloc]
7829400000-782aa00000 rw-p 00000000 00:00 0                              [anon:libc_malloc]
782aa07000-782aa0b000 ---p 00000000 00:00 0 
782aa0b000-782ac06000 rw-p 00000000 00:00 0 
782ac06000-782ac0a000 ---p 00000000 00:00 0 
782ac0a000-782ae05000 rw-p 00000000 00:00 0 
782ae05000-782ae09000 ---p 00000000 00:00 0 
782ae09000-782b004000 rw-p 00000000 00:00 0 
782b004000-782b008000 ---p 00000000 00:00 0 
782b008000-782b203000 rw-p 00000000 00:00 0 
782b203000-782b207000 ---p 00000000 00:00 0 
782b207000-782b402000 rw-p 00000000 00:00 0 
782b402000-782b406000 ---p 00000000 00:00 0 
782b406000-782b601000 rw-p 00000000 00:00 0 
782b601000-782b605000 ---p 00000000 00:00 0 
782b605000-782b800000 rw-p 00000000 00:00 0 
782b800000-782c400000 rw-p 00000000 00:00 0                              [anon:libc_malloc]
782c401000-782c405000 ---p 00000000 00:00 0 
782c405000-782c600000 rw-p 00000000 00:00 0 
782c600000-7832e00000 rw-p 00000000 00:00 0                              [anon:libc_malloc]
7832e03000-7832e04000 ---p 00000000 00:00 0                              [anon:thread stack guard page]
7832e04000-7832f00000 rw-p 00000000 00:00 0 
7832f00000-7833600000 rw-s 00000000 00:01 153859993                      /dev/ashmem/AudioFlinger::Client (deleted)
7833600000-783de00000 rw-p 00000000 00:00 0                              [anon:libc_malloc]
783de03000-783de07000 ---p 00000000 00:00 0 
783de07000-783e002000 rw-p 00000000 00:00 0 
783e002000-783e006000 ---p 00000000 00:00 0 
783e006000-783e201000 rw-p 00000000 00:00 0 
783e201000-783e205000 ---p 00000000 00:00 0 
783e205000-783e400000 rw-p 00000000 00:00 0 
783e400000-7848c00000 rw-p 00000000 00:00 0                              [anon:libc_malloc]
7848c01000-7848c05000 ---p 00000000 00:00 0 
7848c05000-7848e00000 rw-p 00000000 00:00 0 
7848e00000-7849800000 rw-p 00000000 00:00 0                              [anon:libc_malloc]
78498a7000-78498a8000 ---p 00000000 00:00 0                              [anon:thread stack guard page]
78498a8000-78499a4000 rw-p 00000000 00:00 0 
78499a4000-78499b5000 r--p 00000000 fd:00 491836                         /data/app/net.kdt.pojavlaunch.firefly-0wBDA2ZCbE_1xKdhtTbuwg==/lib/arm64/liblwjgl_stb.so
78499b5000-78499fa000 r-xp 00010000 fd:00 491836                         /data/app/net.kdt.pojavlaunch.firefly-0wBDA2ZCbE_1xKdhtTbuwg==/lib/arm64/liblwjgl_stb.so
78499fa000-78499fb000 r--p 00054000 fd:00 491836                         /data/app/net.kdt.pojavlaunch.firefly-0wBDA2ZCbE_1xKdhtTbuwg==/lib/arm64/liblwjgl_stb.so
78499fb000-78499fc000 rw-p 00054000 fd:00 491836                         /data/app/net.kdt.pojavlaunch.firefly-0wBDA2ZCbE_1xKdhtTbuwg==/lib/arm64/liblwjgl_stb.so
78499fc000-78499fd000 rw-p 00000000 00:00 0                              [anon:.bss]
7849a00000-7849e00000 rw-p 00000000 00:00 0                              [anon:libc_malloc]
7849e01000-7849e05000 ---p 00000000 00:00 0 
7849e05000-784a000000 rw-p 00000000 00:00 0 
784a000000-784a180000 rw-p 00000000 00:00 0 
784a180000-784a200000 rw-p 00000000 00:00 0 
784a200000-784a780000 rw-p 00000000 00:00 0 
784a780000-784a800000 rw-p 00000000 00:00 0 
784a800000-784af00000 rw-p 00000000 00:00 0 
784af00000-784b000000 rw-p 00000000 00:00 0 
784b000000-784bd00000 rw-p 00000000 00:00 0 
784bd00000-784be00000 rw-p 00000000 00:00 0 
784be00000-784d3c0000 rw-p 00000000 00:00 0 
784d3c0000-784d3d0000 rw-p 00000000 00:00 0 
784d3d0000-784d400000 ---p 00000000 00:00 0 
784d400000-784d6a0000 rw-p 00000000 00:00 0 
784d6a0000-784e000000 ---p 00000000 00:00 0 
784e003000-784e007000 ---p 00000000 00:00 0 
784e007000-784e202000 rw-p 00000000 00:00 0 
784e202000-784e206000 ---p 00000000 00:00 0 
784e206000-784e401000 rw-p 00000000 00:00 0 
784e401000-784e405000 ---p 00000000 00:00 0 
784e405000-784e600000 rw-p 00000000 00:00 0 
784e600000-784e800000 rw-p 00000000 00:00 0                              [anon:libc_malloc]
784e801000-784e805000 ---p 00000000 00:00 0 
784e805000-784ea00000 rw-p 00000000 00:00 0 
784ea00000-784f000000 rw-p 00000000 00:00 0                              [anon:libc_malloc]
784f008000-784f00c000 ---p 00000000 00:00 0 
784f00c000-784f207000 rw-p 00000000 00:00 0 
784f207000-784f20b000 ---p 00000000 00:00 0 
784f20b000-784f406000 rw-p 00000000 00:00 0 
784f605000-784f609000 ---p 00000000 00:00 0 
784f609000-784f804000 rw-p 00000000 00:00 0 
784f804000-784f808000 ---p 00000000 00:00 0 
784f808000-784fa03000 rw-p 00000000 00:00 0 
784fa03000-784fa07000 ---p 00000000 00:00 0 
784fa07000-784fc02000 rw-p 00000000 00:00 0 
784fc02000-784fc06000 ---p 00000000 00:00 0 
784fc06000-784fe01000 rw-p 00000000 00:00 0 
784fe01000-784fe05000 ---p 00000000 00:00 0 
784fe05000-7850000000 rw-p 00000000 00:00 0 
7850000000-7853400000 rw-p 00000000 00:00 0                              [anon:libc_malloc]
7853400000-7853401000 ---p 00000000 00:00 0                              [anon:thread stack guard page]
7853401000-7853600000 rw-p 00000000 00:00 0 
7853600000-7854200000 rw-p 00000000 00:00 0                              [anon:libc_malloc]
7854200000-7854201000 ---p 00000000 00:00 0                              [anon:thread stack guard page]
7854201000-7854400000 rw-p 00000000 00:00 0 
7854400000-7854401000 ---p 00000000 00:00 0                              [anon:thread stack guard page]
7854401000-7854600000 rw-p 00000000 00:00 0 
7854600000-7856e00000 rw-p 00000000 00:00 0                              [anon:libc_malloc]
7856e01000-7856e02000 ---p 00000000 00:00 0                              [anon:thread stack guard page]
7856e02000-7857001000 rw-p 00000000 00:00 0 
7857001000-7857002000 ---p 00000000 00:00 0                              [anon:thread stack guard page]
7857002000-7857201000 rw-p 00000000 00:00 0 
7857201000-7857202000 ---p 00000000 00:00 0                              [anon:thread stack guard page]
7857202000-7857401000 rw-p 00000000 00:00 0 
7857401000-7857405000 ---p 00000000 00:00 0 
7857405000-7857600000 rw-p 00000000 00:00 0 
7857600000-7857e00000 rw-p 00000000 00:00 0                              [anon:libc_malloc]
7857e06000-7857e07000 ---p 00000000 00:00 0                              [anon:thread stack guard page]
7857e07000-7857e08000 ---p 00000000 00:00 0 
7857e08000-7857f03000 rw-p 00000000 00:00 0 
7857f91000-7857fe5000 r-xp 00000000 fd:00 491835                         /data/app/net.kdt.pojavlaunch.firefly-0wBDA2ZCbE_1xKdhtTbuwg==/lib/arm64/liblwjgl_opengl.so
7857fe5000-7857fe6000 r--p 00053000 fd:00 491835                         /data/app/net.kdt.pojavlaunch.firefly-0wBDA2ZCbE_1xKdhtTbuwg==/lib/arm64/liblwjgl_opengl.so
7858000000-7858600000 rw-p 00000000 00:00 0                              [anon:libc_malloc]
7858600000-7859000000 rw-p 00000000 00:00 0                              [anon:libc_malloc]
7859001000-7859002000 ---p 00000000 00:00 0                              [anon:thread stack guard page]
7859002000-7859201000 rw-p 00000000 00:00 0 
7859201000-7859205000 ---p 00000000 00:00 0 
7859205000-7859400000 rw-p 00000000 00:00 0 
7859400000-7859600000 rw-p 00000000 00:00 0                              [anon:libc_malloc]
7859603000-7859607000 ---p 00000000 00:00 0 
7859607000-7859802000 rw-p 00000000 00:00 0 
7859802000-7859806000 ---p 00000000 00:00 0 
7859806000-7859a01000 rw-p 00000000 00:00 0 
7859a01000-7859a05000 ---p 00000000 00:00 0 
7859a05000-7859c00000 rw-p 00000000 00:00 0 
7859c00000-7859e00000 rw-p 00000000 00:00 0                              [anon:libc_malloc]
7859e67000-785fe09000 r--s 00000000 fd:00 1343657                        /data/data/net.kdt.pojavlaunch.firefly/runtimes/Internal-17/lib/modules
785fe09000-785fe0d000 ---p 00000000 00:00 0 
785fe0d000-7860008000 rw-p 00000000 00:00 0 
7860008000-786000c000 ---p 00000000 00:00 0 
786000c000-7860207000 rw-p 00000000 00:00 0 
7860207000-786020b000 ---p 00000000 00:00 0 
786020b000-7860406000 rw-p 00000000 00:00 0 
7860406000-786040a000 ---p 00000000 00:00 0 
786040a000-7860605000 rw-p 00000000 00:00 0 
7860605000-7860609000 ---p 00000000 00:00 0 
7860609000-7860804000 rw-p 00000000 00:00 0 
7860804000-7860808000 ---p 00000000 00:00 0 
7860808000-7860a03000 rw-p 00000000 00:00 0 
7860a03000-7860a07000 ---p 00000000 00:00 0 
7860a07000-7860c02000 rw-p 00000000 00:00 0 
7860c02000-7860c06000 ---p 00000000 00:00 0 
7860c06000-7860e01000 rw-p 00000000 00:00 0 
7860e01000-7860e05000 ---p 00000000 00:00 0 
7860e05000-7861000000 rw-p 00000000 00:00 0 
7861000000-7861500000 rw-p 00000000 00:00 0 
7861500000-7861520000 rw-p 00000000 00:00 0 
7861520000-7861540000 rw-p 00000000 00:00 0 
7861540000-7861580000 rw-p 00000000 00:00 0 
7861580000-7861700000 rw-p 00000000 00:00 0 
7861700000-7861720000 rw-p 00000000 00:00 0 
7861720000-7861740000 rw-p 00000000 00:00 0 
7861740000-7861780000 rw-p 00000000 00:00 0 
7861780000-7861900000 rw-p 00000000 00:00 0 
7861900000-7861980000 rw-p 00000000 00:00 0 
7861980000-7861c00000 rw-p 00000000 00:00 0 
7861c00000-7861d80000 rw-p 00000000 00:00 0 
7861d80000-7861e00000 rw-p 00000000 00:00 0 
7861e00000-7861f00000 rw-p 00000000 00:00 0 
7861f00000-7862000000 rw-p 00000000 00:00 0 
7862000000-78620c0000 rw-p 00000000 00:00 0 
78620c0000-7862100000 rw-p 00000000 00:00 0 
7862100000-7862280000 rw-p 00000000 00:00 0 
7862280000-7862300000 rw-p 00000000 00:00 0 
7862300000-7862500000 rw-p 00000000 00:00 0 
7862500000-7862900000 rw-p 00000000 00:00 0 
7862900000-7862a00000 rw-p 00000000 00:00 0 
7862a00000-7862f00000 rw-p 00000000 00:00 0 
7862f00000-7863000000 rw-p 00000000 00:00 0 
7863000000-7863c40000 rw-p 00000000 00:00 0 
7863c40000-7864700000 rw-p 00000000 00:00 0 
7864700000-7864800000 rw-p 00000000 00:00 0 
7864800000-7864960000 rw-p 00000000 00:00 0 
7864960000-7864980000 rw-p 00000000 00:00 0 
7864980000-7864b00000 rw-p 00000000 00:00 0 
7864b00000-7865000000 rw-p 00000000 00:00 0 
7865000000-7865001000 ---p 00000000 00:00 0                              [anon:thread stack guard page]
7865001000-7865200000 rw-p 00000000 00:00 0 
7865200000-7865201000 ---p 00000000 00:00 0                              [anon:thread stack guard page]
7865201000-7865400000 rw-p 00000000 00:00 0 
7865400000-7865401000 ---p 00000000 00:00 0                              [anon:thread stack guard page]
7865401000-7865600000 rw-p 00000000 00:00 0 
7865600000-7865e00000 rw-p 00000000 00:00 0                              [anon:libc_malloc]
7865e00000-7867e00000 rw-p 00000000 00:00 0 
7867e00000-7867e01000 ---p 00000000 00:00 0                              [anon:thread stack guard page]
7867e01000-7868000000 rw-p 00000000 00:00 0 
7868000000-7868001000 ---p 00000000 00:00 0                              [anon:thread stack guard page]
7868001000-7868200000 rw-p 00000000 00:00 0 
7868200000-7868201000 ---p 00000000 00:00 0                              [anon:thread stack guard page]
7868201000-7868400000 rw-p 00000000 00:00 0 
7868400000-786aa00000 rw-p 00000000 00:00 0 
786aa00000-786b000000 rw-p 00000000 00:00 0                              [anon:libc_malloc]
786b054000-786b06f000 rw-p 00000000 00:00 0 
786b06f000-786b24f000 ---p 00000000 00:00 0 
786b24f000-786b2a7000 rw-p 00000000 00:00 0 
786b2a7000-786b44a000 ---p 00000000 00:00 0 
786b44a000-786e00a000 rwxp 00000000 00:00 0 
786e00a000-787b181000 ---p 00000000 00:00 0 
787b181000-787b421000 rwxp 00000000 00:00 0 
787b421000-787b713000 ---p 00000000 00:00 0 
787b713000-787c443000 rwxp 00000000 00:00 0 
787c443000-788b44a000 ---p 00000000 00:00 0 
788b44a000-78913ec000 r--s 00000000 fd:00 1343657                        /data/data/net.kdt.pojavlaunch.firefly/runtimes/Internal-17/lib/modules
78913ec000-78913f0000 ---p 00000000 00:00 0 
78913f0000-78915eb000 rw-p 00000000 00:00 0 
78915eb000-78915ec000 ---p 00000000 00:00 0                              [anon:thread stack guard page]
78915ec000-78916e8000 rw-p 00000000 00:00 0 
78916e8000-7892464000 r-xp 00000000 103:20 2166                          /vendor/lib64/libllvm-qgl.so
7892464000-789249d000 r--p 00d7b000 103:20 2166                          /vendor/lib64/libllvm-qgl.so
789249d000-78924a2000 rw-p 00db4000 103:20 2166                          /vendor/lib64/libllvm-qgl.so
78924a2000-78924bd000 rw-p 00000000 00:00 0                              [anon:.bss]
78924c1000-7892762000 r-xp 00000000 103:20 1992                          /vendor/lib64/hw/vulkan.msm8953.so
7892762000-78929da000 r--p 002a1000 103:20 1992                          /vendor/lib64/hw/vulkan.msm8953.so
78929da000-78929e7000 rw-p 00519000 103:20 1992                          /vendor/lib64/hw/vulkan.msm8953.so
78929e7000-78929e8000 rw-p 00000000 00:00 0                              [anon:.bss]
7892a00000-7892c00000 rw-p 00000000 00:00 0                              [anon:libc_malloc]
7892c41000-7892c83000 r--p 00000000 fd:00 491831                         /data/app/net.kdt.pojavlaunch.firefly-0wBDA2ZCbE_1xKdhtTbuwg==/lib/arm64/liblwjgl.so
7892c83000-7892c85000 ---p 00000000 00:00 0 
7892c85000-7892cbe000 r-xp 00044000 fd:00 491831                         /data/app/net.kdt.pojavlaunch.firefly-0wBDA2ZCbE_1xKdhtTbuwg==/lib/arm64/liblwjgl.so
7892cbe000-7892cbf000 r--p 0007c000 fd:00 491831                         /data/app/net.kdt.pojavlaunch.firefly-0wBDA2ZCbE_1xKdhtTbuwg==/lib/arm64/liblwjgl.so
7892cbf000-7892cc0000 rw-p 0007c000 fd:00 491831                         /data/app/net.kdt.pojavlaunch.firefly-0wBDA2ZCbE_1xKdhtTbuwg==/lib/arm64/liblwjgl.so
7892cc2000-7893282000 r-xp 00000000 fd:00 491935                         /data/app/com.fcl.plugin.mobileglues-tpZt1vwETc-4WGKg9Soybw==/lib/arm64/libmobileglues.so
7893282000-7893299000 r--p 005bf000 fd:00 491935                         /data/app/com.fcl.plugin.mobileglues-tpZt1vwETc-4WGKg9Soybw==/lib/arm64/libmobileglues.so
7893299000-789329a000 rw-p 005d5000 fd:00 491935                         /data/app/com.fcl.plugin.mobileglues-tpZt1vwETc-4WGKg9Soybw==/lib/arm64/libmobileglues.so
789329a000-78932bd000 rw-p 00000000 00:00 0                              [anon:.bss]
7893356000-78934b5000 r-xp 00000000 fd:00 491844                         /data/app/net.kdt.pojavlaunch.firefly-0wBDA2ZCbE_1xKdhtTbuwg==/lib/arm64/libopenal.so
78934b5000-78934b6000 ---p 00000000 00:00 0 
78934b6000-78934c1000 r--p 0015f000 fd:00 491844                         /data/app/net.kdt.pojavlaunch.firefly-0wBDA2ZCbE_1xKdhtTbuwg==/lib/arm64/libopenal.so
78934c1000-78934c2000 rw-p 0016a000 fd:00 491844                         /data/app/net.kdt.pojavlaunch.firefly-0wBDA2ZCbE_1xKdhtTbuwg==/lib/arm64/libopenal.so
78934c2000-789353f000 rw-p 00000000 00:00 0                              [anon:.bss]
789354c000-789354e000 r-xp 00000000 fd:00 1343739                        /data/data/net.kdt.pojavlaunch.firefly/runtimes/Internal-17/lib/libawt_xawt.so
789354e000-789354f000 r--p 00001000 fd:00 1343739                        /data/data/net.kdt.pojavlaunch.firefly/runtimes/Internal-17/lib/libawt_xawt.so
7893586000-7893595000 r--p 00000000 fd:00 1343732                        /data/data/net.kdt.pojavlaunch.firefly/runtimes/Internal-17/lib/libmlib_image.so
7893595000-78935f3000 r-xp 0000e000 fd:00 1343732                        /data/data/net.kdt.pojavlaunch.firefly/runtimes/Internal-17/lib/libmlib_image.so
78935f3000-78935f5000 r--p 0006b000 fd:00 1343732                        /data/data/net.kdt.pojavlaunch.firefly/runtimes/Internal-17/lib/libmlib_image.so
789360b000-789360f000 r--p 00000000 fd:00 1343731                        /data/data/net.kdt.pojavlaunch.firefly/runtimes/Internal-17/lib/libinstrument.so
789360f000-7893617000 r-xp 00003000 fd:00 1343731                        /data/data/net.kdt.pojavlaunch.firefly/runtimes/Internal-17/lib/libinstrument.so
7893617000-7893618000 r--p 0000a000 fd:00 1343731                        /data/data/net.kdt.pojavlaunch.firefly/runtimes/Internal-17/lib/libinstrument.so
7893618000-7893619000 rw-p 0000a000 fd:00 1343731                        /data/data/net.kdt.pojavlaunch.firefly/runtimes/Internal-17/lib/libinstrument.so
789366d000-789366e000 r--p 00000000 fd:00 1343730                        /data/data/net.kdt.pojavlaunch.firefly/runtimes/Internal-17/lib/libmanagement_agent.so
789366e000-789366f000 r-xp 00000000 fd:00 1343730                        /data/data/net.kdt.pojavlaunch.firefly/runtimes/Internal-17/lib/libmanagement_agent.so
789366f000-7893670000 r--p 00000000 fd:00 1343730                        /data/data/net.kdt.pojavlaunch.firefly/runtimes/Internal-17/lib/libmanagement_agent.so
78936b8000-78936b9000 r--p 00000000 fd:00 1343723                        /data/data/net.kdt.pojavlaunch.firefly/runtimes/Internal-17/lib/libjsig.so
78936b9000-78936bb000 r-xp 00000000 fd:00 1343723                        /data/data/net.kdt.pojavlaunch.firefly/runtimes/Internal-17/lib/libjsig.so
78936bb000-78936bc000 r--p 00001000 fd:00 1343723                        /data/data/net.kdt.pojavlaunch.firefly/runtimes/Internal-17/lib/libjsig.so
78936bc000-78936bd000 rw-p 00001000 fd:00 1343723                        /data/data/net.kdt.pojavlaunch.firefly/runtimes/Internal-17/lib/libjsig.so
78936bd000-78936be000 rw-p 00000000 00:00 0                              [anon:.bss]
78936f3000-78936f6000 r--p 00000000 fd:00 1343718                        /data/data/net.kdt.pojavlaunch.firefly/runtimes/Internal-17/lib/libsctp.so
78936f6000-78936f9000 r-xp 00002000 fd:00 1343718                        /data/data/net.kdt.pojavlaunch.firefly/runtimes/Internal-17/lib/libsctp.so
78936f9000-78936fa000 r--p 00004000 fd:00 1343718                        /data/data/net.kdt.pojavlaunch.firefly/runtimes/Internal-17/lib/libsctp.so
78936fa000-78936fb000 rw-p 00004000 fd:00 1343718                        /data/data/net.kdt.pojavlaunch.firefly/runtimes/Internal-17/lib/libsctp.so
7893700000-7893716000 r--p 00000000 fd:00 1343717                        /data/data/net.kdt.pojavlaunch.firefly/runtimes/Internal-17/lib/liblcms.so
7893716000-789375d000 r-xp 00015000 fd:00 1343717                        /data/data/net.kdt.pojavlaunch.firefly/runtimes/Internal-17/lib/liblcms.so
789375d000-7893760000 r--p 0005b000 fd:00 1343717                        /data/data/net.kdt.pojavlaunch.firefly/runtimes/Internal-17/lib/liblcms.so
7893760000-7893763000 rw-p 0005d000 fd:00 1343717                        /data/data/net.kdt.pojavlaunch.firefly/runtimes/Internal-17/lib/liblcms.so
7893763000-7893764000 rw-p 00000000 00:00 0                              [anon:.bss]
7893787000-789378e000 r--p 00000000 fd:00 1343715                        /data/data/net.kdt.pojavlaunch.firefly/runtimes/Internal-17/lib/libj2pkcs11.so
789378e000-789379c000 r-xp 00006000 fd:00 1343715                        /data/data/net.kdt.pojavlaunch.firefly/runtimes/Internal-17/lib/libj2pkcs11.so
789379c000-789379d000 r--p 00013000 fd:00 1343715                        /data/data/net.kdt.pojavlaunch.firefly/runtimes/Internal-17/lib/libj2pkcs11.so
789379d000-789379e000 rw-p 00013000 fd:00 1343715                        /data/data/net.kdt.pojavlaunch.firefly/runtimes/Internal-17/lib/libj2pkcs11.so
78937ec000-78937ed000 r--p 00000000 fd:00 1343714                        /data/data/net.kdt.pojavlaunch.firefly/runtimes/Internal-17/lib/libjaas.so
78937ed000-78937ee000 r-xp 00000000 fd:00 1343714                        /data/data/net.kdt.pojavlaunch.firefly/runtimes/Internal-17/lib/libjaas.so
78937ee000-78937ef000 r--p 00000000 fd:00 1343714                        /data/data/net.kdt.pojavlaunch.firefly/runtimes/Internal-17/lib/libjaas.so
789382f000-7893831000 r--p 00000000 fd:00 1343713                        /data/data/net.kdt.pojavlaunch.firefly/runtimes/Internal-17/lib/libdt_socket.so
7893831000-7893835000 r-xp 00001000 fd:00 1343713                        /data/data/net.kdt.pojavlaunch.firefly/runtimes/Internal-17/lib/libdt_socket.so
7893835000-7893837000 r--p 00004000 fd:00 1343713                        /data/data/net.kdt.pojavlaunch.firefly/runtimes/Internal-17/lib/libdt_socket.so
7893837000-7893838000 rw-p 00005000 fd:00 1343713                        /data/data/net.kdt.pojavlaunch.firefly/runtimes/Internal-17/lib/libdt_socket.so
7893848000-789384c000 r--p 00000000 fd:00 1343712                        /data/data/net.kdt.pojavlaunch.firefly/runtimes/Internal-17/lib/libj2gss.so
789384c000-7893852000 r-xp 00003000 fd:00 1343712                        /data/data/net.kdt.pojavlaunch.firefly/runtimes/Internal-17/lib/libj2gss.so
7893852000-7893854000 r--p 00008000 fd:00 1343712                        /data/data/net.kdt.pojavlaunch.firefly/runtimes/Internal-17/lib/libj2gss.so
7893854000-7893855000 rw-p 00009000 fd:00 1343712                        /data/data/net.kdt.pojavlaunch.firefly/runtimes/Internal-17/lib/libj2gss.so
789389d000-789389e000 r--p 00000000 fd:00 1343709                        /data/data/net.kdt.pojavlaunch.firefly/runtimes/Internal-17/lib/libextnet.so
789389e000-78938a0000 r-xp 00000000 fd:00 1343709                        /data/data/net.kdt.pojavlaunch.firefly/runtimes/Internal-17/lib/libextnet.so
78938a0000-78938a1000 r--p 00001000 fd:00 1343709                        /data/data/net.kdt.pojavlaunch.firefly/runtimes/Internal-17/lib/libextnet.so
78938dd000-78938ef000 r--p 00000000 fd:00 1343708                        /data/data/net.kdt.pojavlaunch.firefly/runtimes/Internal-17/lib/libjdwp.so
78938ef000-789391a000 r-xp 00011000 fd:00 1343708                        /data/data/net.kdt.pojavlaunch.firefly/runtimes/Internal-17/lib/libjdwp.so
789391a000-789391c000 r--p 0003b000 fd:00 1343708                        /data/data/net.kdt.pojavlaunch.firefly/runtimes/Internal-17/lib/libjdwp.so
789391c000-789391d000 rw-p 0003c000 fd:00 1343708                        /data/data/net.kdt.pojavlaunch.firefly/runtimes/Internal-17/lib/libjdwp.so
789391d000-789391e000 rw-p 00000000 00:00 0                              [anon:.bss]
789395b000-789395c000 r--p 00000000 fd:00 1343707                        /data/data/net.kdt.pojavlaunch.firefly/runtimes/Internal-17/lib/libjawt.so
789395c000-789395d000 r-xp 00000000 fd:00 1343707                        /data/data/net.kdt.pojavlaunch.firefly/runtimes/Internal-17/lib/libjawt.so
789395d000-789395e000 r--p 00000000 fd:00 1343707                        /data/data/net.kdt.pojavlaunch.firefly/runtimes/Internal-17/lib/libjawt.so
78939a5000-78939a6000 r--p 00000000 fd:00 1343685                        /data/data/net.kdt.pojavlaunch.firefly/runtimes/Internal-17/lib/server/libjsig.so
78939a6000-78939a8000 r-xp 00000000 fd:00 1343685                        /data/data/net.kdt.pojavlaunch.firefly/runtimes/Internal-17/lib/server/libjsig.so
78939a8000-78939a9000 r--p 00001000 fd:00 1343685                        /data/data/net.kdt.pojavlaunch.firefly/runtimes/Internal-17/lib/server/libjsig.so
78939a9000-78939aa000 rw-p 00001000 fd:00 1343685                        /data/data/net.kdt.pojavlaunch.firefly/runtimes/Internal-17/lib/server/libjsig.so
78939aa000-78939ab000 rw-p 00000000 00:00 0                              [anon:.bss]
78939c9000-78939d2000 r--p 00000000 fd:00 1343679                        /data/data/net.kdt.pojavlaunch.firefly/runtimes/Internal-17/lib/libjavajpeg.so
78939d2000-78939fb000 r-xp 00008000 fd:00 1343679                        /data/data/net.kdt.pojavlaunch.firefly/runtimes/Internal-17/lib/libjavajpeg.so
78939fb000-78939fd000 r--p 00030000 fd:00 1343679                        /data/data/net.kdt.pojavlaunch.firefly/runtimes/Internal-17/lib/libjavajpeg.so
78939fd000-78939fe000 rw-p 00031000 fd:00 1343679                        /data/data/net.kdt.pojavlaunch.firefly/runtimes/Internal-17/lib/libjavajpeg.so
7893a37000-7893a38000 r--p 00000000 fd:00 1343673                        /data/data/net.kdt.pojavlaunch.firefly/runtimes/Internal-17/lib/librmi.so
7893a38000-7893a39000 r-xp 00000000 fd:00 1343673                        /data/data/net.kdt.pojavlaunch.firefly/runtimes/Internal-17/lib/librmi.so
7893a39000-7893a3a000 r--p 00000000 fd:00 1343673                        /data/data/net.kdt.pojavlaunch.firefly/runtimes/Internal-17/lib/librmi.so
7893a46000-7893a49000 r--p 00000000 fd:00 1343668                        /data/data/net.kdt.pojavlaunch.firefly/runtimes/Internal-17/lib/libmanagement.so
7893a49000-7893a4b000 r-xp 00002000 fd:00 1343668                        /data/data/net.kdt.pojavlaunch.firefly/runtimes/Internal-17/lib/libmanagement.so
7893a4b000-7893a4c000 r--p 00003000 fd:00 1343668                        /data/data/net.kdt.pojavlaunch.firefly/runtimes/Internal-17/lib/libmanagement.so
7893a4c000-7893a4d000 rw-p 00003000 fd:00 1343668                        /data/data/net.kdt.pojavlaunch.firefly/runtimes/Internal-17/lib/libmanagement.so
7893aa1000-7893aa4000 r--p 00000000 fd:00 1343662                        /data/data/net.kdt.pojavlaunch.firefly/runtimes/Internal-17/lib/libmanagement_ext.so
7893aa4000-7893aa7000 r-xp 00002000 fd:00 1343662                        /data/data/net.kdt.pojavlaunch.firefly/runtimes/Internal-17/lib/libmanagement_ext.so
7893aa7000-7893aa9000 r--p 00004000 fd:00 1343662                        /data/data/net.kdt.pojavlaunch.firefly/runtimes/Internal-17/lib/libmanagement_ext.so
7893aa9000-7893aaa000 rw-p 00005000 fd:00 1343662                        /data/data/net.kdt.pojavlaunch.firefly/runtimes/Internal-17/lib/libmanagement_ext.so
7893ada000-7893ade000 r--p 00000000 fd:00 1343660                        /data/data/net.kdt.pojavlaunch.firefly/runtimes/Internal-17/lib/libzip.so
7893ade000-7893ae2000 r-xp 00003000 fd:00 1343660                        /data/data/net.kdt.pojavlaunch.firefly/runtimes/Internal-17/lib/libzip.so
7893ae2000-7893ae4000 r--p 00006000 fd:00 1343660                        /data/data/net.kdt.pojavlaunch.firefly/runtimes/Internal-17/lib/libzip.so
7893ae4000-7893ae5000 rw-p 00007000 fd:00 1343660                        /data/data/net.kdt.pojavlaunch.firefly/runtimes/Internal-17/lib/libzip.so
7893b1e000-7893b1f000 r--p 00000000 fd:00 1343659                        /data/data/net.kdt.pojavlaunch.firefly/runtimes/Internal-17/lib/libprefs.so
7893b1f000-7893b20000 r-xp 00000000 fd:00 1343659                        /data/data/net.kdt.pojavlaunch.firefly/runtimes/Internal-17/lib/libprefs.so
7893b20000-7893b21000 r--p 00000000 fd:00 1343659                        /data/data/net.kdt.pojavlaunch.firefly/runtimes/Internal-17/lib/libprefs.so
7893b6c000-7893b86000 r--p 00000000 fd:00 1343658                        /data/data/net.kdt.pojavlaunch.firefly/runtimes/Internal-17/lib/libjimage.so
7893b86000-7893bb3000 r-xp 00019000 fd:00 1343658                        /data/data/net.kdt.pojavlaunch.firefly/runtimes/Internal-17/lib/libjimage.so
7893bb3000-7893bb8000 r--p 00045000 fd:00 1343658                        /data/data/net.kdt.pojavlaunch.firefly/runtimes/Internal-17/lib/libjimage.so
7893bb8000-7893bb9000 rw-p 00049000 fd:00 1343658                        /data/data/net.kdt.pojavlaunch.firefly/runtimes/Internal-17/lib/libjimage.so
7893bb9000-7893bba000 rw-p 00000000 00:00 0                              [anon:.bss]
7893bc4000-7893c22000 r--p 00000000 fd:00 1343706                        /data/data/net.kdt.pojavlaunch.firefly/runtimes/Internal-17/lib/libfontmanager.so
7893c22000-7893d35000 r-xp 0005d000 fd:00 1343706                        /data/data/net.kdt.pojavlaunch.firefly/runtimes/Internal-17/lib/libfontmanager.so
7893d35000-7893d3b000 r--p 0016f000 fd:00 1343706                        /data/data/net.kdt.pojavlaunch.firefly/runtimes/Internal-17/lib/libfontmanager.so
7893d3b000-7893d3c000 rw-p 00174000 fd:00 1343706                        /data/data/net.kdt.pojavlaunch.firefly/runtimes/Internal-17/lib/libfontmanager.so
7893d3c000-7893d3e000 rw-p 00000000 00:00 0                              [anon:.bss]
7893d43000-7893d77000 r--p 00000000 fd:00 1343722                        /data/data/net.kdt.pojavlaunch.firefly/runtimes/Internal-17/lib/libfreetype.so
7893d77000-7893dee000 r-xp 00033000 fd:00 1343722                        /data/data/net.kdt.pojavlaunch.firefly/runtimes/Internal-17/lib/libfreetype.so
7893dee000-7893df5000 r--p 000a9000 fd:00 1343722                        /data/data/net.kdt.pojavlaunch.firefly/runtimes/Internal-17/lib/libfreetype.so
7893e36000-7893e3a000 r--p 00000000 fd:00 1343721                        /data/data/net.kdt.pojavlaunch.firefly/runtimes/Internal-17/lib/libawt_headless.so
7893e3a000-7893e3e000 r-xp 00003000 fd:00 1343721                        /data/data/net.kdt.pojavlaunch.firefly/runtimes/Internal-17/lib/libawt_headless.so
7893e3e000-7893e3f000 r--p 00006000 fd:00 1343721                        /data/data/net.kdt.pojavlaunch.firefly/runtimes/Internal-17/lib/libawt_headless.so
7893e3f000-7893e40000 rw-p 00006000 fd:00 1343721                        /data/data/net.kdt.pojavlaunch.firefly/runtimes/Internal-17/lib/libawt_headless.so
7893e57000-7893e90000 r--p 00000000 fd:00 1343728                        /data/data/net.kdt.pojavlaunch.firefly/runtimes/Internal-17/lib/libawt.so
7893e90000-7893eeb000 r-xp 00038000 fd:00 1343728                        /data/data/net.kdt.pojavlaunch.firefly/runtimes/Internal-17/lib/libawt.so
7893eeb000-7893eed000 r--p 00092000 fd:00 1343728                        /data/data/net.kdt.pojavlaunch.firefly/runtimes/Internal-17/lib/libawt.so
7893eed000-7893ef8000 rw-p 00093000 fd:00 1343728                        /data/data/net.kdt.pojavlaunch.firefly/runtimes/Internal-17/lib/libawt.so
7893ef8000-7893f1d000 rw-p 00000000 00:00 0                              [anon:.bss]
7893f43000-7893f4e000 r--p 00000000 fd:00 1343667                        /data/data/net.kdt.pojavlaunch.firefly/runtimes/Internal-17/lib/libnio.so
7893f4e000-7893f58000 r-xp 0000a000 fd:00 1343667                        /data/data/net.kdt.pojavlaunch.firefly/runtimes/Internal-17/lib/libnio.so
7893f58000-7893f59000 r--p 00013000 fd:00 1343667                        /data/data/net.kdt.pojavlaunch.firefly/runtimes/Internal-17/lib/libnio.so
7893f59000-7893f5a000 rw-p 00013000 fd:00 1343667                        /data/data/net.kdt.pojavlaunch.firefly/runtimes/Internal-17/lib/libnio.so
7893f99000-7893fa1000 r--p 00000000 fd:00 1343729                        /data/data/net.kdt.pojavlaunch.firefly/runtimes/Internal-17/lib/libnet.so
7893fa1000-7893faf000 r-xp 00007000 fd:00 1343729                        /data/data/net.kdt.pojavlaunch.firefly/runtimes/Internal-17/lib/libnet.so
7893faf000-7893fb0000 r--p 00014000 fd:00 1343729                        /data/data/net.kdt.pojavlaunch.firefly/runtimes/Internal-17/lib/libnet.so
7893fb0000-7893fb1000 rw-p 00014000 fd:00 1343729                        /data/data/net.kdt.pojavlaunch.firefly/runtimes/Internal-17/lib/libnet.so
7893fc5000-7893fd8000 r--p 00000000 fd:00 1343710                        /data/data/net.kdt.pojavlaunch.firefly/runtimes/Internal-17/lib/libjava.so
7893fd8000-7893fea000 r-xp 00012000 fd:00 1343710                        /data/data/net.kdt.pojavlaunch.firefly/runtimes/Internal-17/lib/libjava.so
7893fea000-7893fec000 r--p 00023000 fd:00 1343710                        /data/data/net.kdt.pojavlaunch.firefly/runtimes/Internal-17/lib/libjava.so
7893fec000-7893fee000 rw-p 00024000 fd:00 1343710                        /data/data/net.kdt.pojavlaunch.firefly/runtimes/Internal-17/lib/libjava.so
789402a000-7894030000 r--p 00000000 fd:00 1343711                        /data/data/net.kdt.pojavlaunch.firefly/runtimes/Internal-17/lib/libverify.so
7894030000-7894037000 r-xp 00005000 fd:00 1343711                        /data/data/net.kdt.pojavlaunch.firefly/runtimes/Internal-17/lib/libverify.so
7894037000-7894039000 r--p 0000b000 fd:00 1343711                        /data/data/net.kdt.pojavlaunch.firefly/runtimes/Internal-17/lib/libverify.so
7894052000-78945c3000 r--p 00000000 fd:00 1343681                        /data/data/net.kdt.pojavlaunch.firefly/runtimes/Internal-17/lib/server/libjvm.so
78945c3000-7894ff4000 r-xp 00570000 fd:00 1343681                        /data/data/net.kdt.pojavlaunch.firefly/runtimes/Internal-17/lib/server/libjvm.so
7894ff4000-78950d1000 r--p 00fa0000 fd:00 1343681                        /data/data/net.kdt.pojavlaunch.firefly/runtimes/Internal-17/lib/server/libjvm.so
78950d1000-78950d2000 ---p 00000000 00:00 0 
78950d2000-78950ee000 rw-p 0107d000 fd:00 1343681                        /data/data/net.kdt.pojavlaunch.firefly/runtimes/Internal-17/lib/server/libjvm.so
78950ee000-789516d000 rw-p 00000000 00:00 0                              [anon:.bss]
7895196000-789519c000 r--p 00000000 fd:00 1343720                        /data/data/net.kdt.pojavlaunch.firefly/runtimes/Internal-17/lib/libjli.so
789519c000-78951a5000 r-xp 00005000 fd:00 1343720                        /data/data/net.kdt.pojavlaunch.firefly/runtimes/Internal-17/lib/libjli.so
78951a5000-78951a6000 r--p 0000d000 fd:00 1343720                        /data/data/net.kdt.pojavlaunch.firefly/runtimes/Internal-17/lib/libjli.so
78951a6000-78951a7000 rw-p 0000d000 fd:00 1343720                        /data/data/net.kdt.pojavlaunch.firefly/runtimes/Internal-17/lib/libjli.so
78951ff000-7895203000 ---p 00000000 00:00 0 
7895203000-78953fe000 rw-p 00000000 00:00 0 
78953fe000-78953ff000 ---p 00000000 00:00 0                              [anon:thread stack guard page]
78953ff000-78954fb000 rw-p 00000000 00:00 0 
78954fb000-78954fc000 ---p 00000000 00:00 0                              [anon:thread stack guard page]
78954fc000-78954fd000 ---p 00000000 00:00 0 
78954fd000-7895600000 rw-p 00000000 00:00 0 
7895600000-7895a00000 rw-p 00000000 00:00 0                              [anon:libc_malloc]
7895a69000-7895a6a000 ---p 00000000 00:00 0                              [anon:thread stack guard page]
7895a6a000-7895a6b000 ---p 00000000 00:00 0 
7895a6b000-7895b66000 rw-p 00000000 00:00 0 
7895b66000-7895b67000 ---p 00000000 00:00 0                              [anon:thread stack guard page]
7895b67000-7895b68000 ---p 00000000 00:00 0 
7895b68000-7895c63000 rw-p 00000000 00:00 0 
7895c63000-7895c64000 ---p 00000000 00:00 0                              [anon:thread stack guard page]
7895c64000-7895d60000 rw-p 00000000 00:00 0 
7895d60000-7895e5e000 r--p 00000000 00:0e 17483                          /dev/hwbinder
7895e5e000-7895e64000 r-xp 00000000 103:20 2167                          /vendor/lib64/libgrallocutils.so
7895e64000-7895e65000 r--p 00005000 103:20 2167                          /vendor/lib64/libgrallocutils.so
7895e65000-7895e66000 rw-p 00006000 103:20 2167                          /vendor/lib64/libgrallocutils.so
7895ea0000-7895eb1000 r-xp 00000000 103:20 2000                          /vendor/lib64/hw/gralloc.msm8953.so
7895eb1000-7895eb2000 ---p 00000000 00:00 0 
7895eb2000-7895eb3000 r--p 00011000 103:20 2000                          /vendor/lib64/hw/gralloc.msm8953.so
7895eb3000-7895eb4000 rw-p 00012000 103:20 2000                          /vendor/lib64/hw/gralloc.msm8953.so
7895ee7000-7895eeb000 r-xp 00000000 103:20 2229                          /vendor/lib64/libqdMetaData.so
7895eeb000-7895eec000 r--p 00003000 103:20 2229                          /vendor/lib64/libqdMetaData.so
7895eec000-7895eed000 rw-p 00004000 103:20 2229                          /vendor/lib64/libqdMetaData.so
7895f01000-7895f02000 ---p 00000000 00:00 0                              [anon:thread stack guard page]
7895f02000-7895f03000 ---p 00000000 00:00 0 
7895f03000-7896006000 rw-p 00000000 00:00 0 
7896006000-7896007000 ---p 00000000 00:00 0                              [anon:thread stack guard page]
7896007000-7896008000 ---p 00000000 00:00 0 
7896008000-7896103000 rw-p 00000000 00:00 0 
7896103000-7896104000 ---p 00000000 00:00 0                              [anon:thread stack guard page]
7896104000-7896105000 ---p 00000000 00:00 0 
7896105000-7896200000 rw-p 00000000 00:00 0 
7896200000-7896c00000 rw-p 00000000 00:00 0                              [anon:libc_malloc]
7896c43000-7896c44000 ---p 00000000 00:00 0                              [anon:thread stack guard page]
7896c44000-7896d40000 rw-p 00000000 00:00 0 
7896d40000-7896d43000 r-xp 00000000 103:1f 3790                          /system/lib64/libqti_performance.so
7896d43000-7896d44000 ---p 00000000 00:00 0 
7896d44000-7896d45000 r--p 00003000 103:1f 3790                          /system/lib64/libqti_performance.so
7896d45000-7896d46000 rw-p 00004000 103:1f 3790                          /system/lib64/libqti_performance.so
7896d89000-7896d8a000 r-xp 00000000 103:1f 3432                          /system/lib64/android.hidl.base@1.0.so
7896d8a000-7896d8b000 r--p 00000000 103:1f 3432                          /system/lib64/android.hidl.base@1.0.so
7896d8b000-7896d8c000 rw-p 00001000 103:1f 3432                          /system/lib64/android.hidl.base@1.0.so
7896ddb000-7896df0000 r-xp 00000000 103:1f 3946                          /system/lib64/vendor.qti.hardware.iop@2.0.so
7896df0000-7896df1000 ---p 00000000 00:00 0 
7896df1000-7896df3000 r--p 00015000 103:1f 3946                          /system/lib64/vendor.qti.hardware.iop@2.0.so
7896df3000-7896df4000 rw-p 00017000 103:1f 3946                          /system/lib64/vendor.qti.hardware.iop@2.0.so
7896e16000-7896e17000 ---p 00000000 00:00 0                              [anon:thread stack guard page]
7896e17000-7896e18000 ---p 00000000 00:00 0 
7896e18000-7896f1b000 rw-p 00000000 00:00 0 
7896f1b000-7896f1c000 ---p 00000000 00:00 0                              [anon:thread stack guard page]
7896f1c000-7896f1d000 ---p 00000000 00:00 0 
7896f1d000-7897020000 rw-p 00000000 00:00 0 
7897020000-7897021000 ---p 00000000 00:00 0                              [anon:thread stack guard page]
7897021000-7897022000 ---p 00000000 00:00 0 
7897022000-7897125000 rw-p 00000000 00:00 0 
7897125000-7897128000 r-xp 00000000 fd:00 491849                         /data/app/net.kdt.pojavlaunch.firefly-0wBDA2ZCbE_1xKdhtTbuwg==/lib/arm64/libpojavexec_awt.so
7897128000-7897129000 r--p 00002000 fd:00 491849                         /data/app/net.kdt.pojavlaunch.firefly-0wBDA2ZCbE_1xKdhtTbuwg==/lib/arm64/libpojavexec_awt.so
7897129000-789712a000 rw-p 00002000 fd:00 491849                         /data/app/net.kdt.pojavlaunch.firefly-0wBDA2ZCbE_1xKdhtTbuwg==/lib/arm64/libpojavexec_awt.so
7897143000-7897152000 r-xp 00000000 fd:00 491814                         /data/app/net.kdt.pojavlaunch.firefly-0wBDA2ZCbE_1xKdhtTbuwg==/lib/arm64/libbytehook.so
7897152000-7897153000 r--p 0000e000 fd:00 491814                         /data/app/net.kdt.pojavlaunch.firefly-0wBDA2ZCbE_1xKdhtTbuwg==/lib/arm64/libbytehook.so
7897153000-7897154000 rw-p 0000e000 fd:00 491814                         /data/app/net.kdt.pojavlaunch.firefly-0wBDA2ZCbE_1xKdhtTbuwg==/lib/arm64/libbytehook.so
7897154000-78971b7000 rw-p 00000000 00:00 0                              [anon:.bss]
78971c2000-78971ca000 r-xp 00000000 fd:00 491813                         /data/app/net.kdt.pojavlaunch.firefly-0wBDA2ZCbE_1xKdhtTbuwg==/lib/arm64/libbridge_config.so
78971ca000-78971cb000 r--p 00007000 fd:00 491813                         /data/app/net.kdt.pojavlaunch.firefly-0wBDA2ZCbE_1xKdhtTbuwg==/lib/arm64/libbridge_config.so
78971cb000-78971cc000 rw-p 00007000 fd:00 491813                         /data/app/net.kdt.pojavlaunch.firefly-0wBDA2ZCbE_1xKdhtTbuwg==/lib/arm64/libbridge_config.so
7897211000-7897213000 r-xp 00000000 fd:00 491816                         /data/app/net.kdt.pojavlaunch.firefly-0wBDA2ZCbE_1xKdhtTbuwg==/lib/arm64/libdriver_helper.so
7897213000-7897215000 r--p 00001000 fd:00 491816                         /data/app/net.kdt.pojavlaunch.firefly-0wBDA2ZCbE_1xKdhtTbuwg==/lib/arm64/libdriver_helper.so
7897215000-7897216000 rw-p 00002000 fd:00 491816                         /data/app/net.kdt.pojavlaunch.firefly-0wBDA2ZCbE_1xKdhtTbuwg==/lib/arm64/libdriver_helper.so
7897242000-789731a000 r-xp 00000000 fd:00 491772                         /data/app/net.kdt.pojavlaunch.firefly-0wBDA2ZCbE_1xKdhtTbuwg==/lib/arm64/libOSMesaInfo.so
789731a000-7897324000 r--p 000d7000 fd:00 491772                         /data/app/net.kdt.pojavlaunch.firefly-0wBDA2ZCbE_1xKdhtTbuwg==/lib/arm64/libOSMesaInfo.so
7897324000-7897325000 rw-p 000e0000 fd:00 491772                         /data/app/net.kdt.pojavlaunch.firefly-0wBDA2ZCbE_1xKdhtTbuwg==/lib/arm64/libOSMesaInfo.so
7897325000-7897327000 rw-p 00000000 00:00 0                              [anon:.bss]
789736b000-7897377000 r-xp 00000000 fd:00 491848                         /data/app/net.kdt.pojavlaunch.firefly-0wBDA2ZCbE_1xKdhtTbuwg==/lib/arm64/libpgw.so
7897377000-7897378000 r--p 0000b000 fd:00 491848                         /data/app/net.kdt.pojavlaunch.firefly-0wBDA2ZCbE_1xKdhtTbuwg==/lib/arm64/libpgw.so
7897378000-7897379000 rw-p 0000b000 fd:00 491848                         /data/app/net.kdt.pojavlaunch.firefly-0wBDA2ZCbE_1xKdhtTbuwg==/lib/arm64/libpgw.so
78973a4000-78973a6000 r-xp 00000000 fd:00 491840                         /data/app/net.kdt.pojavlaunch.firefly-0wBDA2ZCbE_1xKdhtTbuwg==/lib/arm64/libnative_hook.so
78973a6000-78973a7000 r--p 00001000 fd:00 491840                         /data/app/net.kdt.pojavlaunch.firefly-0wBDA2ZCbE_1xKdhtTbuwg==/lib/arm64/libnative_hook.so
78973a7000-78973a8000 rw-p 00001000 fd:00 491840                         /data/app/net.kdt.pojavlaunch.firefly-0wBDA2ZCbE_1xKdhtTbuwg==/lib/arm64/libnative_hook.so
78973c2000-78973c3000 r-xp 00000000 fd:00 491812                         /data/app/net.kdt.pojavlaunch.firefly-0wBDA2ZCbE_1xKdhtTbuwg==/lib/arm64/libbr_common.so
78973c3000-78973c4000 r--p 00000000 fd:00 491812                         /data/app/net.kdt.pojavlaunch.firefly-0wBDA2ZCbE_1xKdhtTbuwg==/lib/arm64/libbr_common.so
78973c4000-78973c5000 rw-p 00000000 fd:00 491812                         /data/app/net.kdt.pojavlaunch.firefly-0wBDA2ZCbE_1xKdhtTbuwg==/lib/arm64/libbr_common.so
7897400000-7897600000 rw-p 00000000 00:00 0                              [anon:libc_malloc]
789760e000-789760f000 ---p 00000000 00:00 0                              [anon:thread stack guard page]
789760f000-7897610000 ---p 00000000 00:00 0 
7897610000-789770b000 rw-p 00000000 00:00 0 
789770b000-789781a000 r--s 0b65c000 fd:00 491586                         /data/app/net.kdt.pojavlaunch.firefly-0wBDA2ZCbE_1xKdhtTbuwg==/base.apk
789781a000-789781b000 ---p 00000000 00:00 0                              [anon:thread stack guard page]
789781b000-789781c000 ---p 00000000 00:00 0 
789781c000-7897917000 rw-p 00000000 00:00 0 
7897917000-7897a1f000 r--p 00000000 fd:00 499828                         /data/app/net.kdt.pojavlaunch.firefly-0wBDA2ZCbE_1xKdhtTbuwg==/oat/arm64/base.odex
7897a1f000-7897d10000 r-xp 00108000 fd:00 499828                         /data/app/net.kdt.pojavlaunch.firefly-0wBDA2ZCbE_1xKdhtTbuwg==/oat/arm64/base.odex
7897d10000-7897d32000 rw-p 00000000 00:00 0                              [anon:.bss]
7897d32000-7897d33000 r--p 003f9000 fd:00 499828                         /data/app/net.kdt.pojavlaunch.firefly-0wBDA2ZCbE_1xKdhtTbuwg==/oat/arm64/base.odex
7897d33000-7897d34000 rw-p 003fa000 fd:00 499828                         /data/app/net.kdt.pojavlaunch.firefly-0wBDA2ZCbE_1xKdhtTbuwg==/oat/arm64/base.odex
7897d70000-78988f1000 r--s 00000000 fd:00 499858                         /data/app/net.kdt.pojavlaunch.firefly-0wBDA2ZCbE_1xKdhtTbuwg==/oat/arm64/base.vdex
78988f1000-78988f2000 ---p 00000000 00:00 0                              [anon:thread stack guard page]
78988f2000-78988f3000 ---p 00000000 00:00 0 
78988f3000-78989ee000 rw-p 00000000 00:00 0 
78989ee000-78989ef000 ---p 00000000 00:00 0                              [anon:thread stack guard page]
78989ef000-78989f0000 ---p 00000000 00:00 0 
78989f0000-7898aeb000 rw-p 00000000 00:00 0 
7898aeb000-7898aec000 ---p 00000000 00:00 0                              [anon:thread stack guard page]
7898aec000-7898aed000 ---p 00000000 00:00 0 
7898aed000-7898be8000 rw-p 00000000 00:00 0 
7898be8000-7898ce6000 r--p 00000000 00:0e 5931                           /dev/binder
7898ce6000-7898ce7000 ---p 00000000 00:00 0                              [anon:thread stack guard page]
7898ce7000-7898ce8000 ---p 00000000 00:00 0 
7898ce8000-7898deb000 rw-p 00000000 00:00 0 
7898deb000-7898dec000 ---p 00000000 00:00 0                              [anon:thread stack guard page]
7898dec000-7898ded000 ---p 00000000 00:00 0 
7898ded000-7898ef0000 rw-p 00000000 00:00 0 
7898ef0000-7898ef1000 ---p 00000000 00:00 0                              [anon:thread stack guard page]
7898ef1000-7898ef2000 ---p 00000000 00:00 0 
7898ef2000-7898ff5000 rw-p 00000000 00:00 0 
7898ff5000-7898ff6000 ---p 00000000 00:00 0                              [anon:thread stack guard page]
7898ff6000-7898ff7000 ---p 00000000 00:00 0 
7898ff7000-78990fa000 rw-p 00000000 00:00 0 
78990fa000-78a837c000 ---p 00000000 00:00 0 
78a837c000-78a837e000 r-xp 00000000 103:1f 3888                          /system/lib64/libwebviewchromium_loader.so
78a837e000-78a837f000 r--p 00001000 103:1f 3888                          /system/lib64/libwebviewchromium_loader.so
78a837f000-78a8380000 rw-p 00002000 103:1f 3888                          /system/lib64/libwebviewchromium_loader.so
78a8386000-78a83a8000 r-xp 00000000 103:1f 3563                          /system/lib64/libcompiler_rt.so
78a83a8000-78a83a9000 ---p 00000000 00:00 0 
78a83a9000-78a83aa000 r--p 00022000 103:1f 3563                          /system/lib64/libcompiler_rt.so
78a83aa000-78a83ab000 rw-p 00023000 103:1f 3563                          /system/lib64/libcompiler_rt.so
78a83ab000-78a8418000 rw-p 00000000 00:00 0                              [anon:.bss]
78a8457000-78a8474000 r-xp 00000000 103:20 1984                          /vendor/lib64/egl/eglSubDriverAndroid.so
78a8474000-78a8475000 r--p 0001d000 103:20 1984                          /vendor/lib64/egl/eglSubDriverAndroid.so
78a8475000-78a8476000 rw-p 0001e000 103:20 1984                          /vendor/lib64/egl/eglSubDriverAndroid.so
78a8476000-78a8477000 rw-p 00000000 00:00 0                              [anon:.bss]
78a84a1000-78a921d000 r-xp 00000000 103:20 2189                          /vendor/lib64/libllvm-glnext.so
78a921d000-78a9256000 r--p 00d7b000 103:20 2189                          /vendor/lib64/libllvm-glnext.so
78a9256000-78a925b000 rw-p 00db4000 103:20 2189                          /vendor/lib64/libllvm-glnext.so
78a925b000-78a9276000 rw-p 00000000 00:00 0                              [anon:.bss]
78a92ae000-78a9929000 r-xp 00000000 103:20 1869                          /vendor/lib64/egl/libGLESv2_adreno.so
78a9929000-78a9932000 r--p 0067b000 103:20 1869                          /vendor/lib64/egl/libGLESv2_adreno.so
78a9932000-78a9939000 rw-p 00684000 103:20 1869                          /vendor/lib64/egl/libGLESv2_adreno.so
78a9939000-78a993c000 rw-p 00000000 00:00 0                              [anon:.bss]
78a9984000-78a99bd000 r-xp 00000000 103:20 1986                          /vendor/lib64/egl/libGLESv1_CM_adreno.so
78a99bd000-78a99be000 r--p 00039000 103:20 1986                          /vendor/lib64/egl/libGLESv1_CM_adreno.so
78a99be000-78a99bf000 rw-p 0003a000 103:20 1986                          /vendor/lib64/egl/libGLESv1_CM_adreno.so
78a99bf000-78a99c0000 rw-p 00000000 00:00 0                              [anon:.bss]
78a99e1000-78a9b31000 r-xp 00000000 103:20 2170                          /vendor/lib64/libgsl.so
78a9b31000-78a9b32000 r--p 00150000 103:20 2170                          /vendor/lib64/libgsl.so
78a9b32000-78a9b33000 rw-p 00151000 103:20 2170                          /vendor/lib64/libgsl.so
78a9b33000-78a9b34000 rw-p 00000000 00:00 0                              [anon:.bss]
78a9b46000-78a9b5c000 r-xp 00000000 103:20 1985                          /vendor/lib64/egl/libEGL_adreno.so
78a9b5c000-78a9b5d000 r--p 00016000 103:20 1985                          /vendor/lib64/egl/libEGL_adreno.so
78a9b5d000-78a9b5e000 rw-p 00017000 103:20 1985                          /vendor/lib64/egl/libEGL_adreno.so
78a9b5e000-78a9b5f000 rw-p 00000000 00:00 0                              [anon:.bss]
78a9b96000-78a9ba3000 r-xp 00000000 103:20 2103                          /vendor/lib64/libadreno_utils.so
78a9ba3000-78a9ba4000 r--p 0000d000 103:20 2103                          /vendor/lib64/libadreno_utils.so
78a9ba4000-78a9ba5000 rw-p 0000e000 103:20 2103                          /vendor/lib64/libadreno_utils.so
78a9ba5000-78a9ba7000 rw-p 00000000 00:00 0                              [anon:.bss]
78a9bf4000-78a9c0f000 r-xp 00000000 103:1f 3982                          /system/lib64/vndk-sp/libunwind.so
78a9c0f000-78a9c10000 ---p 00000000 00:00 0 
78a9c10000-78a9c11000 r--p 0001b000 103:1f 3982                          /system/lib64/vndk-sp/libunwind.so
78a9c11000-78a9c12000 rw-p 0001c000 103:1f 3982                          /system/lib64/vndk-sp/libunwind.so
78a9c12000-78a9c7b000 rw-p 00000000 00:00 0                              [anon:.bss]
78a9c96000-78a9cf7000 r-xp 00000000 103:1f 629                           /system/lib64/vndk-sp/libhidltransport.so
78a9cf7000-78a9cff000 r--p 00060000 103:1f 629                           /system/lib64/vndk-sp/libhidltransport.so
78a9cff000-78a9d00000 rw-p 00068000 103:1f 629                           /system/lib64/vndk-sp/libhidltransport.so
78a9d01000-78a9d12000 r-xp 00000000 103:1f 3964                          /system/lib64/vndk-sp/libcutils.so
78a9d12000-78a9d14000 r--p 00010000 103:1f 3964                          /system/lib64/vndk-sp/libcutils.so
78a9d14000-78a9d15000 rw-p 00012000 103:1f 3964                          /system/lib64/vndk-sp/libcutils.so
78a9d40000-78a9e34000 r-xp 00000000 103:1f 1495                          /system/lib64/vndk-sp/libc++.so
78a9e34000-78a9e3c000 r--p 000f3000 103:1f 1495                          /system/lib64/vndk-sp/libc++.so
78a9e3c000-78a9e3d000 rw-p 000fb000 103:1f 1495                          /system/lib64/vndk-sp/libc++.so
78a9e3d000-78a9e40000 rw-p 00000000 00:00 0                              [anon:.bss]
78a9e4a000-78a9e72000 r-xp 00000000 103:1f 3980                          /system/lib64/vndk-sp/liblzma.so
78a9e72000-78a9e73000 r--p 00027000 103:1f 3980                          /system/lib64/vndk-sp/liblzma.so
78a9e73000-78a9e74000 rw-p 00028000 103:1f 3980                          /system/lib64/vndk-sp/liblzma.so
78a9e74000-78a9e7a000 rw-p 00000000 00:00 0                              [anon:.bss]
78a9e97000-78a9ea7000 r-xp 00000000 103:1f 3967                          /system/lib64/vndk-sp/libbase.so
78a9ea7000-78a9ea8000 ---p 00000000 00:00 0 
78a9ea8000-78a9ea9000 r--p 00010000 103:1f 3967                          /system/lib64/vndk-sp/libbase.so
78a9ea9000-78a9eaa000 rw-p 00011000 103:1f 3967                          /system/lib64/vndk-sp/libbase.so
78a9edb000-78a9ef8000 r-xp 00000000 103:1f 3966                          /system/lib64/vndk-sp/libbacktrace.so
78a9ef8000-78a9ef9000 ---p 00000000 00:00 0 
78a9ef9000-78a9efa000 r--p 0001d000 103:1f 3966                          /system/lib64/vndk-sp/libbacktrace.so
78a9efa000-78a9efb000 rw-p 0001e000 103:1f 3966                          /system/lib64/vndk-sp/libbacktrace.so
78a9f29000-78a9f36000 r-xp 00000000 103:1f 626                           /system/lib64/vndk-sp/libhidlbase.so
78a9f36000-78a9f37000 ---p 00000000 00:00 0 
78a9f37000-78a9f38000 r--p 0000d000 103:1f 626                           /system/lib64/vndk-sp/libhidlbase.so
78a9f38000-78a9f39000 rw-p 0000e000 103:1f 626                           /system/lib64/vndk-sp/libhidlbase.so
78a9f5b000-78a9f79000 r-xp 00000000 103:1f 1414                          /system/lib64/vndk-sp/libutils.so
78a9f79000-78a9f7a000 ---p 00000000 00:00 0 
78a9f7a000-78a9f7b000 r--p 0001e000 103:1f 1414                          /system/lib64/vndk-sp/libutils.so
78a9f7b000-78a9f7c000 rw-p 0001f000 103:1f 1414                          /system/lib64/vndk-sp/libutils.so
78a9f89000-78a9fa4000 r-xp 00000000 103:1f 3957                          /system/lib64/vndk-sp/android.hardware.graphics.mapper@2.0.so
78a9fa4000-78a9fa7000 r--p 0001a000 103:1f 3957                          /system/lib64/vndk-sp/android.hardware.graphics.mapper@2.0.so
78a9fa7000-78a9fa8000 rw-p 0001d000 103:1f 3957                          /system/lib64/vndk-sp/android.hardware.graphics.mapper@2.0.so
78a9ff2000-78a9ffc000 r-xp 00000000 103:1f 3958                          /system/lib64/vndk-sp/android.hardware.graphics.common@1.0.so
78a9ffc000-78a9ffd000 r--p 00009000 103:1f 3958                          /system/lib64/vndk-sp/android.hardware.graphics.common@1.0.so
78a9ffd000-78a9ffe000 rw-p 0000a000 103:1f 3958                          /system/lib64/vndk-sp/android.hardware.graphics.common@1.0.so
78aa017000-78aa03c000 r-xp 00000000 103:1f 894                           /system/lib64/vndk-sp/libhwbinder.so
78aa03c000-78aa03d000 ---p 00000000 00:00 0 
78aa03d000-78aa03f000 r--p 00025000 103:1f 894                           /system/lib64/vndk-sp/libhwbinder.so
78aa03f000-78aa040000 rw-p 00027000 103:1f 894                           /system/lib64/vndk-sp/libhwbinder.so
78aa060000-78aa062000 r-xp 00000000 103:1f 3974                          /system/lib64/vndk-sp/libhardware.so
78aa062000-78aa063000 r--p 00001000 103:1f 3974                          /system/lib64/vndk-sp/libhardware.so
78aa063000-78aa064000 rw-p 00002000 103:1f 3974                          /system/lib64/vndk-sp/libhardware.so
78aa065000-78aa0b3000 r--s 00000000 103:1f 4714                          /system/usr/hyphen-data/hyph-hu.hyb
78aa0b3000-78aa0bb000 r-xp 00000000 103:20 1999                          /vendor/lib64/hw/android.hardware.graphics.mapper@2.0-impl.so
78aa0bb000-78aa0bc000 ---p 00000000 00:00 0 
78aa0bc000-78aa0be000 r--p 00008000 103:20 1999                          /vendor/lib64/hw/android.hardware.graphics.mapper@2.0-impl.so
78aa0be000-78aa0bf000 rw-p 0000a000 103:20 1999                          /vendor/lib64/hw/android.hardware.graphics.mapper@2.0-impl.so
78aa0ea000-78aa402000 r--s 001dc000 103:1f 552                           /system/framework/oppo-framework-res.apk
78aa402000-78ab8c4000 r--s 00bc6000 103:1f 352                           /system/framework/framework-res.apk
78ab8c4000-78ab97f000 r--s 021b7000 103:1f 352                           /system/framework/framework-res.apk
78ab97f000-78abd41000 r--s 00000000 103:1f 2146                          /system/fonts/DroidSansFallback.ttf
78abd41000-78acf11000 r--s 00000000 103:1f 2173                          /system/fonts/NotoSansCJK-Regular.ttc
78acf11000-78ad400000 r--s 00000000 103:1f 2149                          /system/fonts/FZLanTingHeiProT_04_OPPO.TTF
78ad400000-78ad600000 rw-p 00000000 00:00 0                              [anon:libc_malloc]
78ad600000-78ad682000 r--s 00000000 103:1f 4241                          /system/usr/share/zoneinfo/tzdata
78ad682000-78ad6ba000 r-xp 00000000 103:1f 3666                          /system/lib64/libjavacrypto.so
78ad6ba000-78ad6bc000 r--p 00037000 103:1f 3666                          /system/lib64/libjavacrypto.so
78ad6bc000-78ad6be000 rw-p 00039000 103:1f 3666                          /system/lib64/libjavacrypto.so
78ad6c8000-78ad6d4000 r-xp 00000000 103:1f 892                           /system/lib64/libsoundpool.so
78ad6d4000-78ad6d5000 r--p 0000b000 103:1f 892                           /system/lib64/libsoundpool.so
78ad6d5000-78ad6d6000 rw-p 0000c000 103:1f 892                           /system/lib64/libsoundpool.so
78ad710000-78ad761000 r--s 00000000 103:1f 2313                          /system/fonts/RobotoCondensed-BoldItalic.ttf
78ad761000-78ad7ac000 r--s 00000000 103:1f 2312                          /system/fonts/RobotoCondensed-Bold.ttf
78ad7ac000-78ad7fd000 r--s 00000000 103:1f 2318                          /system/fonts/RobotoCondensed-MediumItalic.ttf
78ad7fd000-78ad848000 r--s 00000000 103:1f 2317                          /system/fonts/RobotoCondensed-Medium.ttf
78ad848000-78ad899000 r--s 00000000 103:1f 2314                          /system/fonts/RobotoCondensed-Italic.ttf
78ad899000-78ad8e3000 r--s 00000000 103:1f 2319                          /system/fonts/RobotoCondensed-Regular.ttf
78ad8e3000-78ad935000 r--s 00000000 103:1f 2316                          /system/fonts/RobotoCondensed-LightItalic.ttf
78ad935000-78ad97f000 r--s 00000000 103:1f 2315                          /system/fonts/RobotoCondensed-Light.ttf
78ad97f000-78ae0c0000 r--s 00000000 103:1f 2150                          /system/fonts/FZLanTingHeiPro_04_OPPO.TTF
78ae0c0000-78ae7b2000 r--s 00000000 103:1f 2154                          /system/fonts/NotoColorEmoji.ttf
78ae7b2000-78ae860000 r--s 00000000 103:1f 2265                          /system/fonts/NotoSansSymbols-Regular-Subsetted.ttf
78ae860000-78ae8dc000 r--s 00000000 103:1f 2187                          /system/fonts/NotoSansEgyptianHieroglyphs-Regular.ttf
78ae8dc000-78ae957000 r--s 00000000 103:1f 2180                          /system/fonts/NotoSansCuneiform-Regular.ttf
78ae957000-78ae9a9000 r--s 00000000 103:1f 2302                          /system/fonts/Roboto-BoldItalic.ttf
78ae9a9000-78affee000 r--s 00000000 103:1f 4747                          /system/usr/icu/icudt58l.dat
78affee000-78afff1000 r-xp 00000000 103:1f 3788                          /system/lib64/libqti-perfd-client_system.so
78afff1000-78afff2000 r--p 00002000 103:1f 3788                          /system/lib64/libqti-perfd-client_system.so
78afff2000-78afff3000 rw-p 00003000 103:1f 3788                          /system/lib64/libqti-perfd-client_system.so
78b001c000-78b0032000 r-xp 00000000 103:1f 3948                          /system/lib64/vendor.qti.hardware.perf@1.0.so
78b0032000-78b0034000 r--p 00015000 103:1f 3948                          /system/lib64/vendor.qti.hardware.perf@1.0.so
78b0034000-78b0035000 rw-p 00017000 103:1f 3948                          /system/lib64/vendor.qti.hardware.perf@1.0.so
78b0048000-78b004c000 r-xp 00000000 103:1f 3789                          /system/lib64/libqti-util_system.so
78b004c000-78b004d000 ---p 00000000 00:00 0 
78b004d000-78b004e000 r--p 00004000 103:1f 3789                          /system/lib64/libqti-util_system.so
78b004e000-78b004f000 rw-p 00005000 103:1f 3789                          /system/lib64/libqti-util_system.so
78b0097000-78b01ea000 r-xp 00000000 103:1f 3718                          /system/lib64/libxml2.so
78b01ea000-78b01ee000 r--p 00152000 103:1f 3718                          /system/lib64/libxml2.so
78b01ee000-78b01ef000 rw-p 00156000 103:1f 3718                          /system/lib64/libxml2.so
78b01ef000-78b01f0000 rw-p 00000000 00:00 0                              [anon:.bss]
78b0232000-78b0236000 r-xp 00000000 103:1f 3787                          /system/lib64/libqti-at.so
78b0236000-78b0237000 r--p 00003000 103:1f 3787                          /system/lib64/libqti-at.so
78b0237000-78b0238000 rw-p 00004000 103:1f 3787                          /system/lib64/libqti-at.so
78b028a000-78b028b000 ---p 00000000 00:00 0                              [anon:thread stack guard page]
78b028b000-78b028c000 ---p 00000000 00:00 0 
78b028c000-78b0387000 rw-p 00000000 00:00 0 
78b0387000-78b0388000 ---p 00000000 00:01 153839480                      /dev/ashmem/dalvik-Jit thread pool worker thread 0 (deleted)
78b0388000-78b0389000 ---p 00001000 00:01 153839480                      /dev/ashmem/dalvik-Jit thread pool worker thread 0 (deleted)
78b0389000-78b0488000 rw-p 00002000 00:01 153839480                      /dev/ashmem/dalvik-Jit thread pool worker thread 0 (deleted)
78b0488000-78b0586000 rw-p 00000000 00:01 33640                          /dev/ashmem/dalvik-allocspace non moving space mark-bitmap 1 (deleted)
78b0586000-78b0684000 rw-p 00000000 00:01 33639                          /dev/ashmem/dalvik-allocspace non moving space live-bitmap 1 (deleted)
78b0684000-78b0772000 r-xp 00000000 103:1f 1433                          /system/lib64/libvixl-arm64.so
78b0772000-78b0777000 r--p 000ed000 103:1f 1433                          /system/lib64/libvixl-arm64.so
78b0777000-78b0778000 rw-p 000f2000 103:1f 1433                          /system/lib64/libvixl-arm64.so
78b0778000-78b077f000 rw-p 00000000 00:00 0                              [anon:.bss]
78b0799000-78b0a4b000 r-xp 00000000 103:1f 1134                          /system/lib64/libart-compiler.so
78b0a4b000-78b0a4c000 ---p 00000000 00:00 0 
78b0a4c000-78b0a61000 r--p 002b2000 103:1f 1134                          /system/lib64/libart-compiler.so
78b0a61000-78b0a62000 rw-p 002c7000 103:1f 1134                          /system/lib64/libart-compiler.so
78b0a62000-78b0a69000 rw-p 00000000 00:00 0                              [anon:.bss]
78b0a82000-78b0ab6000 r-xp 00000000 103:1f 1146                          /system/lib64/libart-dexlayout.so
78b0ab6000-78b0ab7000 r--p 00033000 103:1f 1146                          /system/lib64/libart-dexlayout.so
78b0ab7000-78b0ab8000 rw-p 00034000 103:1f 1146                          /system/lib64/libart-dexlayout.so
78b0ad0000-78b0c24000 r-xp 00000000 103:1f 1432                          /system/lib64/libvixl-arm.so
78b0c24000-78b0c28000 r--p 00153000 103:1f 1432                          /system/lib64/libvixl-arm.so
78b0c28000-78b0c29000 rw-p 00157000 103:1f 1432                          /system/lib64/libvixl-arm.so
78b0c40000-78b0c79000 r-xp 00000000 103:1f 3754                          /system/lib64/libopenjdk.so
78b0c79000-78b0c7a000 ---p 00000000 00:00 0 
78b0c7a000-78b0c7c000 r--p 00039000 103:1f 3754                          /system/lib64/libopenjdk.so
78b0c7c000-78b0c7e000 rw-p 0003b000 103:1f 3754                          /system/lib64/libopenjdk.so
78b0cb0000-78b0cb8000 r-xp 00000000 103:1f 1330                          /system/lib64/libopenjdkjvm.so
78b0cb8000-78b0cb9000 r--p 00007000 103:1f 1330                          /system/lib64/libopenjdkjvm.so
78b0cb9000-78b0cba000 rw-p 00008000 103:1f 1330                          /system/lib64/libopenjdkjvm.so
78b0cc3000-78b2308000 r--s 00000000 103:1f 4747                          /system/usr/icu/icudt58l.dat
78b2308000-78b234e000 r-xp 00000000 103:1f 3665                          /system/lib64/libjavacore.so
78b234e000-78b2350000 r--p 00045000 103:1f 3665                          /system/lib64/libjavacore.so
78b2350000-78b2352000 rw-p 00047000 103:1f 3665                          /system/lib64/libjavacore.so
78b2352000-78b2353000 rw-p 00000000 00:00 0                              [anon:.bss]
78b2372000-78b2392000 rw-p 00000000 00:01 153857279                      /dev/ashmem/dalvik-CompilerMetadata (deleted)
78b2392000-78b2395000 r-xp 00000000 103:1f 3889                          /system/lib64/libwebviewchromium_plat_support.so
78b2395000-78b2396000 r--p 00002000 103:1f 3889                          /system/lib64/libwebviewchromium_plat_support.so
78b2396000-78b2397000 rw-p 00003000 103:1f 3889                          /system/lib64/libwebviewchromium_plat_support.so
78b23ce000-78b2428000 r-xp 00000000 103:1f 3413                          /system/lib64/android.hardware.renderscript@1.0.so
78b2428000-78b2429000 ---p 00000000 00:00 0 
78b2429000-78b242e000 r--p 0005a000 103:1f 3413                          /system/lib64/android.hardware.renderscript@1.0.so
78b242e000-78b242f000 rw-p 0005f000 103:1f 3413                          /system/lib64/android.hardware.renderscript@1.0.so
78b2444000-78b2464000 rw-p 00000000 00:01 153838254                      /dev/ashmem/dalvik-LinearAlloc (deleted)
78b2464000-78b2475000 r-xp 00000000 103:1f 3466                          /system/lib64/libRS.so
78b2475000-78b2476000 r--p 00010000 103:1f 3466                          /system/lib64/libRS.so
78b2476000-78b2477000 rw-p 00011000 103:1f 3466                          /system/lib64/libRS.so
78b247d000-78b24a0000 rw-p 00000000 00:00 0 
78b24a0000-78b24a2000 r-xp 00000000 103:1f 1071                          /system/lib64/libOpenSLES.so
78b24a2000-78b24a3000 ---p 00000000 00:00 0 
78b24a3000-78b24a4000 r--p 00002000 103:1f 1071                          /system/lib64/libOpenSLES.so
78b24a4000-78b24a5000 rw-p 00003000 103:1f 1071                          /system/lib64/libOpenSLES.so
78b24ae000-78b24ce000 r--s 00000000 00:0e 13519                          /dev/__properties__/u:object_r:debuggerd_prop:s0
78b24ce000-78b24d0000 r-xp 00000000 103:1f 1068                          /system/lib64/libOpenMAXAL.so
78b24d0000-78b24d1000 r--p 00001000 103:1f 1068                          /system/lib64/libOpenMAXAL.so
78b24d1000-78b24d2000 rw-p 00002000 103:1f 1068                          /system/lib64/libOpenMAXAL.so
78b24e3000-78b2534000 r--s 00000000 103:1f 2300                          /system/fonts/Roboto-BlackItalic.ttf
78b2534000-78b2537000 r-xp 00000000 103:1f 3863                          /system/lib64/libtextclassifier_hash.so
78b2537000-78b2538000 ---p 00000000 00:00 0 
78b2538000-78b2539000 r--p 00003000 103:1f 3863                          /system/lib64/libtextclassifier_hash.so
78b2539000-78b253a000 rw-p 00004000 103:1f 3863                          /system/lib64/libtextclassifier_hash.so
78b2547000-78b2548000 ---p 00000000 00:00 0                              [anon:thread signal stack guard page]
78b2548000-78b254c000 rw-p 00000000 00:00 0                              [anon:thread signal stack]
78b254c000-78b262b000 r-xp 00000000 103:1f 611                           /system/lib64/libneuralnetworks.so
78b262b000-78b262e000 r--p 000de000 103:1f 611                           /system/lib64/libneuralnetworks.so
78b262e000-78b262f000 rw-p 000e1000 103:1f 611                           /system/lib64/libneuralnetworks.so
78b262f000-78b27b7000 rw-p 00000000 00:00 0                              [anon:.bss]
78b27bb000-78b27db000 r--s 00000000 00:0e 13516                          /dev/__properties__/u:object_r:pan_result_prop:s0
78b27db000-78b2819000 r-xp 00000000 103:1f 3407                          /system/lib64/android.hardware.neuralnetworks@1.0.so
78b2819000-78b281a000 ---p 00000000 00:00 0 
78b281a000-78b2820000 r--p 0003e000 103:1f 3407                          /system/lib64/android.hardware.neuralnetworks@1.0.so
78b2820000-78b2821000 rw-p 00044000 103:1f 3407                          /system/lib64/android.hardware.neuralnetworks@1.0.so
78b2821000-78b2822000 ---p 00000000 00:00 0                              [anon:bionic TLS guard]
78b2822000-78b2825000 rw-p 00000000 00:00 0                              [anon:bionic TLS]
78b2825000-78b2826000 ---p 00000000 00:00 0                              [anon:bionic TLS guard]
78b2826000-78b2827000 ---p 00000000 00:00 0                              [anon:thread signal stack guard page]
78b2827000-78b282b000 rw-p 00000000 00:00 0                              [anon:thread signal stack]
78b282b000-78b282c000 ---p 00000000 00:00 0                              [anon:bionic TLS guard]
78b282c000-78b282f000 rw-p 00000000 00:00 0                              [anon:bionic TLS]
78b282f000-78b2830000 ---p 00000000 00:00 0                              [anon:bionic TLS guard]
78b283a000-78b285a000 r--s 00000000 00:0e 13515                          /dev/__properties__/u:object_r:dhcp_prop:s0
78b285a000-78b285b000 r-xp 00000000 103:1f 3687                          /system/lib64/libjnigraphics.so
78b285b000-78b285c000 r--p 00000000 103:1f 3687                          /system/lib64/libjnigraphics.so
78b285c000-78b285d000 rw-p 00001000 103:1f 3687                          /system/lib64/libjnigraphics.so
78b2862000-78b2863000 ---p 00000000 00:00 0                              [anon:bionic TLS guard]
78b2863000-78b2866000 rw-p 00000000 00:00 0                              [anon:bionic TLS]
78b2866000-78b2867000 ---p 00000000 00:00 0                              [anon:bionic TLS guard]
78b2867000-78b2868000 ---p 00000000 00:00 0                              [anon:thread signal stack guard page]
78b2868000-78b286c000 rw-p 00000000 00:00 0                              [anon:thread signal stack]
78b286c000-78b286d000 ---p 00000000 00:00 0                              [anon:bionic TLS guard]
78b286d000-78b2870000 rw-p 00000000 00:00 0                              [anon:bionic TLS]
78b2870000-78b2871000 ---p 00000000 00:00 0                              [anon:bionic TLS guard]
78b287b000-78b289b000 r--s 00000000 00:0e 13514                          /dev/__properties__/u:object_r:oppo_mm_prop:s0
78b289b000-78b28b0000 r-xp 00000000 103:1f 3475                          /system/lib64/libGLESv3.so
78b28b0000-78b28b1000 r--p 00014000 103:1f 3475                          /system/lib64/libGLESv3.so
78b28b1000-78b28b2000 rw-p 00015000 103:1f 3475                          /system/lib64/libGLESv3.so
78b28bf000-78b28df000 r--s 00000000 00:0e 13512                          /dev/__properties__/u:object_r:dumpstate_prop:s0
78b28df000-78b28ee000 r-xp 00000000 103:1f 3725                          /system/lib64/libmidi.so
78b28ee000-78b28f0000 r--p 0000e000 103:1f 3725                          /system/lib64/libmidi.so
78b28f0000-78b28f1000 rw-p 00010000 103:1f 3725                          /system/lib64/libmidi.so
78b2909000-78b2925000 r-xp 00000000 103:1f 1221                          /system/lib64/libcamera2ndk.so
78b2925000-78b2927000 r--p 0001b000 103:1f 1221                          /system/lib64/libcamera2ndk.so
78b2927000-78b2928000 rw-p 0001d000 103:1f 1221                          /system/lib64/libcamera2ndk.so
78b2940000-78b2960000 r--s 00000000 00:0e 13507                          /dev/__properties__/u:object_r:wifi_log_prop:s0
78b2960000-78b298c000 r-xp 00000000 103:1f 1211                          /system/lib64/libexif.so
78b298c000-78b298d000 ---p 00000000 00:00 0 
78b298d000-78b29a0000 r--p 0002c000 103:1f 1211                          /system/lib64/libexif.so
78b29a0000-78b29a1000 rw-p 0003f000 103:1f 1211                          /system/lib64/libexif.so
78b29ac000-78b29cc000 r--s 00000000 00:0e 13505                          /dev/__properties__/u:object_r:net_radio_prop:s0
78b29cc000-78b2a34000 r-xp 00000000 103:1f 1467                          /system/lib64/libmedia_jni.so
78b2a34000-78b2a3b000 r--p 00067000 103:1f 1467                          /system/lib64/libmedia_jni.so
78b2a3b000-78b2a3c000 rw-p 0006e000 103:1f 1467                          /system/lib64/libmedia_jni.so
78b2a54000-78b2a6d000 r-xp 00000000 103:1f 1468                          /system/lib64/libmediandk.so
78b2a6d000-78b2a6e000 ---p 00000000 00:00 0 
78b2a6e000-78b2a70000 r--p 00019000 103:1f 1468                          /system/lib64/libmediandk.so
78b2a70000-78b2a71000 rw-p 0001b000 103:1f 1468                          /system/lib64/libmediandk.so
78b2a81000-78b2ab3000 r-xp 00000000 103:1f 2907                          /system/lib64/libmtp.so
78b2ab3000-78b2ab6000 r--p 00031000 103:1f 2907                          /system/lib64/libmtp.so
78b2ab6000-78b2ab7000 rw-p 00034000 103:1f 2907                          /system/lib64/libmtp.so
78b2ac2000-78b2ac3000 ---p 00000000 00:00 0                              [anon:thread signal stack guard page]
78b2ac3000-78b2ac7000 rw-p 00000000 00:00 0                              [anon:thread signal stack]
78b2ac7000-78b2af1000 r-xp 00000000 103:1f 1107                          /system/lib64/libaaudio.so
78b2af1000-78b2af6000 r--p 00029000 103:1f 1107                          /system/lib64/libaaudio.so
78b2af6000-78b2af7000 rw-p 0002e000 103:1f 1107                          /system/lib64/libaaudio.so
78b2af8000-78b2af9000 ---p 00000000 00:00 0                              [anon:thread signal stack guard page]
78b2af9000-78b2afd000 rw-p 00000000 00:00 0                              [anon:thread signal stack]
78b2afd000-78b2afe000 ---p 00000000 00:00 0                              [anon:bionic TLS guard]
78b2afe000-78b2b01000 rw-p 00000000 00:00 0                              [anon:bionic TLS]
78b2b01000-78b2b02000 ---p 00000000 00:00 0                              [anon:bionic TLS guard]
78b2b02000-78b2b03000 ---p 00000000 00:00 0                              [anon:thread signal stack guard page]
78b2b03000-78b2b07000 rw-p 00000000 00:00 0                              [anon:thread signal stack]
78b2b07000-78b2b08000 ---p 00000000 00:00 0                              [anon:bionic TLS guard]
78b2b08000-78b2b0b000 rw-p 00000000 00:00 0                              [anon:bionic TLS]
78b2b0b000-78b2b0c000 ---p 00000000 00:00 0                              [anon:bionic TLS guard]
78b2b0c000-78b2b0d000 ---p 00000000 00:00 0                              [anon:thread signal stack guard page]
78b2b0d000-78b2b11000 rw-p 00000000 00:00 0                              [anon:thread signal stack]
78b2b11000-78b2b12000 ---p 00000000 00:00 0                              [anon:bionic TLS guard]
78b2b12000-78b2b15000 rw-p 00000000 00:00 0                              [anon:bionic TLS]
78b2b15000-78b2b16000 ---p 00000000 00:00 0                              [anon:bionic TLS guard]
78b2b16000-78b2b30000 r-xp 00000000 103:1f 1066                          /system/lib64/libandroid.so
78b2b30000-78b2b33000 r--p 00019000 103:1f 1066                          /system/lib64/libandroid.so
78b2b33000-78b2b34000 rw-p 0001c000 103:1f 1066                          /system/lib64/libandroid.so
78b2b38000-78b2b39000 ---p 00000000 00:00 0                              [anon:thread signal stack guard page]
78b2b39000-78b2b3d000 rw-p 00000000 00:00 0                              [anon:thread signal stack]
78b2b3d000-78b2b3e000 ---p 00000000 00:00 0                              [anon:bionic TLS guard]
78b2b3e000-78b2b41000 rw-p 00000000 00:00 0                              [anon:bionic TLS]
78b2b41000-78b2b42000 ---p 00000000 00:00 0                              [anon:bionic TLS guard]
78b2b42000-78b2b62000 r--s 00000000 00:0e 13503                          /dev/__properties__/u:object_r:nfc_prop:s0
78b2b62000-78b2c2a000 rw-p 00000000 00:01 28125                          /dev/ashmem/dalvik-indirect ref table (deleted)
78b2c2a000-78b2cf2000 rw-p 00000000 00:01 28124                          /dev/ashmem/dalvik-indirect ref table (deleted)
78b2cf2000-78b2ef2000 rw-p 00000000 00:01 27867                          /dev/ashmem/dalvik-rb copying gc mark stack (deleted)
78b2ef2000-78b36f2000 rw-p 00000000 00:01 27866                          /dev/ashmem/dalvik-concurrent copying gc mark stack (deleted)
78b36f2000-78b3ef3000 rw-p 00000000 00:01 27865                          /dev/ashmem/dalvik-live stack (deleted)
78b3ef3000-78b46f4000 rw-p 00000000 00:01 27864                          /dev/ashmem/dalvik-allocation stack (deleted)
78b46f4000-78b4af5000 rw-p 00000000 00:01 27862                          /dev/ashmem/dalvik-card table (deleted)
78b4af5000-78b4bf5000 rw-p 00000000 00:01 27861                          /dev/ashmem/dalvik-large object free list space allocation info map (deleted)
78b4bf5000-78b5bf5000 rw-p 00000000 00:01 27857                          /dev/ashmem/dalvik-region space live bitmap (deleted)
78b5bf5000-78b5cf5000 rw-p 00000000 00:01 27855                          /dev/ashmem/dalvik-allocspace zygote / non moving space mark-bitmap 0 (deleted)
78b5cf5000-78b5df5000 rw-p 00000000 00:01 27854                          /dev/ashmem/dalvik-allocspace zygote / non moving space live-bitmap 0 (deleted)
78b5df5000-78b5ed7000 r--s 00000000 103:1f 326                           /system/framework/arm64/boot-oppo-framework.vdex
78b5ed7000-78b5f56000 r--s 00000000 103:1f 328                           /system/framework/arm64/boot-org.apache.http.legacy.boot.vdex
78b5f56000-78b6289000 r--s 00000000 103:1f 339                           /system/framework/arm64/boot-telephony-common.vdex
78b6289000-78b784d000 r--s 00000000 103:1f 312                           /system/framework/arm64/boot-framework.vdex
78b784d000-78b7951000 r--s 00000000 103:1f 2439                          /system/framework/arm64/boot-ext.vdex
78b7951000-78b7a9c000 r--s 00000000 103:1f 2424                          /system/framework/arm64/boot-apache-xml.vdex
78b7a9c000-78b7bfe000 r--s 00000000 103:1f 2397                          /system/framework/arm64/boot-bouncycastle.vdex
78b7bfe000-78b7ef8000 r--s 00000000 103:1f 2433                          /system/framework/arm64/boot-core-libart.vdex
78b7ef8000-78b83ec000 r--s 00000000 103:1f 2406                          /system/framework/arm64/boot-core-oj.vdex
78b83ec000-78b89e9000 r-xp 00000000 103:1f 1159                          /system/lib64/libart.so
78b89e9000-78b89f9000 r--p 005fc000 103:1f 1159                          /system/lib64/libart.so
78b89f9000-78b89fc000 rw-p 0060c000 103:1f 1159                          /system/lib64/libart.so
78b89fc000-78b89ff000 rw-p 00000000 00:00 0                              [anon:.bss]
78b8a03000-78b8a04000 ---p 00000000 00:00 0                              [anon:thread signal stack guard page]
78b8a04000-78b8a08000 rw-p 00000000 00:00 0                              [anon:thread signal stack]
78b8a08000-78b8a09000 ---p 00000000 00:00 0                              [anon:bionic TLS guard]
78b8a09000-78b8a0c000 rw-p 00000000 00:00 0                              [anon:bionic TLS]
78b8a0c000-78b8a0d000 ---p 00000000 00:00 0                              [anon:bionic TLS guard]
78b8a0d000-78b8a0e000 ---p 00000000 00:00 0                              [anon:thread signal stack guard page]
78b8a0e000-78b8a12000 rw-p 00000000 00:00 0                              [anon:thread signal stack]
78b8a12000-78b8a13000 r-xp 00000000 103:1f 3826                          /system/lib64/libsigchain.so
78b8a13000-78b8a14000 r--p 00000000 103:1f 3826                          /system/lib64/libsigchain.so
78b8a14000-78b8a15000 rw-p 00001000 103:1f 3826                          /system/lib64/libsigchain.so
78b8a18000-78b8a19000 ---p 00000000 00:00 0                              [anon:bionic TLS guard]
78b8a19000-78b8a1c000 rw-p 00000000 00:00 0                              [anon:bionic TLS]
78b8a1c000-78b8a1d000 ---p 00000000 00:00 0                              [anon:bionic TLS guard]
78b8a1d000-78b8a3d000 r--s 00000000 00:0e 13500                          /dev/__properties__/u:object_r:audio_prop:s0
78b8a3d000-78b8a5d000 r--s 00000000 00:0e 13493                          /dev/__properties__/u:object_r:oppo_bsp_prop:s0
78b8a5d000-78b8a62000 r-xp 00000000 103:1f 3869                          /system/lib64/libtombstoned_client.so
78b8a62000-78b8a63000 r--p 00004000 103:1f 3869                          /system/lib64/libtombstoned_client.so
78b8a63000-78b8a64000 rw-p 00005000 103:1f 3869                          /system/lib64/libtombstoned_client.so
78b8a64000-78b8a65000 ---p 00000000 00:00 0                              [anon:thread signal stack guard page]
78b8a65000-78b8a69000 rw-p 00000000 00:00 0                              [anon:thread signal stack]
78b8a69000-78b8a89000 r--s 00000000 00:0e 13483                          /dev/__properties__/u:object_r:gboard_prop:s0
78b8a89000-78b8aa9000 r--s 00000000 00:0e 13479                          /dev/__properties__/u:object_r:shell_prop:s0
78b8aa9000-78b8abe000 r-xp 00000000 103:1f 3706                          /system/lib64/liblz4.so
78b8abe000-78b8abf000 r--p 00014000 103:1f 3706                          /system/lib64/liblz4.so
78b8abf000-78b8ac0000 rw-p 00015000 103:1f 3706                          /system/lib64/liblz4.so
78b8ac3000-78b8ac4000 ---p 00000000 00:00 0                              [anon:bionic TLS guard]
78b8ac4000-78b8ac7000 rw-p 00000000 00:00 0                              [anon:bionic TLS]
78b8ac7000-78b8ac8000 ---p 00000000 00:00 0                              [anon:bionic TLS guard]
78b8ac8000-78b8ac9000 ---p 00000000 00:00 0                              [anon:thread signal stack guard page]
78b8ac9000-78b8acd000 rw-p 00000000 00:00 0                              [anon:thread signal stack]
78b8acd000-78b8ace000 r-xp 00000000 103:1f 3468                          /system/lib64/libExtendedExtractor.so
78b8ace000-78b8acf000 ---p 00000000 00:00 0 
78b8acf000-78b8ad0000 r--p 00001000 103:1f 3468                          /system/lib64/libExtendedExtractor.so
78b8ad0000-78b8ad1000 rw-p 00002000 103:1f 3468                          /system/lib64/libExtendedExtractor.so
78b8ad4000-78b8ad5000 ---p 00000000 00:00 0                              [anon:thread signal stack guard page]
78b8ad5000-78b8ad9000 rw-p 00000000 00:00 0                              [anon:thread signal stack]
78b8ad9000-78b8ada000 ---p 00000000 00:00 0                              [anon:bionic TLS guard]
78b8ada000-78b8add000 rw-p 00000000 00:00 0                              [anon:bionic TLS]
78b8add000-78b8adf000 ---p 00000000 00:00 0                              [anon:bionic TLS guard]
78b8adf000-78b8ae2000 rw-p 00000000 00:00 0                              [anon:bionic TLS]
78b8ae2000-78b8ae3000 ---p 00000000 00:00 0                              [anon:bionic TLS guard]
78b8ae3000-78b8b03000 r--s 00000000 00:0e 13478                          /dev/__properties__/u:object_r:restorecon_prop:s0
78b8b03000-78b8b55000 r-xp 00000000 103:1f 3533                          /system/lib64/libavutil.so
78b8b55000-78b8b65000 r--p 00051000 103:1f 3533                          /system/lib64/libavutil.so
78b8b65000-78b8b66000 rw-p 00061000 103:1f 3533                          /system/lib64/libavutil.so
78b8b66000-78b8b79000 rw-p 00000000 00:00 0                              [anon:.bss]
78b8b7d000-78b8b7e000 ---p 00000000 00:00 0                              [anon:thread signal stack guard page]
78b8b7e000-78b8b82000 rw-p 00000000 00:00 0                              [anon:thread signal stack]
78b8b82000-78b8b83000 ---p 00000000 00:00 0                              [anon:bionic TLS guard]
78b8b83000-78b8b86000 rw-p 00000000 00:00 0                              [anon:bionic TLS]
78b8b86000-78b8b87000 ---p 00000000 00:00 0                              [anon:bionic TLS guard]
78b8b87000-78b8b88000 ---p 00000000 00:00 0                              [anon:thread signal stack guard page]
78b8b88000-78b8b8c000 rw-p 00000000 00:00 0                              [anon:thread signal stack]
78b8b8c000-78b8b8d000 ---p 00000000 00:00 0                              [anon:bionic TLS guard]
78b8b8d000-78b8b90000 rw-p 00000000 00:00 0                              [anon:bionic TLS]
78b8b90000-78b8b91000 ---p 00000000 00:00 0                              [anon:bionic TLS guard]
78b8b91000-78b8d40000 r-xp 00000000 103:1f 1500                          /system/lib64/libmediaplayerservice.so
78b8d40000-78b8d4e000 r--p 001af000 103:1f 1500                          /system/lib64/libmediaplayerservice.so
78b8d4e000-78b8d76000 rw-p 001bd000 103:1f 1500                          /system/lib64/libmediaplayerservice.so
78b8d76000-78b8d77000 ---p 00000000 00:00 0                              [anon:thread signal stack guard page]
78b8d77000-78b8d7b000 rw-p 00000000 00:00 0                              [anon:thread signal stack]
78b8d7b000-78b8d7c000 ---p 00000000 00:00 0                              [anon:bionic TLS guard]
78b8d7c000-78b8d7f000 rw-p 00000000 00:00 0                              [anon:bionic TLS]
78b8d7f000-78b8d80000 ---p 00000000 00:00 0                              [anon:bionic TLS guard]
78b8d80000-78b8d81000 ---p 00000000 00:00 0                              [anon:thread signal stack guard page]
78b8d81000-78b8d85000 rw-p 00000000 00:00 0                              [anon:thread signal stack]
78b8d85000-78b8de5000 r-xp 00000000 103:1f 1492                          /system/lib64/libstagefright_wfd.so
78b8de5000-78b8de9000 r--p 00060000 103:1f 1492                          /system/lib64/libstagefright_wfd.so
78b8de9000-78b8df3000 rw-p 00064000 103:1f 1492                          /system/lib64/libstagefright_wfd.so
78b8df3000-78b8df4000 ---p 00000000 00:00 0                              [anon:bionic TLS guard]
78b8df4000-78b8df7000 rw-p 00000000 00:00 0                              [anon:bionic TLS]
78b8df7000-78b8df8000 ---p 00000000 00:00 0                              [anon:bionic TLS guard]
78b8df8000-78b8df9000 ---p 00000000 00:00 0                              [anon:thread signal stack guard page]
78b8df9000-78b8dfd000 rw-p 00000000 00:00 0                              [anon:thread signal stack]
78b8dfd000-78b8dfe000 ---p 00000000 00:00 0                              [anon:bionic TLS guard]
78b8dfe000-78b8e01000 rw-p 00000000 00:00 0                              [anon:bionic TLS]
78b8e01000-78b8e02000 ---p 00000000 00:00 0                              [anon:bionic TLS guard]
78b8e02000-78b8ea2000 r-xp 00000000 103:1f 620                           /system/lib64/libstagefright_omx.so
78b8ea2000-78b8eaf000 r--p 000a0000 103:1f 620                           /system/lib64/libstagefright_omx.so
78b8eaf000-78b8eb8000 rw-p 000ad000 103:1f 620                           /system/lib64/libstagefright_omx.so
78b8ebb000-78b8edb000 r--s 00000000 00:0e 13477                          /dev/__properties__/u:object_r:cppreopt_prop:s0
78b8edb000-78b8f26000 r-xp 00000000 103:1f 598                           /system/lib64/libavenhancements.so
78b8f26000-78b8f2d000 r--p 0004a000 103:1f 598                           /system/lib64/libavenhancements.so
78b8f2d000-78b8f2e000 rw-p 00051000 103:1f 598                           /system/lib64/libavenhancements.so
78b8f2f000-78b8f30000 ---p 00000000 00:00 0                              [anon:thread signal stack guard page]
78b8f30000-78b8f34000 rw-p 00000000 00:00 0                              [anon:thread signal stack]
78b8f34000-78b8f35000 ---p 00000000 00:00 0                              [anon:bionic TLS guard]
78b8f35000-78b8f38000 rw-p 00000000 00:00 0                              [anon:bionic TLS]
78b8f38000-78b8f39000 ---p 00000000 00:00 0                              [anon:bionic TLS guard]
78b8f39000-78b8f3a000 ---p 00000000 00:00 0                              [anon:thread signal stack guard page]
78b8f3a000-78b8f3e000 rw-p 00000000 00:00 0                              [anon:thread signal stack]
78b8f3e000-78b8f3f000 ---p 00000000 00:00 0                              [anon:bionic TLS guard]
78b8f3f000-78b8f42000 rw-p 00000000 00:00 0                              [anon:bionic TLS]
78b8f42000-78b8f43000 ---p 00000000 00:00 0                              [anon:bionic TLS guard]
78b8f43000-78b8f44000 ---p 00000000 00:00 0                              [anon:thread signal stack guard page]
78b8f44000-78b8f48000 rw-p 00000000 00:00 0                              [anon:thread signal stack]
78b8f48000-78b8f49000 ---p 00000000 00:00 0                              [anon:bionic TLS guard]
78b8f49000-78b8f4c000 rw-p 00000000 00:00 0                              [anon:bionic TLS]
78b8f4c000-78b8f4d000 ---p 00000000 00:00 0                              [anon:bionic TLS guard]
78b8f4d000-78b90fa000 r-xp 00000000 103:1f 3266                          /system/lib64/libavformat.so
78b90fa000-78b90fb000 ---p 00000000 00:00 0 
78b90fb000-78b910f000 r--p 001ad000 103:1f 3266                          /system/lib64/libavformat.so
78b910f000-78b9123000 rw-p 001c1000 103:1f 3266                          /system/lib64/libavformat.so
78b9123000-78b9124000 ---p 00000000 00:00 0                              [anon:thread signal stack guard page]
78b9124000-78b9128000 rw-p 00000000 00:00 0                              [anon:thread signal stack]
78b9128000-78b9173000 r--s 00000000 103:1f 2301                          /system/fonts/Roboto-Bold.ttf
78b9173000-78b926f000 r-xp 00000000 103:1f 1502                          /system/lib64/liboppoheif.so
78b926f000-78b9275000 r--p 000fb000 103:1f 1502                          /system/lib64/liboppoheif.so
78b9275000-78b9276000 rw-p 00101000 103:1f 1502                          /system/lib64/liboppoheif.so
78b9278000-78b9279000 ---p 00000000 00:00 0                              [anon:bionic TLS guard]
78b9279000-78b927c000 rw-p 00000000 00:00 0                              [anon:bionic TLS]
78b927c000-78b927d000 ---p 00000000 00:00 0                              [anon:bionic TLS guard]
78b927d000-78b927e000 ---p 00000000 00:00 0                              [anon:thread signal stack guard page]
78b927e000-78b9282000 rw-p 00000000 00:00 0                              [anon:thread signal stack]
78b9282000-78b9283000 ---p 00000000 00:00 0                              [anon:bionic TLS guard]
78b9283000-78b9286000 rw-p 00000000 00:00 0                              [anon:bionic TLS]
78b9286000-78b9287000 ---p 00000000 00:00 0                              [anon:bionic TLS guard]
78b9287000-78b9333000 r-xp 00000000 103:1f 1501                          /system/lib64/libswscale.so
78b9333000-78b9335000 r--p 000ab000 103:1f 1501                          /system/lib64/libswscale.so
78b9335000-78b9336000 rw-p 000ad000 103:1f 1501                          /system/lib64/libswscale.so
78b9336000-78b933e000 rw-p 00000000 00:00 0                              [anon:.bss]
78b9341000-78ba0e5000 r-xp 00000000 103:1f 1499                          /system/lib64/libavcodec.so
78ba0e5000-78ba113000 r--p 00da3000 103:1f 1499                          /system/lib64/libavcodec.so
78ba113000-78ba130000 rw-p 00dd1000 103:1f 1499                          /system/lib64/libavcodec.so
78ba130000-78ba800000 rw-p 00000000 00:00 0                              [anon:.bss]
78ba800000-78bac00000 rw-p 00000000 00:00 0                              [anon:libc_malloc]
78bac03000-78bac44000 r--s 00000000 103:1f 2296                          /system/fonts/NotoSerif-BoldItalic.ttf
78bac44000-78bac61000 r-xp 00000000 103:1f 3858                          /system/lib64/libswresample.so
78bac61000-78bac62000 ---p 00000000 00:00 0 
78bac62000-78bac64000 r--p 0001d000 103:1f 3858                          /system/lib64/libswresample.so
78bac64000-78bac65000 rw-p 0001f000 103:1f 3858                          /system/lib64/libswresample.so
78bac70000-78bac71000 ---p 00000000 00:00 0                              [anon:thread signal stack guard page]
78bac71000-78bac75000 rw-p 00000000 00:00 0                              [anon:thread signal stack]
78bac75000-78bac95000 r--s 00000000 00:0e 13476                          /dev/__properties__/u:object_r:powerctl_prop:s0
78bac95000-78baceb000 r-xp 00000000 103:1f 1478                          /system/lib64/libstagefright_httplive.so
78baceb000-78baced000 r--p 00056000 103:1f 1478                          /system/lib64/libstagefright_httplive.so
78baced000-78bacf6000 rw-p 00058000 103:1f 1478                          /system/lib64/libstagefright_httplive.so
78bacf8000-78bacf9000 ---p 00000000 00:00 0                              [anon:bionic TLS guard]
78bacf9000-78bacfc000 rw-p 00000000 00:00 0                              [anon:bionic TLS]
78bacfc000-78bacfd000 ---p 00000000 00:00 0                              [anon:bionic TLS guard]
78bacfd000-78bacfe000 ---p 00000000 00:00 0                              [anon:thread signal stack guard page]
78bacfe000-78bad02000 rw-p 00000000 00:00 0                              [anon:thread signal stack]
78bad02000-78bad03000 ---p 00000000 00:00 0                              [anon:bionic TLS guard]
78bad03000-78bad06000 rw-p 00000000 00:00 0                              [anon:bionic TLS]
78bad06000-78bad07000 ---p 00000000 00:00 0                              [anon:bionic TLS guard]
78bad07000-78bad08000 ---p 00000000 00:00 0                              [anon:thread signal stack guard page]
78bad08000-78bad0c000 rw-p 00000000 00:00 0                              [anon:thread signal stack]
78bad0c000-78bad0d000 ---p 00000000 00:00 0                              [anon:bionic TLS guard]
78bad0d000-78bad10000 rw-p 00000000 00:00 0                              [anon:bionic TLS]
78bad10000-78bad11000 ---p 00000000 00:00 0                              [anon:bionic TLS guard]
78bad11000-78bad58000 r-xp 00000000 103:1f 3838                          /system/lib64/libssl.so
78bad58000-78bad5b000 r--p 00046000 103:1f 3838                          /system/lib64/libssl.so
78bad5b000-78bad5c000 rw-p 00049000 103:1f 3838                          /system/lib64/libssl.so
78bad5f000-78bad60000 ---p 00000000 00:00 0                              [anon:thread signal stack guard page]
78bad60000-78bad64000 rw-p 00000000 00:00 0                              [anon:thread signal stack]
78bad64000-78bad65000 ---p 00000000 00:00 0                              [anon:thread signal stack guard page]
78bad65000-78bad69000 rw-p 00000000 00:00 0                              [anon:thread signal stack]
78bad69000-78bad6a000 ---p 00000000 00:00 0                              [anon:bionic TLS guard]
78bad6a000-78bad6d000 rw-p 00000000 00:00 0                              [anon:bionic TLS]
78bad6d000-78bad6e000 ---p 00000000 00:00 0                              [anon:bionic TLS guard]
78bad6e000-78bad8e000 r--s 00000000 00:0e 13474                          /dev/__properties__/u:object_r:system_radio_prop:s0
78bad8e000-78bad91000 r--p 00000000 00:00 0                              [anon:cfi shadow]
78bad91000-78bad92000 r--p 00000000 00:00 0                              [anon:cfi shadow]
78bad92000-78bb07d000 r--p 00000000 00:00 0                              [anon:cfi shadow]
78bb07d000-78bb07e000 r--p 00000000 00:00 0                              [anon:cfi shadow]
78bb07e000-78bb150000 r--p 00000000 00:00 0                              [anon:cfi shadow]
78bb150000-78bb151000 r--p 00000000 00:00 0                              [anon:cfi shadow]
78bb151000-78bb152000 r--p 00000000 00:00 0                              [anon:cfi shadow]
78bb152000-78bb153000 r--p 00000000 00:00 0                              [anon:cfi shadow]
78bb153000-78bb154000 r--p 00000000 00:00 0                              [anon:cfi shadow]
78bb154000-78bb157000 r--p 00000000 00:00 0                              [anon:cfi shadow]
78bb157000-78bb158000 r--p 00000000 00:00 0                              [anon:cfi shadow]
78bb158000-793ad8e000 r--p 00000000 00:00 0                              [anon:cfi shadow]
793ad8e000-793ad9d000 r-xp 00000000 103:1f 1272                          /system/lib64/libmediametrics.so
793ad9d000-793ad9f000 r--p 0000f000 103:1f 1272                          /system/lib64/libmediametrics.so
793ad9f000-793ada0000 rw-p 00011000 103:1f 1272                          /system/lib64/libmediametrics.so
793ada2000-793ada3000 ---p 00000000 00:00 0                              [anon:thread signal stack guard page]
793ada3000-793ada7000 rw-p 00000000 00:00 0                              [anon:thread signal stack]
793ada7000-793ada8000 ---p 00000000 00:00 0                              [anon:bionic TLS guard]
793ada8000-793adab000 rw-p 00000000 00:00 0                              [anon:bionic TLS]
793adab000-793adac000 ---p 00000000 00:00 0                              [anon:bionic TLS guard]
793adac000-793ade9000 r--s 00000000 103:1f 2297                          /system/fonts/NotoSerif-Italic.ttf
793ade9000-793adf6000 r-xp 00000000 103:1f 3721                          /system/lib64/libmediautils.so
793adf6000-793adf8000 r--p 0000c000 103:1f 3721                          /system/lib64/libmediautils.so
793adf8000-793adf9000 rw-p 0000e000 103:1f 3721                          /system/lib64/libmediautils.so
793adfa000-793adfb000 ---p 00000000 00:00 0                              [anon:thread signal stack guard page]
793adfb000-793adff000 rw-p 00000000 00:00 0                              [anon:thread signal stack]
793adff000-793ae00000 ---p 00000000 00:00 0                              [anon:thread signal stack guard page]
793ae00000-793ae04000 rw-p 00000000 00:00 0                              [anon:thread signal stack]
793ae04000-793ae05000 ---p 00000000 00:00 0                              [anon:bionic TLS guard]
793ae05000-793ae08000 rw-p 00000000 00:00 0                              [anon:bionic TLS]
793ae08000-793ae09000 ---p 00000000 00:00 0                              [anon:bionic TLS guard]
793ae09000-793ae0a000 ---p 00000000 00:00 0                              [anon:thread signal stack guard page]
793ae0a000-793ae0e000 rw-p 00000000 00:00 0                              [anon:thread signal stack]
793ae0e000-793ae0f000 ---p 00000000 00:00 0                              [anon:bionic TLS guard]
793ae0f000-793ae12000 rw-p 00000000 00:00 0                              [anon:bionic TLS]
793ae12000-793ae13000 ---p 00000000 00:00 0                              [anon:bionic TLS guard]
793ae13000-793ae14000 ---p 00000000 00:00 0                              [anon:thread signal stack guard page]
793ae14000-793ae18000 rw-p 00000000 00:00 0                              [anon:thread signal stack]
793ae18000-793ae2b000 r-xp 00000000 103:1f 3657                          /system/lib64/libimg_utils.so
793ae2b000-793ae2e000 r--p 00012000 103:1f 3657                          /system/lib64/libimg_utils.so
793ae2e000-793ae2f000 rw-p 00015000 103:1f 3657                          /system/lib64/libimg_utils.so
793ae32000-793ae33000 ---p 00000000 00:00 0                              [anon:bionic TLS guard]
793ae33000-793ae36000 rw-p 00000000 00:00 0                              [anon:bionic TLS]
793ae36000-793ae38000 ---p 00000000 00:00 0                              [anon:bionic TLS guard]
793ae38000-793ae3b000 rw-p 00000000 00:00 0                              [anon:bionic TLS]
793ae3b000-793ae3c000 ---p 00000000 00:00 0                              [anon:bionic TLS guard]
793ae3c000-793ae3d000 ---p 00000000 00:00 0                              [anon:thread signal stack guard page]
793ae3d000-793ae41000 rw-p 00000000 00:00 0                              [anon:thread signal stack]
793ae41000-793ae42000 ---p 00000000 00:00 0                              [anon:thread signal stack guard page]
793ae42000-793ae46000 rw-p 00000000 00:00 0                              [anon:thread signal stack]
793ae46000-793ae66000 r--s 00000000 00:0e 13473                          /dev/__properties__/u:object_r:ffs_prop:s0
793ae66000-793ae75000 r-xp 00000000 103:1f 3868                          /system/lib64/libtinyxmlbp.so
793ae75000-793ae76000 ---p 00000000 00:00 0 
793ae76000-793ae77000 r--p 0000f000 103:1f 3868                          /system/lib64/libtinyxmlbp.so
793ae77000-793ae78000 rw-p 00010000 103:1f 3868                          /system/lib64/libtinyxmlbp.so
793ae7b000-793ae7c000 ---p 00000000 00:00 0                              [anon:bionic TLS guard]
793ae7c000-793ae7f000 rw-p 00000000 00:00 0                              [anon:bionic TLS]
793ae7f000-793ae80000 ---p 00000000 00:00 0                              [anon:bionic TLS guard]
793ae80000-793ae86000 r-xp 00000000 103:1f 2738                          /system/lib64/libheif.so
793ae86000-793ae87000 ---p 00000000 00:00 0 
793ae87000-793ae88000 r--p 00006000 103:1f 2738                          /system/lib64/libheif.so
793ae88000-793ae89000 rw-p 00007000 103:1f 2738                          /system/lib64/libheif.so
793ae8c000-793ae8d000 ---p 00000000 00:00 0                              [anon:bionic TLS guard]
793ae8d000-793ae90000 rw-p 00000000 00:00 0                              [anon:bionic TLS]
793ae90000-793ae91000 ---p 00000000 00:00 0                              [anon:bionic TLS guard]
793ae91000-793ae92000 ---p 00000000 00:00 0                              [anon:thread signal stack guard page]
793ae92000-793ae96000 rw-p 00000000 00:00 0                              [anon:thread signal stack]
793ae96000-793ae97000 ---p 00000000 00:00 0                              [anon:bionic TLS guard]
793ae97000-793ae9a000 rw-p 00000000 00:00 0                              [anon:bionic TLS]
793ae9a000-793ae9b000 ---p 00000000 00:00 0                              [anon:bionic TLS guard]
793ae9b000-793ae9c000 ---p 00000000 00:00 0                              [anon:thread signal stack guard page]
793ae9c000-793aea0000 rw-p 00000000 00:00 0                              [anon:thread signal stack]
793aea0000-793aec0000 r--s 00000000 00:0e 13464                          /dev/__properties__/u:object_r:media_msm8953_version_prop:s0
793aec0000-793aec7000 r-xp 00000000 103:1f 3741                          /system/lib64/libnativehelper.so
793aec7000-793aec8000 r--p 00006000 103:1f 3741                          /system/lib64/libnativehelper.so
793aec8000-793aec9000 rw-p 00007000 103:1f 3741                          /system/lib64/libnativehelper.so
793aec9000-793aeca000 ---p 00000000 00:00 0                              [anon:bionic TLS guard]
793aeca000-793aecd000 rw-p 00000000 00:00 0                              [anon:bionic TLS]
793aecd000-793aece000 ---p 00000000 00:00 0                              [anon:bionic TLS guard]
793aece000-793af0b000 r--s 00000000 103:1f 2295                          /system/fonts/NotoSerif-Bold.ttf
793af0b000-793af61000 r-xp 00000000 103:1f 1466                          /system/lib64/libmedia_omx.so
793af61000-793af70000 r--p 00056000 103:1f 1466                          /system/lib64/libmedia_omx.so
793af70000-793af76000 rw-p 00065000 103:1f 1466                          /system/lib64/libmedia_omx.so
793af77000-793af78000 ---p 00000000 00:00 0                              [anon:thread signal stack guard page]
793af78000-793af7c000 rw-p 00000000 00:00 0                              [anon:thread signal stack]
793af7c000-793af7d000 ---p 00000000 00:00 0                              [anon:bionic TLS guard]
793af7d000-793af80000 rw-p 00000000 00:00 0                              [anon:bionic TLS]
793af80000-793af81000 ---p 00000000 00:00 0                              [anon:bionic TLS guard]
793af81000-793af85000 r-xp 00050000 fd:00 491831                         /data/app/net.kdt.pojavlaunch.firefly-0wBDA2ZCbE_1xKdhtTbuwg==/lib/arm64/liblwjgl.so
793af85000-793af89000 rw-p 00000000 00:00 0 
793af89000-793b084000 r-xp 00000000 103:1f 1210                          /system/lib64/libmedia.so
793b084000-793b0ac000 r--p 000fb000 103:1f 1210                          /system/lib64/libmedia.so
793b0ac000-793b0be000 rw-p 00123000 103:1f 1210                          /system/lib64/libmedia.so
793b0be000-793b0bf000 ---p 00000000 00:00 0                              [anon:thread signal stack guard page]
793b0bf000-793b0c3000 rw-p 00000000 00:00 0                              [anon:thread signal stack]
793b0c3000-793b0e3000 r--s 00000000 00:0e 13463                          /dev/__properties__/u:object_r:media_settings_xml_prop:s0
793b0e3000-793b0f8000 r-xp 00000000 103:1f 3433                          /system/lib64/android.hidl.token@1.0.so
793b0f8000-793b0f9000 ---p 00000000 00:00 0 
793b0f9000-793b0fb000 r--p 00015000 103:1f 3433                          /system/lib64/android.hidl.token@1.0.so
793b0fb000-793b0fc000 rw-p 00017000 103:1f 3433                          /system/lib64/android.hidl.token@1.0.so
793b100000-793b101000 ---p 00000000 00:00 0                              [anon:bionic TLS guard]
793b101000-793b104000 rw-p 00000000 00:00 0                              [anon:bionic TLS]
793b104000-793b105000 ---p 00000000 00:00 0                              [anon:bionic TLS guard]
793b105000-793b106000 ---p 00000000 00:00 0                              [anon:thread signal stack guard page]
793b106000-793b10a000 rw-p 00000000 00:00 0                              [anon:thread signal stack]
793b10a000-793b113000 r-xp 00000000 103:1f 3473                          /system/lib64/libGLESv1_CM.so
793b113000-793b114000 r--p 00008000 103:1f 3473                          /system/lib64/libGLESv1_CM.so
793b114000-793b115000 rw-p 00009000 103:1f 3473                          /system/lib64/libGLESv1_CM.so
793b117000-793b118000 ---p 00000000 00:00 0                              [anon:bionic TLS guard]
793b118000-793b11b000 rw-p 00000000 00:00 0                              [anon:bionic TLS]
793b11b000-793b11c000 ---p 00000000 00:00 0                              [anon:bionic TLS guard]
793b11c000-793b11d000 ---p 00000000 00:00 0                              [anon:thread signal stack guard page]
793b11d000-793b121000 rw-p 00000000 00:00 0                              [anon:thread signal stack]
793b121000-793b122000 ---p 00000000 00:00 0                              [anon:bionic TLS guard]
793b122000-793b125000 rw-p 00000000 00:00 0                              [anon:bionic TLS]
793b125000-793b126000 ---p 00000000 00:00 0                              [anon:bionic TLS guard]
793b126000-793b127000 ---p 00000000 00:00 0                              [anon:thread signal stack guard page]
793b127000-793b12b000 rw-p 00000000 00:00 0                              [anon:thread signal stack]
793b12b000-793b176000 r--s 00000000 103:1f 2299                          /system/fonts/Roboto-Black.ttf
793b176000-793b1b6000 r-xp 00000000 103:1f 3782                          /system/lib64/libprotobuf-cpp-lite.so
793b1b6000-793b1b7000 ---p 00000000 00:00 0 
793b1b7000-793b1b9000 r--p 00040000 103:1f 3782                          /system/lib64/libprotobuf-cpp-lite.so
793b1b9000-793b1ba000 rw-p 00042000 103:1f 3782                          /system/lib64/libprotobuf-cpp-lite.so
793b1ba000-793b1bb000 ---p 00000000 00:00 0                              [anon:bionic TLS guard]
793b1bb000-793b1be000 rw-p 00000000 00:00 0                              [anon:bionic TLS]
793b1be000-793b1bf000 ---p 00000000 00:00 0                              [anon:bionic TLS guard]
793b1bf000-793b1c0000 ---p 00000000 00:00 0                              [anon:thread signal stack guard page]
793b1c0000-793b1c4000 rw-p 00000000 00:00 0                              [anon:thread signal stack]
793b1c4000-793b1c5000 ---p 00000000 00:00 0                              [anon:bionic TLS guard]
793b1c5000-793b1c8000 rw-p 00000000 00:00 0                              [anon:bionic TLS]
793b1c8000-793b1c9000 ---p 00000000 00:00 0                              [anon:bionic TLS guard]
793b1c9000-793b1ca000 ---p 00000000 00:00 0                              [anon:thread signal stack guard page]
793b1ca000-793b1ce000 rw-p 00000000 00:00 0                              [anon:thread signal stack]
793b1ce000-793b1ee000 r--s 00000000 00:0e 13452                          /dev/__properties__/u:object_r:qemu_hw_mainkeys_prop:s0
793b1ee000-793b1f5000 r-xp 00000000 103:1f 2725                          /system/lib64/libcamera_metadata.so
793b1f5000-793b1f6000 ---p 00000000 00:00 0 
793b1f6000-793b1f7000 r--p 00007000 103:1f 2725                          /system/lib64/libcamera_metadata.so
793b1f7000-793b1f9000 rw-p 00008000 103:1f 2725                          /system/lib64/libcamera_metadata.so
793b1fc000-793b1fd000 ---p 00000000 00:00 0                              [anon:bionic TLS guard]
793b1fd000-793b200000 rw-p 00000000 00:00 0                              [anon:bionic TLS]
793b200000-793b201000 ---p 00000000 00:00 0                              [anon:bionic TLS guard]
793b201000-793b221000 r--s 00000000 00:0e 13446                          /dev/__properties__/u:object_r:hwui_prop:s0
793b221000-793b224000 r-xp 00000000 103:1f 3722                          /system/lib64/libmemtrack.so
793b224000-793b225000 r--p 00002000 103:1f 3722                          /system/lib64/libmemtrack.so
793b225000-793b226000 rw-p 00003000 103:1f 3722                          /system/lib64/libmemtrack.so
793b229000-793b22a000 ---p 00000000 00:00 0                              [anon:thread signal stack guard page]
793b22a000-793b22e000 rw-p 00000000 00:00 0                              [anon:thread signal stack]
793b22e000-793b22f000 ---p 00000000 00:00 0                              [anon:bionic TLS guard]
793b22f000-793b232000 rw-p 00000000 00:00 0                              [anon:bionic TLS]
793b232000-793b233000 ---p 00000000 00:00 0                              [anon:bionic TLS guard]
793b233000-793b234000 ---p 00000000 00:00 0                              [anon:thread signal stack guard page]
793b234000-793b238000 rw-p 00000000 00:00 0                              [anon:thread signal stack]
793b238000-793b258000 r--s 00000000 00:0e 13441                          /dev/__properties__/u:object_r:reschedule_service_prop:s0
793b258000-793b27e000 r-xp 00000000 103:1f 3770                          /system/lib64/libpcre2.so
793b27e000-793b27f000 r--p 00025000 103:1f 3770                          /system/lib64/libpcre2.so
793b27f000-793b280000 rw-p 00026000 103:1f 3770                          /system/lib64/libpcre2.so
793b282000-793b298000 r-xp 00000000 103:1f 1480                          /system/lib64/libstagefright_xmlparser.so
793b298000-793b299000 r--p 00016000 103:1f 1480                          /system/lib64/libstagefright_xmlparser.so
793b299000-793b29a000 rw-p 00017000 103:1f 1480                          /system/lib64/libstagefright_xmlparser.so
793b29a000-793b29b000 ---p 00000000 00:00 0                              [anon:bionic TLS guard]
793b29b000-793b29e000 rw-p 00000000 00:00 0                              [anon:bionic TLS]
793b29e000-793b29f000 ---p 00000000 00:00 0                              [anon:bionic TLS guard]
793b29f000-793b2a0000 ---p 00000000 00:00 0                              [anon:thread signal stack guard page]
793b2a0000-793b2a4000 rw-p 00000000 00:00 0                              [anon:thread signal stack]
793b2a4000-793b2a5000 ---p 00000000 00:00 0                              [anon:bionic TLS guard]
793b2a5000-793b2a8000 rw-p 00000000 00:00 0                              [anon:bionic TLS]
793b2a8000-793b2a9000 ---p 00000000 00:00 0                              [anon:bionic TLS guard]
793b2a9000-793b2aa000 ---p 00000000 00:00 0                              [anon:thread signal stack guard page]
793b2aa000-793b2ae000 rw-p 00000000 00:00 0                              [anon:thread signal stack]
793b2ae000-793b2ce000 r--s 00000000 00:0e 13440                          /dev/__properties__/u:object_r:bservice_prop:s0
793b2ce000-793b511000 r-xp 00000000 103:1f 3655                          /system/lib64/libicui18n.so
793b511000-793b512000 ---p 00000000 00:00 0 
793b512000-793b524000 r--p 00243000 103:1f 3655                          /system/lib64/libicui18n.so
793b524000-793b525000 rw-p 00255000 103:1f 3655                          /system/lib64/libicui18n.so
793b527000-793b528000 ---p 00000000 00:00 0                              [anon:bionic TLS guard]
793b528000-793b52b000 rw-p 00000000 00:00 0                              [anon:bionic TLS]
793b52b000-793b52c000 ---p 00000000 00:00 0                              [anon:bionic TLS guard]
793b52c000-793b52d000 ---p 00000000 00:00 0                              [anon:thread signal stack guard page]
793b52d000-793b531000 rw-p 00000000 00:00 0                              [anon:thread signal stack]
793b531000-793b532000 ---p 00000000 00:00 0                              [anon:bionic TLS guard]
793b532000-793b535000 rw-p 00000000 00:00 0                              [anon:bionic TLS]
793b535000-793b536000 ---p 00000000 00:00 0                              [anon:bionic TLS guard]
793b536000-793b537000 ---p 00000000 00:00 0                              [anon:thread signal stack guard page]
793b537000-793b53b000 rw-p 00000000 00:00 0                              [anon:thread signal stack]
793b53b000-793b53c000 ---p 00000000 00:00 0                              [anon:bionic TLS guard]
793b53c000-793b53f000 rw-p 00000000 00:00 0                              [anon:bionic TLS]
793b53f000-793b540000 ---p 00000000 00:00 0                              [anon:bionic TLS guard]
793b540000-793b560000 r--s 00000000 00:0e 13461                          /dev/__properties__/u:object_r:graphics_vulkan_prop:s0
793b560000-793b5a2000 r-xp 00000000 103:1f 3775                          /system/lib64/libpng.so
793b5a2000-793b5a3000 ---p 00000000 00:00 0 
793b5a3000-793b5a4000 r--p 00042000 103:1f 3775                          /system/lib64/libpng.so
793b5a4000-793b5a5000 rw-p 00043000 103:1f 3775                          /system/lib64/libpng.so
793b5a7000-793b5a9000 rw-p 00000000 00:01 153849862                      /dev/ashmem/dalvik-indirect ref table (deleted)
793b5a9000-793b5e6000 r--s 00000000 103:1f 2298                          /system/fonts/NotoSerif-Regular.ttf
793b5e6000-793b5eb000 r-xp 00000000 103:1f 3742                          /system/lib64/libnativeloader.so
793b5eb000-793b5ec000 r--p 00004000 103:1f 3742                          /system/lib64/libnativeloader.so
793b5ec000-793b5ed000 rw-p 00005000 103:1f 3742                          /system/lib64/libnativeloader.so
793b5ed000-793b5ee000 ---p 00000000 00:00 0                              [anon:thread signal stack guard page]
793b5ee000-793b5f2000 rw-p 00000000 00:00 0                              [anon:thread signal stack]
793b5f2000-793b5f3000 ---p 00000000 00:00 0                              [anon:bionic TLS guard]
793b5f3000-793b5f6000 rw-p 00000000 00:00 0                              [anon:bionic TLS]
793b5f6000-793b5f7000 ---p 00000000 00:00 0                              [anon:bionic TLS guard]
793b5f7000-793b5f8000 ---p 00000000 00:00 0                              [anon:thread signal stack guard page]
793b5f8000-793b5fc000 rw-p 00000000 00:00 0                              [anon:thread signal stack]
793b5fc000-793b5fd000 ---p 00000000 00:00 0                              [anon:bionic TLS guard]
793b5fd000-793b600000 rw-p 00000000 00:00 0                              [anon:bionic TLS]
793b600000-793b601000 ---p 00000000 00:00 0                              [anon:bionic TLS guard]
793b601000-793b621000 rw-p 00000000 00:01 153840456                      /dev/ashmem/dalvik-CompilerMetadata (deleted)
793b621000-793b623000 r-xp 00000000 103:1f 3388                          /system/lib64/android.hardware.configstore-utils.so
793b623000-793b624000 r--p 00001000 103:1f 3388                          /system/lib64/android.hardware.configstore-utils.so
793b624000-793b625000 rw-p 00002000 103:1f 3388                          /system/lib64/android.hardware.configstore-utils.so
793b625000-793b626000 ---p 00000000 00:00 0                              [anon:thread signal stack guard page]
793b626000-793b62a000 rw-p 00000000 00:00 0                              [anon:thread signal stack]
793b62a000-793b64a000 r--s 00000000 00:0e 13510                          /dev/__properties__/u:object_r:hwservicemanager_prop:s0
793b64a000-793bb76000 r-xp 00000000 103:1f 1324                          /system/lib64/libpdfium.so
793bb76000-793bb8c000 r--p 0052b000 103:1f 1324                          /system/lib64/libpdfium.so
793bb8c000-793bb90000 rw-p 00541000 103:1f 1324                          /system/lib64/libpdfium.so
793bb90000-793bb91000 ---p 00000000 00:00 0                              [anon:bionic TLS guard]
793bb91000-793bb94000 rw-p 00000000 00:00 0                              [anon:bionic TLS]
793bb94000-793bb95000 ---p 00000000 00:00 0                              [anon:bionic TLS guard]
793bb95000-793bb96000 ---p 00000000 00:00 0                              [anon:thread signal stack guard page]
793bb96000-793bb9a000 rw-p 00000000 00:00 0                              [anon:thread signal stack]
793bb9a000-793bb9b000 ---p 00000000 00:00 0                              [anon:bionic TLS guard]
793bb9b000-793bb9e000 rw-p 00000000 00:00 0                              [anon:bionic TLS]
793bb9e000-793bb9f000 ---p 00000000 00:00 0                              [anon:bionic TLS guard]
793bb9f000-793bba0000 ---p 00000000 00:00 0                              [anon:thread signal stack guard page]
793bba0000-793bba4000 rw-p 00000000 00:00 0                              [anon:thread signal stack]
793bba4000-793bba5000 ---p 00000000 00:00 0                              [anon:bionic TLS guard]
793bba5000-793bba8000 rw-p 00000000 00:00 0                              [anon:bionic TLS]
793bba8000-793bba9000 ---p 00000000 00:00 0                              [anon:bionic TLS guard]
793bba9000-793bbfa000 r--s 00000000 103:1f 2307                          /system/fonts/Roboto-MediumItalic.ttf
793bbfa000-793bbfc000 r-xp 00000000 103:1f 3794                          /system/lib64/libregionalization.so
793bbfc000-793bbfd000 r--p 00001000 103:1f 3794                          /system/lib64/libregionalization.so
793bbfd000-793bbfe000 rw-p 00002000 103:1f 3794                          /system/lib64/libregionalization.so
793bc02000-793bc25000 r-xp 00000000 103:1f 1239                          /system/lib64/libui.so
793bc25000-793bc27000 r--p 00022000 103:1f 1239                          /system/lib64/libui.so
793bc27000-793bc28000 rw-p 00024000 103:1f 1239                          /system/lib64/libui.so
793bc2b000-793bc4b000 r--s 00000000 00:0e 13469                          /dev/__properties__/u:object_r:debug_gralloc_prop:s0
793bc4b000-793bcae000 r-xp 00000000 103:1f 3391                          /system/lib64/android.hardware.drm@1.0.so
793bcae000-793bcaf000 ---p 00000000 00:00 0 
793bcaf000-793bcb7000 r--p 00063000 103:1f 3391                          /system/lib64/android.hardware.drm@1.0.so
793bcb7000-793bcb8000 rw-p 0006b000 103:1f 3391                          /system/lib64/android.hardware.drm@1.0.so
793bcb8000-793bcb9000 ---p 00000000 00:00 0                              [anon:thread signal stack guard page]
793bcb9000-793bcbd000 rw-p 00000000 00:00 0                              [anon:thread signal stack]
793bcbd000-793bcbe000 ---p 00000000 00:00 0                              [anon:bionic TLS guard]
793bcbe000-793bcc1000 rw-p 00000000 00:00 0                              [anon:bionic TLS]
793bcc1000-793bcc2000 ---p 00000000 00:00 0                              [anon:bionic TLS guard]
793bcc2000-793bcc3000 ---p 00000000 00:00 0                              [anon:thread signal stack guard page]
793bcc3000-793bcc7000 rw-p 00000000 00:00 0                              [anon:thread signal stack]
793bcc7000-793bcc8000 ---p 00000000 00:00 0                              [anon:bionic TLS guard]
793bcc8000-793bccb000 rw-p 00000000 00:00 0                              [anon:bionic TLS]
793bccb000-793bccc000 ---p 00000000 00:00 0                              [anon:bionic TLS guard]
793bccc000-793bccd000 ---p 00000000 00:00 0                              [anon:thread signal stack guard page]
793bccd000-793bcd1000 rw-p 00000000 00:00 0                              [anon:thread signal stack]
793bcd1000-793c530000 r-xp 00000000 103:1f 1405                          /system/lib64/libskia.so
793c530000-793c531000 ---p 00000000 00:00 0 
793c531000-793c578000 r--p 0085f000 103:1f 1405                          /system/lib64/libskia.so
793c578000-793c579000 rw-p 008a6000 103:1f 1405                          /system/lib64/libskia.so
793c579000-793c57f000 rw-p 00000000 00:00 0                              [anon:.bss]
793c57f000-793c580000 ---p 00000000 00:00 0                              [anon:bionic TLS guard]
793c580000-793c583000 rw-p 00000000 00:00 0                              [anon:bionic TLS]
793c583000-793c584000 ---p 00000000 00:00 0                              [anon:bionic TLS guard]
793c584000-793c58a000 rw-p 00000000 00:00 0 
793c58a000-793c590000 ---p 00000000 00:00 0 
793c590000-793c5a7000 r-xp 00000000 103:1f 2950                          /system/lib64/libselinux.so
793c5a7000-793c5a8000 ---p 00000000 00:00 0 
793c5a8000-793c5a9000 r--p 00017000 103:1f 2950                          /system/lib64/libselinux.so
793c5a9000-793c5aa000 rw-p 00018000 103:1f 2950                          /system/lib64/libselinux.so
793c5aa000-793c5ab000 rw-p 00000000 00:00 0                              [anon:.bss]
793c5ad000-793c5ae000 rw-s 00000000 00:0a 11755                          anon_inode:dmabuf
793c5ae000-793c5b1000 r--s 00016000 fd:00 1540288                        /data/media/0/games/Pojav-Glow-Worm/caciocavallo18/cacio-shared-1.18-SNAPSHOT.jar
793c5b1000-793c5b9000 rw-p 00000000 00:00 0 
793c5b9000-793c5ba000 ---p 00000000 00:00 0                              [anon:thread signal stack guard page]
793c5ba000-793c5be000 rw-p 00000000 00:00 0                              [anon:thread signal stack]
793c5be000-793c5bf000 ---p 00000000 00:00 0                              [anon:bionic TLS guard]
793c5bf000-793c5c2000 rw-p 00000000 00:00 0                              [anon:bionic TLS]
793c5c2000-793c5c3000 ---p 00000000 00:00 0                              [anon:bionic TLS guard]
793c5c3000-793c5c4000 ---p 00000000 00:00 0                              [anon:thread signal stack guard page]
793c5c4000-793c5c8000 rw-p 00000000 00:00 0                              [anon:thread signal stack]
793c5c8000-793c605000 r-xp 00000000 103:1f 3387                          /system/lib64/android.hardware.cas@1.0.so
793c605000-793c606000 ---p 00000000 00:00 0 
793c606000-793c60c000 r--p 0003d000 103:1f 3387                          /system/lib64/android.hardware.cas@1.0.so
793c60c000-793c60d000 rw-p 00043000 103:1f 3387                          /system/lib64/android.hardware.cas@1.0.so
793c60d000-793c60e000 rw-s 00000000 00:0a 11755                          anon_inode:dmabuf
793c60e000-793c60f000 ---p 00000000 00:00 0                              [anon:bionic TLS guard]
793c60f000-793c612000 rw-p 00000000 00:00 0                              [anon:bionic TLS]
793c612000-793c613000 ---p 00000000 00:00 0                              [anon:bionic TLS guard]
793c613000-793c654000 r--s 00000000 103:1f 2151                          /system/fonts/FZZWXBTOT_Uni.ttf
793c654000-793c66d000 r-xp 00000000 103:1f 1262                          /system/lib64/liblog.so
793c66d000-793c66e000 r--p 00018000 103:1f 1262                          /system/lib64/liblog.so
793c66e000-793c66f000 rw-p 00019000 103:1f 1262                          /system/lib64/liblog.so
793c66f000-793c671000 r--s 0000a000 fd:00 1540289                        /data/media/0/games/Pojav-Glow-Worm/caciocavallo18/cacio-tta-1.18-SNAPSHOT.jar
793c671000-793c672000 ---p 00000000 00:00 0                              [anon:thread signal stack guard page]
793c672000-793c676000 rw-p 00000000 00:00 0                              [anon:thread signal stack]
793c676000-793c677000 ---p 00000000 00:00 0                              [anon:bionic TLS guard]
793c677000-793c67a000 rw-p 00000000 00:00 0                              [anon:bionic TLS]
793c67a000-793c67c000 ---p 00000000 00:00 0                              [anon:bionic TLS guard]
793c67c000-793c67f000 rw-p 00000000 00:00 0                              [anon:bionic TLS]
793c67f000-793c680000 ---p 00000000 00:00 0                              [anon:bionic TLS guard]
793c680000-793c6b9000 r-xp 00000000 103:1f 3396                          /system/lib64/android.hardware.graphics.bufferqueue@1.0.so
793c6b9000-793c6ba000 ---p 00000000 00:00 0 
793c6ba000-793c6be000 r--p 00039000 103:1f 3396                          /system/lib64/android.hardware.graphics.bufferqueue@1.0.so
793c6be000-793c6bf000 rw-p 0003d000 103:1f 3396                          /system/lib64/android.hardware.graphics.bufferqueue@1.0.so
793c6bf000-793c6c0000 ---p 00000000 00:00 0 
793c6c0000-793c6c1000 r--p 00000000 00:00 0 
793c6c1000-793c6c2000 ---p 00000000 00:00 0                              [anon:thread signal stack guard page]
793c6c2000-793c6c6000 rw-p 00000000 00:00 0                              [anon:thread signal stack]
793c6c6000-793c6c7000 ---p 00000000 00:00 0                              [anon:thread signal stack guard page]
793c6c7000-793c6cb000 rw-p 00000000 00:00 0                              [anon:thread signal stack]
793c6cb000-793c6cc000 ---p 00000000 00:00 0                              [anon:bionic TLS guard]
793c6cc000-793c6cf000 rw-p 00000000 00:00 0                              [anon:bionic TLS]
793c6cf000-793c6d0000 ---p 00000000 00:00 0                              [anon:bionic TLS guard]
793c6d0000-793c6d1000 ---p 00000000 00:00 0                              [anon:thread signal stack guard page]
793c6d1000-793c6d5000 rw-p 00000000 00:00 0                              [anon:thread signal stack]
793c6d5000-793c6d6000 ---p 00000000 00:00 0                              [anon:bionic TLS guard]
793c6d6000-793c6d9000 rw-p 00000000 00:00 0                              [anon:bionic TLS]
793c6d9000-793c6da000 ---p 00000000 00:00 0                              [anon:bionic TLS guard]
793c6da000-793c6fa000 rw-p 00000000 00:01 153838232                      /dev/ashmem/dalvik-CompilerMetadata (deleted)
793c6fa000-793c6fc000 r-xp 00000000 103:1f 3640                          /system/lib64/libgraphicsenv.so
793c6fc000-793c6fd000 r--p 00001000 103:1f 3640                          /system/lib64/libgraphicsenv.so
793c6fd000-793c6fe000 rw-p 00002000 103:1f 3640                          /system/lib64/libgraphicsenv.so
793c6fe000-793c6ff000 r--s 00000000 00:01 39002                          /dev/ashmem/c316a1ea-b78f-4672-bfab-5426a80191ad (deleted)
793c6ff000-793c700000 ---p 00000000 00:00 0 
793c700000-793c701000 ---p 00000000 00:00 0                              [anon:thread signal stack guard page]
793c701000-793c705000 rw-p 00000000 00:00 0                              [anon:thread signal stack]
793c705000-793c706000 ---p 00000000 00:00 0                              [anon:bionic TLS guard]
793c706000-793c709000 rw-p 00000000 00:00 0                              [anon:bionic TLS]
793c709000-793c70a000 ---p 00000000 00:00 0                              [anon:bionic TLS guard]
793c70a000-793c724000 r-xp 00000000 103:1f 3386                          /system/lib64/android.hardware.cas.native@1.0.so
793c724000-793c727000 r--p 00019000 103:1f 3386                          /system/lib64/android.hardware.cas.native@1.0.so
793c727000-793c728000 rw-p 0001c000 103:1f 3386                          /system/lib64/android.hardware.cas.native@1.0.so
793c728000-793c72a000 rwxp 00000000 00:00 0                              [anon:bytehook-plt-trampolines]
793c72a000-793c72b000 rw-p 00000000 00:00 0 
793c72b000-793c72c000 rwxp 00000000 00:00 0                              [anon:bytehook-plt-trampolines]
793c72c000-793c74c000 rw-p 00000000 00:01 153847976                      /dev/ashmem/dalvik-LinearAlloc (deleted)
793c74c000-793c765000 r-xp 00000000 103:1f 1263                          /system/lib64/libmedia_helper.so
793c765000-793c766000 ---p 00000000 00:00 0 
793c766000-793c768000 r--p 00019000 103:1f 1263                          /system/lib64/libmedia_helper.so
793c768000-793c769000 rw-p 0001b000 103:1f 1263                          /system/lib64/libmedia_helper.so
793c769000-793c76a000 r--p 00000000 00:00 0                              [anon:atexit handlers]
793c76c000-793c7b7000 r--s 00000000 103:1f 2306                          /system/fonts/Roboto-Medium.ttf
793c7b7000-793cafc000 r-xp 00000000 103:1f 1190                          /system/lib64/libstagefright.so
793cafc000-793cb2d000 r--p 00345000 103:1f 1190                          /system/lib64/libstagefright.so
793cb2d000-793cb78000 rw-p 00376000 103:1f 1190                          /system/lib64/libstagefright.so
793cb78000-793cb79000 r--p 00000000 00:00 0                              [anon:linker_alloc]
793cb7b000-793cb9b000 rw-p 00000000 00:01 153839509                      /dev/ashmem/dalvik-LinearAlloc (deleted)
793cb9b000-793cba1000 r-xp 00000000 103:1f 3405                          /system/lib64/android.hardware.media@1.0.so
793cba1000-793cba2000 r--p 00005000 103:1f 3405                          /system/lib64/android.hardware.media@1.0.so
793cba2000-793cba3000 rw-p 00006000 103:1f 3405                          /system/lib64/android.hardware.media@1.0.so
793cba3000-793cba4000 r--p 00000000 00:00 0                              [anon:linker_alloc]
793cba4000-793cba5000 rw-s 00000000 00:0a 11755                          anon_inode:dmabuf
793cba5000-793cba7000 rw-p 00000000 00:01 153839516                      /dev/ashmem/dalvik-indirect ref table (deleted)
793cba7000-793cba8000 ---p 00000000 00:00 0                              [anon:thread signal stack guard page]
793cba8000-793cbac000 rw-p 00000000 00:00 0                              [anon:thread signal stack]
793cbac000-793cbad000 ---p 00000000 00:00 0                              [anon:bionic TLS guard]
793cbad000-793cbb0000 rw-p 00000000 00:00 0                              [anon:bionic TLS]
793cbb0000-793cbb1000 ---p 00000000 00:00 0                              [anon:bionic TLS guard]
793cbb1000-793cbb2000 ---p 00000000 00:00 0                              [anon:thread signal stack guard page]
793cbb2000-793cbb6000 rw-p 00000000 00:00 0                              [anon:thread signal stack]
793cbb6000-793cbbe000 r--s fc001000 00:0e 16605                          /dev/kgsl-3d0
793cbbe000-793cbde000 rw-p 00000000 00:01 153838226                      /dev/ashmem/dalvik-CompilerMetadata (deleted)
793cbde000-793cbf9000 r-xp 00000000 103:1f 3399                          /system/lib64/android.hardware.graphics.mapper@2.0.so
793cbf9000-793cbfc000 r--p 0001a000 103:1f 3399                          /system/lib64/android.hardware.graphics.mapper@2.0.so
793cbfc000-793cbfd000 rw-p 0001d000 103:1f 3399                          /system/lib64/android.hardware.graphics.mapper@2.0.so
793cbfd000-793cbfe000 r--p 00000000 00:00 0                              [anon:atexit handlers]
793cbfe000-793cbff000 ---p 00000000 00:00 0                              [anon:bionic TLS guard]
793cbff000-793cc02000 rw-p 00000000 00:00 0                              [anon:bionic TLS]
793cc02000-793cc03000 ---p 00000000 00:00 0                              [anon:bionic TLS guard]
793cc03000-793cc04000 ---p 00000000 00:00 0                              [anon:thread signal stack guard page]
793cc04000-793cc08000 rw-p 00000000 00:00 0                              [anon:thread signal stack]
793cc08000-793cc09000 ---p 00000000 00:00 0                              [anon:bionic TLS guard]
793cc09000-793cc0c000 rw-p 00000000 00:00 0                              [anon:bionic TLS]
793cc0c000-793cc0d000 ---p 00000000 00:00 0                              [anon:bionic TLS guard]
793cc0d000-793cc2d000 rw-p 00000000 00:01 153838225                      /dev/ashmem/dalvik-CompilerMetadata (deleted)
793cc2d000-793ccb7000 r-xp 00000000 103:1f 3644                          /system/lib64/libharfbuzz_ng.so
793ccb7000-793ccb9000 r--p 00089000 103:1f 3644                          /system/lib64/libharfbuzz_ng.so
793ccb9000-793ccba000 rw-p 0008b000 103:1f 3644                          /system/lib64/libharfbuzz_ng.so
793ccba000-793ccbc000 rw-p 00000000 00:01 153840461                      /dev/ashmem/dalvik-indirect ref table (deleted)
793ccbc000-793ccbe000 rw-p 00000000 00:01 153840460                      /dev/ashmem/dalvik-indirect ref table (deleted)
793ccbe000-793ccc0000 rw-p 00000000 00:01 153840444                      /dev/ashmem/dalvik-indirect ref table (deleted)
793ccc0000-793ccc1000 ---p 00000000 00:00 0                              [anon:thread signal stack guard page]
793ccc1000-793ccc5000 rw-p 00000000 00:00 0                              [anon:thread signal stack]
793ccc5000-793ccc6000 ---p 00000000 00:00 0                              [anon:bionic TLS guard]
793ccc6000-793ccc9000 rw-p 00000000 00:00 0                              [anon:bionic TLS]
793ccc9000-793ccca000 ---p 00000000 00:00 0                              [anon:bionic TLS guard]
793ccca000-793cccf000 rw-p 00000000 103:1f 1593                          /system/etc/event-log-tags
793cccf000-793ccd0000 ---p 00000000 00:00 0                              [anon:thread signal stack guard page]
793ccd0000-793ccd4000 rw-p 00000000 00:00 0                              [anon:thread signal stack]
793ccd4000-793ccd7000 r-xp 00000000 103:1f 3434                          /system/lib64/android.hidl.token@1.0-utils.so
793ccd7000-793ccd8000 r--p 00002000 103:1f 3434                          /system/lib64/android.hidl.token@1.0-utils.so
793ccd8000-793ccd9000 rw-p 00003000 103:1f 3434                          /system/lib64/android.hidl.token@1.0-utils.so
793ccd9000-793ccda000 ---p 00000000 00:00 0                              [anon:bionic TLS guard]
793ccda000-793ccdd000 rw-p 00000000 00:00 0                              [anon:bionic TLS]
793ccdd000-793ccde000 ---p 00000000 00:00 0                              [anon:bionic TLS guard]
793ccde000-793ccdf000 r--p 00000000 00:00 0                              [anon:atexit handlers]
793ccdf000-793cce1000 rw-p 00000000 00:01 153847971                      /dev/ashmem/dalvik-indirect ref table (deleted)
793cce1000-793cce2000 ---p 00000000 00:00 0                              [anon:thread signal stack guard page]
793cce2000-793cce6000 rw-p 00000000 00:00 0                              [anon:thread signal stack]
793cce6000-793cce7000 ---p 00000000 00:00 0                              [anon:bionic TLS guard]
793cce7000-793ccea000 rw-p 00000000 00:00 0                              [anon:bionic TLS]
793ccea000-793cceb000 ---p 00000000 00:00 0                              [anon:bionic TLS guard]
793cceb000-793ccec000 ---p 00000000 00:00 0                              [anon:thread signal stack guard page]
793ccec000-793ccf0000 rw-p 00000000 00:00 0                              [anon:thread signal stack]
793ccf0000-793ccf1000 ---p 00000000 00:00 0                              [anon:bionic TLS guard]
793ccf1000-793ccf4000 rw-p 00000000 00:00 0                              [anon:bionic TLS]
793ccf4000-793ccf5000 ---p 00000000 00:00 0                              [anon:bionic TLS guard]
793ccf5000-793cd15000 r--s 00000000 00:0e 13506                          /dev/__properties__/u:object_r:log_prop:s0
793cd15000-793cda4000 r-xp 00000000 103:1f 1060                          /system/lib64/libft2.so
793cda4000-793cda7000 r--p 0008e000 103:1f 1060                          /system/lib64/libft2.so
793cda7000-793cda8000 rw-p 00091000 103:1f 1060                          /system/lib64/libft2.so
793cda8000-793cdaa000 rw-p 00000000 00:01 153840437                      /dev/ashmem/dalvik-indirect ref table (deleted)
793cdaa000-793cdac000 rw-p 00000000 00:01 153840434                      /dev/ashmem/dalvik-indirect ref table (deleted)
793cdac000-793cdad000 ---p 00000000 00:00 0                              [anon:thread signal stack guard page]
793cdad000-793cdb1000 rw-p 00000000 00:00 0                              [anon:thread signal stack]
793cdb1000-793cdb3000 rw-p 00000000 00:00 0                              [anon:linker_alloc_small_objects]
793cdb3000-793cdb4000 ---p 00000000 00:00 0                              [anon:bionic TLS guard]
793cdb4000-793cdb7000 rw-p 00000000 00:00 0                              [anon:bionic TLS]
793cdb7000-793cdb8000 ---p 00000000 00:00 0                              [anon:bionic TLS guard]
793cdb8000-793cdba000 rw-p 00000000 00:01 153838224                      /dev/ashmem/dalvik-indirect ref table (deleted)
793cdba000-793cdbb000 ---p 00000000 00:00 0                              [anon:thread signal stack guard page]
793cdbb000-793cdbf000 rw-p 00000000 00:00 0                              [anon:thread signal stack]
793cdbf000-793cddf000 rw-p 00000000 00:01 153845525                      /dev/ashmem/dalvik-LinearAlloc (deleted)
793cddf000-793ce36000 r-xp 00000000 103:1f 1122                          /system/lib64/libandroidfw.so
793ce36000-793ce39000 r--p 00056000 103:1f 1122                          /system/lib64/libandroidfw.so
793ce39000-793ce3a000 rw-p 00059000 103:1f 1122                          /system/lib64/libandroidfw.so
793ce3a000-793ce3b000 r--p 00000000 00:00 0                              [anon:linker_alloc]
793ce3b000-793ce3c000 ---p 00000000 00:00 0                              [anon:bionic TLS guard]
793ce3c000-793ce3f000 rw-p 00000000 00:00 0                              [anon:bionic TLS]
793ce3f000-793ce41000 ---p 00000000 00:00 0                              [anon:bionic TLS guard]
793ce41000-793ce44000 rw-p 00000000 00:00 0                              [anon:bionic TLS]
793ce44000-793ce45000 ---p 00000000 00:00 0                              [anon:bionic TLS guard]
793ce45000-793ce46000 ---p 00000000 00:00 0                              [anon:thread signal stack guard page]
793ce46000-793ce4a000 rw-p 00000000 00:00 0                              [anon:thread signal stack]
793ce4a000-793ce68000 r-xp 00000000 103:1f 619                           /system/lib64/libstagefright_flacdec.so
793ce68000-793ce69000 r--p 0001e000 103:1f 619                           /system/lib64/libstagefright_flacdec.so
793ce69000-793ce6a000 rw-p 0001f000 103:1f 619                           /system/lib64/libstagefright_flacdec.so
793ce6a000-793ce8e000 r--s 00000000 103:1f 4728                          /system/usr/hyphen-data/hyph-nn.hyb
793ce8e000-793cea7000 r-xp 00000000 103:1f 3773                          /system/lib64/libpiex.so
793cea7000-793cea8000 ---p 00000000 00:00 0 
793cea8000-793cea9000 r--p 00019000 103:1f 3773                          /system/lib64/libpiex.so
793cea9000-793ceaa000 rw-p 0001a000 103:1f 3773                          /system/lib64/libpiex.so
793ceaa000-793ceac000 rw-p 00000000 00:01 153838223                      /dev/ashmem/dalvik-indirect ref table (deleted)
793ceac000-793cebd000 r--s 0b76c000 fd:00 491586                         /data/app/net.kdt.pojavlaunch.firefly-0wBDA2ZCbE_1xKdhtTbuwg==/base.apk
793cebd000-793cebe000 ---p 00000000 00:00 0                              [anon:bionic TLS guard]
793cebe000-793cec1000 rw-p 00000000 00:00 0                              [anon:bionic TLS]
793cec1000-793cec2000 ---p 00000000 00:00 0                              [anon:bionic TLS guard]
793cec2000-793cec7000 r--p 000c5000 fd:00 499861                         /data/app/net.kdt.pojavlaunch.firefly-0wBDA2ZCbE_1xKdhtTbuwg==/oat/arm64/base.art
793cec7000-793cf35000 r-xp 00000000 103:1f 3404                          /system/lib64/android.hardware.media.omx@1.0.so
793cf35000-793cf36000 ---p 00000000 00:00 0 
793cf36000-793cf3f000 r--p 0006e000 103:1f 3404                          /system/lib64/android.hardware.media.omx@1.0.so
793cf3f000-793cf40000 rw-p 00077000 103:1f 3404                          /system/lib64/android.hardware.media.omx@1.0.so
793cf40000-793cf41000 ---p 00000000 00:00 0                              [anon:thread signal stack guard page]
793cf41000-793cf45000 rw-p 00000000 00:00 0                              [anon:thread signal stack]
793cf45000-793cf46000 ---p 00000000 00:00 0                              [anon:bionic TLS guard]
793cf46000-793cf49000 rw-p 00000000 00:00 0                              [anon:bionic TLS]
793cf49000-793cf4a000 ---p 00000000 00:00 0                              [anon:bionic TLS guard]
793cf4a000-793cf4b000 ---p 00000000 00:00 0                              [anon:thread signal stack guard page]
793cf4b000-793cf4f000 rw-p 00000000 00:00 0                              [anon:thread signal stack]
793cf4f000-793cf50000 ---p 00000000 00:00 0                              [anon:bionic TLS guard]
793cf50000-793cf53000 rw-p 00000000 00:00 0                              [anon:bionic TLS]
793cf53000-793cf54000 ---p 00000000 00:00 0                              [anon:bionic TLS guard]
793cf54000-793cf55000 ---p 00000000 00:00 0                              [anon:thread signal stack guard page]
793cf55000-793cf59000 rw-p 00000000 00:00 0                              [anon:thread signal stack]
793cf59000-793cf5a000 ---p 00000000 00:00 0                              [anon:bionic TLS guard]
793cf5a000-793cf5d000 rw-p 00000000 00:00 0                              [anon:bionic TLS]
793cf5d000-793cf5e000 ---p 00000000 00:00 0                              [anon:bionic TLS guard]
793cf5e000-793cf9b000 r-xp 00000000 103:1f 625                           /system/lib64/libwilhelm.so
793cf9b000-793cf9c000 ---p 00000000 00:00 0 
793cf9c000-793cfa2000 r--p 0003d000 103:1f 625                           /system/lib64/libwilhelm.so
793cfa2000-793cfa3000 rw-p 00043000 103:1f 625                           /system/lib64/libwilhelm.so
793cfa3000-793cfc7000 r--s 00000000 103:1f 4726                          /system/usr/hyphen-data/hyph-nb.hyb
793cfc7000-793cfd6000 r--s 00000000 103:1f 4696                          /system/usr/hyphen-data/hyph-en-us.hyb
793cfd6000-793cfd8000 r-xp 00000000 103:1f 3745                          /system/lib64/libnetd_client.so
793cfd8000-793cfd9000 ---p 00000000 00:00 0 
793cfd9000-793cfda000 r--p 00002000 103:1f 3745                          /system/lib64/libnetd_client.so
793cfda000-793cfdb000 rw-p 00003000 103:1f 3745                          /system/lib64/libnetd_client.so
793cfdb000-793cfdc000 r--p 00000000 00:00 0                              [anon:linker_alloc]
793cfdc000-793d02d000 r--s 00000000 103:1f 2303                          /system/fonts/Roboto-Italic.ttf
793d02d000-793d038000 r-xp 00000000 103:1f 3921                          /system/lib64/libziparchive.so
793d038000-793d039000 r--p 0000a000 103:1f 3921                          /system/lib64/libziparchive.so
793d039000-793d03a000 rw-p 0000b000 103:1f 3921                          /system/lib64/libziparchive.so
793d03a000-793d03b000 r--p 00000000 00:00 0                              [anon:linker_alloc]
793d03b000-793d056000 r--s 00000000 103:1f 4692                          /system/usr/hyphen-data/hyph-de-ch-1901.hyb
793d056000-793d072000 r-xp 00000000 103:1f 881                           /system/lib64/libassert_tip_service.so
793d072000-793d073000 ---p 00000000 00:00 0 
793d073000-793d075000 r--p 0001c000 103:1f 881                           /system/lib64/libassert_tip_service.so
793d075000-793d076000 rw-p 0001e000 103:1f 881                           /system/lib64/libassert_tip_service.so
793d076000-793d077000 ---p 00000000 00:00 0                              [anon:thread signal stack guard page]
793d077000-793d07b000 rw-p 00000000 00:00 0                              [anon:thread signal stack]
793d07b000-793d07c000 ---p 00000000 00:00 0                              [anon:bionic TLS guard]
793d07c000-793d07f000 rw-p 00000000 00:00 0                              [anon:bionic TLS]
793d07f000-793d080000 ---p 00000000 00:00 0                              [anon:bionic TLS guard]
793d080000-793d09f000 r-xp 00000000 103:1f 3585                          /system/lib64/libdrmframework.so
793d09f000-793d0a0000 ---p 00000000 00:00 0 
793d0a0000-793d0a5000 r--p 0001f000 103:1f 3585                          /system/lib64/libdrmframework.so
793d0a5000-793d0a6000 rw-p 00024000 103:1f 3585                          /system/lib64/libdrmframework.so
793d0a6000-793d0a7000 r--p 00000000 00:00 0                              [anon:linker_alloc]
793d0a7000-793d0c1000 r--s 00000000 103:1f 4690                          /system/usr/hyphen-data/hyph-de-1996.hyb
793d0c1000-793d0c5000 r-xp 00000000 103:1f 1477                          /system/lib64/libstagefright_http_support.so
793d0c5000-793d0c6000 r--p 00004000 103:1f 1477                          /system/lib64/libstagefright_http_support.so
793d0c6000-793d0c7000 rw-p 00005000 103:1f 1477                          /system/lib64/libstagefright_http_support.so
793d0c7000-793d0c9000 rw-p 00000000 00:01 153849929                      /dev/ashmem/dalvik-indirect ref table (deleted)
793d0c9000-793d0ca000 ---p 00000000 00:00 0                              [anon:thread signal stack guard page]
793d0ca000-793d0ce000 rw-p 00000000 00:00 0                              [anon:thread signal stack]
793d0ce000-793d120000 r--s 00000000 103:1f 2305                          /system/fonts/Roboto-LightItalic.ttf
793d120000-793d123000 r-xp 00000000 103:1f 3853                          /system/lib64/libstdc++.so
793d123000-793d124000 r--p 00002000 103:1f 3853                          /system/lib64/libstdc++.so
793d124000-793d125000 rw-p 00003000 103:1f 3853                          /system/lib64/libstdc++.so
793d125000-793d127000 rw-p 00000000 00:01 153839501                      /dev/ashmem/dalvik-indirect ref table (deleted)
793d127000-793d129000 rw-p 00000000 00:01 153838199                      /dev/ashmem/dalvik-indirect ref table (deleted)
793d129000-793d144000 r--s 00000000 103:1f 4688                          /system/usr/hyphen-data/hyph-de-1901.hyb
793d144000-793d159000 r-xp 00000000 103:1f 3474                          /system/lib64/libGLESv2.so
793d159000-793d15a000 r--p 00014000 103:1f 3474                          /system/lib64/libGLESv2.so
793d15a000-793d15b000 rw-p 00015000 103:1f 3474                          /system/lib64/libGLESv2.so
793d15b000-793d15c000 r--p 00000000 00:00 0                              [anon:linker_alloc]
793d15c000-793d165000 r--s 00000000 103:1f 4706                          /system/usr/hyphen-data/hyph-ga.hyb
793d165000-793d171000 r--s 00000000 103:1f 4694                          /system/usr/hyphen-data/hyph-en-gb.hyb
793d171000-793d191000 r--s 00000000 00:0e 13501                          /dev/__properties__/u:object_r:oppo_prop:s0
793d191000-793d1a5000 r-xp 00000000 103:1f 3430                          /system/lib64/android.hidl.allocator@1.0.so
793d1a5000-793d1a6000 ---p 00000000 00:00 0 
793d1a6000-793d1a8000 r--p 00014000 103:1f 3430                          /system/lib64/android.hidl.allocator@1.0.so
793d1a8000-793d1a9000 rw-p 00016000 103:1f 3430                          /system/lib64/android.hidl.allocator@1.0.so
793d1a9000-793d1aa000 r--p 00000000 00:00 0                              [anon:linker_alloc]
793d1aa000-793d1ab000 ---p 00000000 00:00 0                              [anon:bionic TLS guard]
793d1ab000-793d1ae000 rw-p 00000000 00:00 0                              [anon:bionic TLS]
793d1ae000-793d1af000 ---p 00000000 00:00 0                              [anon:bionic TLS guard]
793d1af000-793d1cf000 rw-p 00000000 00:01 32019                          /dev/ashmem/dalvik-LinearAlloc (deleted)
793d1cf000-793d2ed000 r-xp 00000000 103:1f 3566                          /system/lib64/libcrypto.so
793d2ed000-793d2fe000 r--p 0011d000 103:1f 3566                          /system/lib64/libcrypto.so
793d2fe000-793d2ff000 rw-p 0012e000 103:1f 3566                          /system/lib64/libcrypto.so
793d2ff000-793d300000 rw-p 00000000 00:00 0                              [anon:.bss]
793d300000-793d302000 rw-p 00000000 00:01 153847961                      /dev/ashmem/dalvik-indirect ref table (deleted)
793d302000-793d304000 rw-p 00000000 00:01 153847958                      /dev/ashmem/dalvik-indirect ref table (deleted)
793d304000-793d30d000 r--s 00000000 103:1f 4684                          /system/usr/hyphen-data/hyph-cy.hyb
793d30d000-793d32a000 r--s 00000000 103:1f 2142                          /system/fonts/DancingScript-Bold.ttf
793d32a000-793d33a000 r-xp 00000000 103:1f 3535                          /system/lib64/libbase.so
793d33a000-793d33b000 ---p 00000000 00:00 0 
793d33b000-793d33c000 r--p 00010000 103:1f 3535                          /system/lib64/libbase.so
793d33c000-793d33d000 rw-p 00011000 103:1f 3535                          /system/lib64/libbase.so
793d33d000-793d34a000 r--s 00000000 103:1f 4682                          /system/usr/hyphen-data/hyph-cu.hyb
793d34a000-793d370000 r-xp 00000000 103:1f 592                           /system/lib64/libEGL.so
793d370000-793d374000 r--p 00025000 103:1f 592                           /system/lib64/libEGL.so
793d374000-793d375000 rw-p 00029000 103:1f 592                           /system/lib64/libEGL.so
793d375000-793d37c000 rw-p 00000000 00:00 0                              [anon:.bss]
793d37c000-793d37e000 rw-p 00000000 00:01 153839484                      /dev/ashmem/dalvik-indirect ref table (deleted)
793d37e000-793d397000 r--s 00547000 103:1f 552                           /system/framework/oppo-framework-res.apk
793d397000-793d3de000 r-xp 00000000 103:1f 1223                          /system/lib64/libcamera_client.so
793d3de000-793d3df000 ---p 00000000 00:00 0 
793d3df000-793d3ea000 r--p 00047000 103:1f 1223                          /system/lib64/libcamera_client.so
793d3ea000-793d3eb000 rw-p 00052000 103:1f 1223                          /system/lib64/libcamera_client.so
793d3eb000-793d3ec000 r--p 00000000 00:00 0                              [anon:linker_alloc]
793d3ec000-793d409000 r--s 00000000 103:1f 2143                          /system/fonts/DancingScript-Regular.ttf
793d409000-793d418000 r--s 00000000 103:1f 2140                          /system/fonts/ComingSoon.ttf
793d418000-793d41c000 r-xp 00000000 103:1f 3467                          /system/lib64/libETC1.so
793d41c000-793d41d000 r--p 00003000 103:1f 3467                          /system/lib64/libETC1.so
793d41d000-793d41e000 rw-p 00004000 103:1f 3467                          /system/lib64/libETC1.so
793d41e000-793d41f000 rw-s 00000000 00:0a 11755                          anon_inode:dmabuf
793d41f000-793d425000 r--s 00000000 103:1f 4700                          /system/usr/hyphen-data/hyph-et.hyb
793d425000-793d436000 r--s 00000000 103:1f 2141                          /system/fonts/CutiveMono.ttf
793d436000-793d451000 r--s 00000000 103:1f 2147                          /system/fonts/DroidSansMono.ttf
793d451000-793d46b000 r-xp 00000000 103:1f 3528                          /system/lib64/libaudioutils.so
793d46b000-793d46c000 ---p 00000000 00:00 0 
793d46c000-793d46d000 r--p 0001a000 103:1f 3528                          /system/lib64/libaudioutils.so
793d46d000-793d46e000 rw-p 0001b000 103:1f 3528                          /system/lib64/libaudioutils.so
793d46e000-793d470000 r--s 00000000 103:1f 4736                          /system/usr/hyphen-data/hyph-sl.hyb
793d470000-793d472000 r--s 00000000 103:1f 4722                          /system/usr/hyphen-data/hyph-mn-cyrl.hyb
793d472000-793d48e000 r--s 00000000 103:1f 2236                          /system/fonts/NotoSansMongolian-Regular.ttf
793d48e000-793d493000 r-xp 00000000 103:1f 1479                          /system/lib64/libstagefright_omx_utils.so
793d493000-793d494000 r--p 00005000 103:1f 1479                          /system/lib64/libstagefright_omx_utils.so
793d494000-793d495000 rw-p 00006000 103:1f 1479                          /system/lib64/libstagefright_omx_utils.so
793d495000-793d496000 rw-s 00000000 00:0a 11755                          anon_inode:dmabuf
793d496000-793d4a0000 r--s 00000000 103:1f 2133                          /system/fonts/CarroisGothicSC-Regular.ttf
793d4a0000-793d4bf000 r--s 00000000 103:1f 2294                          /system/fonts/NotoSansYi-Regular.ttf
793d4bf000-793d4d3000 r--s 00000000 103:1f 2148                          /system/fonts/DroidSans_Subset.ttf
793d4d3000-793d4df000 r-xp 00000000 103:1f 1123                          /system/lib64/libappfuse.so
793d4df000-793d4e0000 r--p 0000b000 103:1f 1123                          /system/lib64/libappfuse.so
793d4e0000-793d4e1000 rw-p 0000c000 103:1f 1123                          /system/lib64/libappfuse.so
793d4e1000-793d4ea000 r--s 00000000 103:1f 2266                          /system/fonts/NotoSansSymbols-Regular-Subsetted2.ttf
793d4ea000-793d4fa000 r--s 00000000 103:1f 2293                          /system/fonts/NotoSansVai-Regular.ttf
793d4fa000-793d506000 r--s 00000000 103:1f 2273                          /system/fonts/NotoSansTaiTham-Regular.ttf
793d506000-793d513000 r--s 00000000 103:1f 2269                          /system/fonts/NotoSansSyriacWestern-Regular.ttf
793d513000-793d6fe000 r-xp 00000000 103:1f 874                           /system/lib64/libandroid_runtime.so
793d6fe000-793d71b000 r--p 001ea000 103:1f 874                           /system/lib64/libandroid_runtime.so
793d71b000-793d71c000 rw-p 00207000 103:1f 874                           /system/lib64/libandroid_runtime.so
793d71c000-793d720000 rw-p 00000000 00:00 0                              [anon:.bss]
793d720000-793d721000 rw-s 00000000 00:0a 11755                          anon_inode:dmabuf
793d721000-793d723000 r--s 00000000 103:1f 4704                          /system/usr/hyphen-data/hyph-fr.hyb
793d723000-793d727000 r--s 00000000 103:1f 4698                          /system/usr/hyphen-data/hyph-es.hyb
793d727000-793d748000 r--s 00000000 103:1f 2164                          /system/fonts/NotoSansBamum-Regular.ttf
793d748000-793d76d000 r-xp 00000000 103:1f 888                           /system/lib64/libhwbinder.so
793d76d000-793d76e000 ---p 00000000 00:00 0 
793d76e000-793d770000 r--p 00025000 103:1f 888                           /system/lib64/libhwbinder.so
793d770000-793d771000 rw-p 00027000 103:1f 888                           /system/lib64/libhwbinder.so
793d771000-793d78a000 r--s 00000000 103:1f 2224                          /system/fonts/NotoSansLepcha-Regular.ttf
793d78a000-793d7a2000 r-xp 00000000 103:1f 3406                          /system/lib64/android.hardware.memtrack@1.0.so
793d7a2000-793d7a3000 ---p 00000000 00:00 0 
793d7a3000-793d7a5000 r--p 00018000 103:1f 3406                          /system/lib64/android.hardware.memtrack@1.0.so
793d7a5000-793d7a6000 rw-p 0001a000 103:1f 3406                          /system/lib64/android.hardware.memtrack@1.0.so
793d7a6000-793d7c0000 r--s 00000000 103:1f 2239                          /system/fonts/NotoSansMyanmarUI-Bold.ttf
793d7c0000-793d819000 r-xp 00000000 103:1f 3557                          /system/lib64/libclang_rt.ubsan_standalone-aarch64-android.so
793d819000-793d81a000 ---p 00000000 00:00 0 
793d81a000-793d81c000 r--p 00059000 103:1f 3557                          /system/lib64/libclang_rt.ubsan_standalone-aarch64-android.so
793d81c000-793d81f000 rw-p 0005b000 103:1f 3557                          /system/lib64/libclang_rt.ubsan_standalone-aarch64-android.so
793d81f000-793db2f000 rw-p 00000000 00:00 0                              [anon:.bss]
793db2f000-793db30000 r--p 00000000 00:00 0                              [anon:linker_alloc]
793db30000-793db37000 r--s 00000000 103:1f 2254                          /system/fonts/NotoSansPhagsPa-Regular.ttf
793db37000-793db51000 r--s 00000000 103:1f 2240                          /system/fonts/NotoSansMyanmarUI-Regular.ttf
793db51000-793db52000 r-xp 00000000 103:1f 3883                          /system/lib64/libvndksupport.so
793db52000-793db53000 r--p 00000000 103:1f 3883                          /system/lib64/libvndksupport.so
793db53000-793db54000 rw-p 00001000 103:1f 3883                          /system/lib64/libvndksupport.so
793db54000-793db56000 r--s 00000000 103:1f 4686                          /system/usr/hyphen-data/hyph-da.hyb
793db56000-793db59000 r--s 00032000 103:1f 4173                          /system/media/theme/default/icons
793db59000-793db5c000 r--s 00000000 103:1f 2272                          /system/fonts/NotoSansTaiLe-Regular.ttf
793db5c000-793db6b000 r--s 00000000 103:1f 2226                          /system/fonts/NotoSansLinearB-Regular.ttf
793db6b000-793db8f000 r--s 00000000 103:1f 2217                          /system/fonts/NotoSansKhmer-VF.ttf
793db8f000-793dbbd000 r-xp 00000000 103:1f 1278                          /system/lib64/libmemunreachable.so
793dbbd000-793dbbf000 r--p 0002d000 103:1f 1278                          /system/lib64/libmemunreachable.so
793dbbf000-793dbc0000 rw-p 0002f000 103:1f 1278                          /system/lib64/libmemunreachable.so
793dbc0000-793dbc1000 rw-s 00000000 00:01 153840439                      /dev/ashmem/GFXStats-23359 (deleted)
793dbc1000-793dbc5000 r--s 00000000 103:1f 2291                          /system/fonts/NotoSansTifinagh-Regular.ttf
793dbc5000-793dbc9000 r--s 00000000 103:1f 2274                          /system/fonts/NotoSansTaiViet-Regular.ttf
793dbc9000-793dbd8000 r--s 00000000 103:1f 2210                          /system/fonts/NotoSansKaithi-Regular.ttf
793dbd8000-793dbf4000 r-xp 00000000 103:1f 3878                          /system/lib64/libvulkan.so
793dbf4000-793dbf5000 ---p 00000000 00:00 0 
793dbf5000-793dbf7000 r--p 0001c000 103:1f 3878                          /system/lib64/libvulkan.so
793dbf7000-793dbf8000 rw-p 0001e000 103:1f 3878                          /system/lib64/libvulkan.so
793dbf8000-793dbf9000 r--s 00000000 103:1f 4744                          /system/usr/hyphen-data/hyph-und-ethi.hyb
793dbf9000-793dc06000 r--s 00000000 103:1f 2267                          /system/fonts/NotoSansSyriacEastern-Regular.ttf
793dc06000-793dc18000 r-xp 00000000 103:1f 3564                          /system/lib64/libcritical_log_service.so
793dc18000-793dc19000 ---p 00000000 00:00 0 
793dc19000-793dc1a000 r--p 00012000 103:1f 3564                          /system/lib64/libcritical_log_service.so
793dc1a000-793dc1b000 rw-p 00013000 103:1f 3564                          /system/lib64/libcritical_log_service.so
793dc1b000-793dc41000 r--s 00000000 103:1f 2261                          /system/fonts/NotoSansSinhala-Bold.ttf
793dc41000-793dc47000 r-xp 00000000 103:1f 3779                          /system/lib64/libprocessgroup.so
793dc47000-793dc48000 r--p 00005000 103:1f 3779                          /system/lib64/libprocessgroup.so
793dc48000-793dc49000 rw-p 00006000 103:1f 3779                          /system/lib64/libprocessgroup.so
793dc49000-793dc9a000 r--s 00000000 103:1f 2310                          /system/fonts/Roboto-ThinItalic.ttf
793dc9a000-793dd28000 r-xp 00000000 103:1f 1234                          /system/lib64/libgui.so
793dd28000-793dd3a000 r--p 0008d000 103:1f 1234                          /system/lib64/libgui.so
793dd3a000-793dd3b000 rw-p 0009f000 103:1f 1234                          /system/lib64/libgui.so
793dd3b000-793dd47000 r--s 00000000 103:1f 2268                          /system/fonts/NotoSansSyriacEstrangela-Regular.ttf
793dd47000-793dda0000 r-xp 00000000 103:1f 1431                          /system/lib64/libvintf.so
793dda0000-793dda1000 ---p 00000000 00:00 0 
793dda1000-793dda4000 r--p 00059000 103:1f 1431                          /system/lib64/libvintf.so
793dda4000-793dda5000 rw-p 0005c000 103:1f 1431                          /system/lib64/libvintf.so
793dda5000-793dda6000 rw-p 00000000 00:00 0                              [anon:.bss]
793dda6000-793dda7000 r--s 00000000 103:1f 4742                          /system/usr/hyphen-data/hyph-tk.hyb
793dda7000-793ddab000 r--s 00000000 103:1f 2264                          /system/fonts/NotoSansSylotiNagri-Regular.ttf
793ddab000-793ddb0000 r--s 00000000 103:1f 2259                          /system/fonts/NotoSansSaurashtra-Regular.ttf
793ddb0000-793ddd8000 r--s 00000000 103:1f 2262                          /system/fonts/NotoSansSinhala-Regular.ttf
793ddd8000-793ddd9000 r-xp 00000000 103:1f 3578                          /system/lib64/libdl.so
793ddd9000-793ddda000 rwxp 00001000 103:1f 3578                          /system/lib64/libdl.so
793ddda000-793dddb000 r--p 00001000 103:1f 3578                          /system/lib64/libdl.so
793dddb000-793dddc000 rw-p 00002000 103:1f 3578                          /system/lib64/libdl.so
793dddc000-793dddd000 r--p 00000000 00:00 0                              [anon:.bss]
793dddd000-793dddf000 r--s 0062b000 fd:00 878882                         /data/theme/icons
793dddf000-793dde3000 r--s 00000000 103:1f 2246                          /system/fonts/NotoSansOldPersian-Regular.ttf
793dde3000-793dde8000 r--s 00000000 103:1f 2241                          /system/fonts/NotoSansNKo-Regular.ttf
793dde8000-793ddfc000 r--s 00000000 103:1f 2251                          /system/fonts/NotoSansOriyaUI-Bold.ttf
793ddfc000-793de10000 r--s 00000000 103:1f 2252                          /system/fonts/NotoSansOriyaUI-Regular.ttf
793de10000-793de38000 r-xp 00000000 103:1f 3707                          /system/lib64/liblzma.so
793de38000-793de39000 r--p 00027000 103:1f 3707                          /system/lib64/liblzma.so
793de39000-793de3a000 rw-p 00028000 103:1f 3707                          /system/lib64/liblzma.so
793de3a000-793de40000 rw-p 00000000 00:00 0                              [anon:.bss]
793de40000-793de4f000 r--s 00000000 103:1f 2178                          /system/fonts/NotoSansCherokee-Regular.ttf
793de4f000-793de72000 r-xp 00000000 103:1f 2718                          /system/lib64/libvorbisidec.so
793de72000-793de73000 r--p 00022000 103:1f 2718                          /system/lib64/libvorbisidec.so
793de73000-793de74000 rw-p 00023000 103:1f 2718                          /system/lib64/libvorbisidec.so
793de74000-793de77000 r--s 00000000 103:1f 2263                          /system/fonts/NotoSansSundanese-Regular.ttf
793de77000-793de81000 r--s 00000000 103:1f 2209                          /system/fonts/NotoSansJavanese-Regular.ttf
793de81000-793deb2000 r-xp 00000000 103:1f 1250                          /system/lib64/libmediadrm.so
793deb2000-793deba000 r--p 00030000 103:1f 1250                          /system/lib64/libmediadrm.so
793deba000-793debb000 rw-p 00038000 103:1f 1250                          /system/lib64/libmediadrm.so
793debb000-793debe000 r--s 00000000 103:1f 2258                          /system/fonts/NotoSansSamaritan-Regular.ttf
793debe000-793ded3000 r--s 00000000 103:1f 2249                          /system/fonts/NotoSansOriya-Bold.ttf
793ded3000-793df3c000 r-xp 00000000 103:1f 3688                          /system/lib64/libjpeg.so
793df3c000-793df3d000 ---p 00000000 00:00 0 
793df3d000-793df3e000 r--p 00069000 103:1f 3688                          /system/lib64/libjpeg.so
793df3e000-793df3f000 rw-p 0006a000 103:1f 3688                          /system/lib64/libjpeg.so
793df3f000-793df40000 r--s 00000000 103:1f 4740                          /system/usr/hyphen-data/hyph-te.hyb
793df40000-793e034000 r-xp 00000000 103:1f 1120                          /system/lib64/libc++.so
793e034000-793e03c000 r--p 000f3000 103:1f 1120                          /system/lib64/libc++.so
793e03c000-793e03d000 rw-p 000fb000 103:1f 1120                          /system/lib64/libc++.so
793e03d000-793e040000 rw-p 00000000 00:00 0                              [anon:.bss]
793e040000-793e042000 r--s 00000000 103:1f 2292                          /system/fonts/NotoSansUgaritic-Regular.ttf
793e042000-793e1e4000 r-xp 00000000 103:1f 2742                          /system/lib64/libicuuc.so
793e1e4000-793e1e5000 ---p 00000000 00:00 0 
793e1e5000-793e1f9000 r--p 001a2000 103:1f 2742                          /system/lib64/libicuuc.so
793e1f9000-793e1fa000 rw-p 001b6000 103:1f 2742                          /system/lib64/libicuuc.so
793e1fa000-793e1fb000 rw-p 00000000 00:00 0                              [anon:.bss]
793e1fb000-793e201000 r--s 00000000 103:1f 2216                          /system/fonts/NotoSansKharoshthi-Regular.ttf
793e201000-793e23b000 r-xp 00000000 103:1f 3708                          /system/lib64/libm.so
793e23b000-793e23c000 ---p 00000000 00:00 0 
793e23c000-793e23d000 r--p 0003a000 103:1f 3708                          /system/lib64/libm.so
793e23d000-793e23e000 rw-p 0003b000 103:1f 3708                          /system/lib64/libm.so
793e23e000-793e242000 r--s 00000000 103:1f 2242                          /system/fonts/NotoSansNewTaiLue-Regular.ttf
793e242000-793e25f000 r-xp 00000000 103:1f 3534                          /system/lib64/libbacktrace.so
793e25f000-793e260000 ---p 00000000 00:00 0 
793e260000-793e261000 r--p 0001d000 103:1f 3534                          /system/lib64/libbacktrace.so
793e261000-793e262000 rw-p 0001e000 103:1f 3534                          /system/lib64/libbacktrace.so
793e262000-793e264000 r--s 00000000 103:1f 2271                          /system/fonts/NotoSansTagbanwa-Regular.ttf
793e264000-793e279000 r--s 00000000 103:1f 2250                          /system/fonts/NotoSansOriya-Regular.ttf
793e279000-793e28d000 r--s 00000000 103:1f 2213                          /system/fonts/NotoSansKannadaUI-Bold.ttf
793e28d000-793e2b5000 r-xp 00000000 103:1f 2740                          /system/lib64/libinput.so
793e2b5000-793e2b6000 ---p 00000000 00:00 0 
793e2b6000-793e2bd000 r--p 00028000 103:1f 2740                          /system/lib64/libinput.so
793e2bd000-793e2be000 rw-p 0002f000 103:1f 2740                          /system/lib64/libinput.so
793e2be000-793e2c4000 r--s 00000000 103:1f 2179                          /system/fonts/NotoSansCoptic-Regular.ttf
793e2c4000-793e2d0000 r--s 00000000 103:1f 2174                          /system/fonts/NotoSansCanadianAboriginal-Regular.ttf
793e2d0000-793e2ec000 r--s 00000000 103:1f 2281                          /system/fonts/NotoSansTeluguUI-Bold.ttf
793e2ec000-793e307000 r-xp 00000000 103:1f 3876                          /system/lib64/libunwind.so
793e307000-793e308000 ---p 00000000 00:00 0 
793e308000-793e309000 r--p 0001b000 103:1f 3876                          /system/lib64/libunwind.so
793e309000-793e30a000 rw-p 0001c000 103:1f 3876                          /system/lib64/libunwind.so
793e30a000-793e373000 rw-p 00000000 00:00 0                              [anon:.bss]
793e373000-793e376000 r--s 00000000 103:1f 2257                          /system/fonts/NotoSansRunic-Regular.ttf
793e376000-793e383000 r--s 00000000 103:1f 2159                          /system/fonts/NotoSansAdlam-Regular.ttf
793e383000-793e38b000 r-xp 00000000 103:1f 3737                          /system/lib64/libmmsceneservice.so
793e38b000-793e38c000 ---p 00000000 00:00 0 
793e38c000-793e38d000 r--p 00008000 103:1f 3737                          /system/lib64/libmmsceneservice.so
793e38d000-793e38e000 rw-p 00009000 103:1f 3737                          /system/lib64/libmmsceneservice.so
793e38e000-793e3d9000 r--s 00000000 103:1f 2308                          /system/fonts/Roboto-Regular.ttf
793e3d9000-793e3f0000 r-xp 00000000 103:1f 3920                          /system/lib64/libz.so
793e3f0000-793e3f1000 ---p 00000000 00:00 0 
793e3f1000-793e3f2000 r--p 00017000 103:1f 3920                          /system/lib64/libz.so
793e3f2000-793e3f3000 rw-p 00018000 103:1f 3920                          /system/lib64/libz.so
793e3f3000-793e3f4000 r--s 00000000 103:1f 4738                          /system/usr/hyphen-data/hyph-ta.hyb
793e3f4000-793e3f8000 r--s 00000000 103:1f 2235                          /system/fonts/NotoSansMeeteiMayek-Regular.ttf
793e3f8000-793e401000 r--s 00000000 103:1f 2152                          /system/fonts/MyanmarZg.ttf
793e401000-793e4e1000 r-xp 00000000 103:1f 1067                          /system/lib64/libc.so
793e4e1000-793e4e7000 r--p 000df000 103:1f 1067                          /system/lib64/libc.so
793e4e7000-793e4e9000 rw-p 000e5000 103:1f 1067                          /system/lib64/libc.so
793e4e9000-793e4ea000 rw-p 00000000 00:00 0                              [anon:.bss]
793e4ea000-793e4eb000 r--p 00000000 00:00 0                              [anon:.bss]
793e4eb000-793e4f2000 rw-p 00000000 00:00 0                              [anon:.bss]
793e4f2000-793e4f6000 r--s 00000000 103:1f 2234                          /system/fonts/NotoSansMandaic-Regular.ttf
793e4f6000-793e50a000 r--s 00000000 103:1f 2214                          /system/fonts/NotoSansKannadaUI-Regular.ttf
793e50a000-793e526000 r--s 00000000 103:1f 2282                          /system/fonts/NotoSansTeluguUI-Regular.ttf
793e526000-793e534000 r-xp 00000000 103:1f 3867                          /system/lib64/libtinyxml2.so
793e534000-793e535000 ---p 00000000 00:00 0 
793e535000-793e536000 r--p 0000e000 103:1f 3867                          /system/lib64/libtinyxml2.so
793e536000-793e537000 rw-p 0000f000 103:1f 3867                          /system/lib64/libtinyxml2.so
793e537000-793e53f000 r--s 00000000 103:1f 2163                          /system/fonts/NotoSansBalinese-Regular.ttf
793e53f000-793e547000 r--s 00000000 103:1f 2222                          /system/fonts/NotoSansLaoUI-Bold.ttf
793e547000-793e567000 r-xp 00000000 103:1f 3389                          /system/lib64/android.hardware.configstore@1.0.so
793e567000-793e56a000 r--p 0001f000 103:1f 3389                          /system/lib64/android.hardware.configstore@1.0.so
793e56a000-793e56b000 rw-p 00022000 103:1f 3389                          /system/lib64/android.hardware.configstore@1.0.so
793e56b000-793e56d000 r--s 00000000 103:1f 2270                          /system/fonts/NotoSansTagalog-Regular.ttf
793e56d000-793e581000 r--s 00000000 103:1f 2211                          /system/fonts/NotoSansKannada-Bold.ttf
793e581000-793e59c000 r--s 00000000 103:1f 2279                          /system/fonts/NotoSansTelugu-Bold.ttf
793e59c000-793e5a8000 r-xp 00000000 103:1f 3833                          /system/lib64/libsoundtrigger.so
793e5a8000-793e5a9000 ---p 00000000 00:00 0 
793e5a9000-793e5ad000 r--p 0000c000 103:1f 3833                          /system/lib64/libsoundtrigger.so
793e5ad000-793e5ae000 rw-p 00010000 103:1f 3833                          /system/lib64/libsoundtrigger.so
793e5ae000-793e5b6000 r--s 00000000 103:1f 2223                          /system/fonts/NotoSansLaoUI-Regular.ttf
793e5b6000-793e5be000 r--s 00000000 103:1f 2220                          /system/fonts/NotoSansLao-Bold.ttf
793e5be000-793e5da000 r--s 00000000 103:1f 2280                          /system/fonts/NotoSansTelugu-Regular.ttf
793e5da000-793e5dc000 r-xp 00000000 103:1f 3767                          /system/lib64/libpackagelistparser.so
793e5dc000-793e5dd000 r--p 00001000 103:1f 3767                          /system/lib64/libpackagelistparser.so
793e5dd000-793e5de000 rw-p 00002000 103:1f 3767                          /system/lib64/libpackagelistparser.so
793e5de000-793e5df000 r--s 00000000 103:1f 4734                          /system/usr/hyphen-data/hyph-pt.hyb
793e5df000-793e5f4000 r--s 00000000 103:1f 2212                          /system/fonts/NotoSansKannada-Regular.ttf
793e5f4000-793e60e000 r--s 00000000 103:1f 2168                          /system/fonts/NotoSansBengaliUI-Bold.ttf
793e60e000-793e610000 r-xp 00000000 103:1f 3643                          /system/lib64/libhardware_legacy.so
793e610000-793e611000 r--p 00001000 103:1f 3643                          /system/lib64/libhardware_legacy.so
793e611000-793e612000 rw-p 00002000 103:1f 3643                          /system/lib64/libhardware_legacy.so
793e612000-793e614000 r--s 00000000 103:1f 2260                          /system/fonts/NotoSansShavian-Regular.ttf
793e614000-793e65f000 r--s 00000000 103:1f 2304                          /system/fonts/Roboto-Light.ttf
793e65f000-793e67d000 r-xp 00000000 103:1f 615                           /system/lib64/libutils.so
793e67d000-793e67e000 ---p 00000000 00:00 0 
793e67e000-793e67f000 r--p 0001e000 103:1f 615                           /system/lib64/libutils.so
793e67f000-793e680000 rw-p 0001f000 103:1f 615                           /system/lib64/libutils.so
793e680000-793e681000 r--s 00000000 103:1f 4732                          /system/usr/hyphen-data/hyph-pa.hyb
793e681000-793e685000 r--s 00000000 103:1f 2192                          /system/fonts/NotoSansGlagolitic-Regular.ttf
793e685000-793e687000 r-xp 00000000 103:1f 3860                          /system/lib64/libsync.so
793e687000-793e688000 r--p 00001000 103:1f 3860                          /system/lib64/libsync.so
793e688000-793e689000 rw-p 00002000 103:1f 3860                          /system/lib64/libsync.so
793e689000-793e68b000 r--s 00000000 103:1f 2256                          /system/fonts/NotoSansRejang-Regular.ttf
793e68b000-793e693000 r--s 00000000 103:1f 2221                          /system/fonts/NotoSansLao-Regular.ttf
793e693000-793e6ae000 r--s 00000000 103:1f 2169                          /system/fonts/NotoSansBengaliUI-Regular.ttf
793e6ae000-793e6c7000 r--s 00000000 103:1f 2166                          /system/fonts/NotoSansBengali-Bold.ttf
793e6c7000-793e6d6000 r-xp 00000000 103:1f 2752                          /system/lib64/libjunk_log_collector_service.so
793e6d6000-793e6d8000 r--p 0000e000 103:1f 2752                          /system/lib64/libjunk_log_collector_service.so
793e6d8000-793e6d9000 rw-p 00010000 103:1f 2752                          /system/lib64/libjunk_log_collector_service.so
793e6d9000-793e6da000 r--p 00000000 00:00 0                              [anon:linker_alloc]
793e6da000-793e6e0000 r--s 00000000 103:1f 2170                          /system/fonts/NotoSansBrahmi-Regular.ttf
793e6e0000-793e6f9000 r--s 00000000 103:1f 2167                          /system/fonts/NotoSansBengali-Regular.ttf
793e6f9000-793e707000 r--s 00000000 103:1f 2232                          /system/fonts/NotoSansMalayalamUI-Bold.ttf
793e707000-793e723000 r--s 00000000 103:1f 2196                          /system/fonts/NotoSansGujaratiUI-Bold.ttf
793e723000-793e72d000 r-xp 00000000 103:1f 3398                          /system/lib64/android.hardware.graphics.common@1.0.so
793e72d000-793e72e000 r--p 00009000 103:1f 3398                          /system/lib64/android.hardware.graphics.common@1.0.so
793e72e000-793e72f000 rw-p 0000a000 103:1f 3398                          /system/lib64/android.hardware.graphics.common@1.0.so
793e72f000-793e730000 r--s 00000000 103:1f 4730                          /system/usr/hyphen-data/hyph-or.hyb
793e730000-793e739000 r--s 00000000 103:1f 2218                          /system/fonts/NotoSansKhmerUI-Bold.ttf
793e739000-793e747000 r--s 00000000 103:1f 2233                          /system/fonts/NotoSansMalayalamUI-Regular.ttf
793e747000-793e764000 r--s 00000000 103:1f 2197                          /system/fonts/NotoSansGujaratiUI-Regular.ttf
793e764000-793e767000 r-xp 00000000 103:1f 3740                          /system/lib64/libnativebridge.so
793e767000-793e768000 ---p 00000000 00:00 0 
793e768000-793e769000 r--p 00003000 103:1f 3740                          /system/lib64/libnativebridge.so
793e769000-793e76a000 rw-p 00004000 103:1f 3740                          /system/lib64/libnativebridge.so
793e76a000-793e76c000 r--s 00000000 103:1f 2255                          /system/fonts/NotoSansPhoenician-Regular.ttf
793e76c000-793e7b8000 r--s 00000000 103:1f 2309                          /system/fonts/Roboto-Thin.ttf
793e7b8000-793e7bb000 r-xp 00000000 103:1f 3497                          /system/lib64/lib_mm_critical_log.so
793e7bb000-793e7bc000 ---p 00000000 00:00 0 
793e7bc000-793e7bd000 r--p 00003000 103:1f 3497                          /system/lib64/lib_mm_critical_log.so
793e7bd000-793e7be000 rw-p 00004000 103:1f 3497                          /system/lib64/lib_mm_critical_log.so
793e7be000-793e7c0000 r--s 00000000 103:1f 2253                          /system/fonts/NotoSansOsmanya-Regular.ttf
793e7c0000-793e7c4000 r--s 00000000 103:1f 2165                          /system/fonts/NotoSansBatak-Regular.ttf
793e7c4000-793e825000 r-xp 00000000 103:1f 604                           /system/lib64/libhidltransport.so
793e825000-793e82d000 r--p 00060000 103:1f 604                           /system/lib64/libhidltransport.so
793e82d000-793e82e000 rw-p 00068000 103:1f 604                           /system/lib64/libhidltransport.so
793e82e000-793e83c000 r--s 00000000 103:1f 2230                          /system/fonts/NotoSansMalayalam-Bold.ttf
793e83c000-793e859000 r--s 00000000 103:1f 2194                          /system/fonts/NotoSansGujarati-Bold.ttf
793e859000-793e866000 r-xp 00000000 103:1f 607                           /system/lib64/libhidlbase.so
793e866000-793e867000 ---p 00000000 00:00 0 
793e867000-793e868000 r--p 0000d000 103:1f 607                           /system/lib64/libhidlbase.so
793e868000-793e869000 rw-p 0000e000 103:1f 607                           /system/lib64/libhidlbase.so
793e869000-793e86a000 r--s 00000000 103:1f 4724                          /system/usr/hyphen-data/hyph-mr.hyb
793e86a000-793e888000 r--s 00000000 103:1f 2195                          /system/fonts/NotoSansGujarati-Regular.ttf
793e888000-793e88d000 r-xp 00000000 103:1f 3571                          /system/lib64/libdebuggerd_client.so
793e88d000-793e88e000 r--p 00004000 103:1f 3571                          /system/lib64/libdebuggerd_client.so
793e88e000-793e88f000 rw-p 00005000 103:1f 3571                          /system/lib64/libdebuggerd_client.so
793e88f000-793e895000 r--s 00000000 103:1f 2176                          /system/fonts/NotoSansCham-Bold.ttf
793e895000-793e8a3000 r--s 00000000 103:1f 2231                          /system/fonts/NotoSansMalayalam-Regular.ttf
793e8a3000-793e8c2000 r--s 00000000 103:1f 2186                          /system/fonts/NotoSansDevanagariUI-Regular.ttf
793e8c2000-793e92d000 r-xp 00000000 103:1f 1171                          /system/lib64/libaudioclient.so
793e92d000-793e93b000 r--p 0006a000 103:1f 1171                          /system/lib64/libaudioclient.so
793e93b000-793e93c000 rw-p 00078000 103:1f 1171                          /system/lib64/libaudioclient.so
793e93c000-793e93d000 r--s 00000000 103:1f 4720                          /system/usr/hyphen-data/hyph-ml.hyb
793e93d000-793e93f000 r--s 00000000 103:1f 2248                          /system/fonts/NotoSansOldTurkic-Regular.ttf
793e93f000-793e949000 r--s 00000000 103:1f 2219                          /system/fonts/NotoSansKhmerUI-Regular.ttf
793e949000-793e952000 r--s 00000000 103:1f 2277                          /system/fonts/NotoSansTamilUI-Bold.ttf
793e952000-793ea22000 r-xp 00000000 103:1f 1044                          /system/lib64/libdng_sdk.so
793ea22000-793ea29000 r--p 000cf000 103:1f 1044                          /system/lib64/libdng_sdk.so
793ea29000-793ea2a000 rw-p 000d6000 103:1f 1044                          /system/lib64/libdng_sdk.so
793ea2a000-793ea2c000 r--s 00000000 103:1f 2247                          /system/fonts/NotoSansOldSouthArabian-Regular.ttf
793ea2c000-793ea4d000 r--s 00000000 103:1f 2183                          /system/fonts/NotoSansDevanagari-Bold.ttf
793ea4d000-793ea6c000 r-xp 00000000 103:1f 3431                          /system/lib64/android.hidl.memory@1.0.so
793ea6c000-793ea6d000 ---p 00000000 00:00 0 
793ea6d000-793ea70000 r--p 0001f000 103:1f 3431                          /system/lib64/android.hidl.memory@1.0.so
793ea70000-793ea71000 rw-p 00022000 103:1f 3431                          /system/lib64/android.hidl.memory@1.0.so
793ea71000-793ea72000 r--s 00000000 103:1f 4718                          /system/usr/hyphen-data/hyph-kn.hyb
793ea72000-793ea78000 r--s 00000000 103:1f 2177                          /system/fonts/NotoSansCham-Regular.ttf
793ea78000-793ea9a000 r--s 00000000 103:1f 2184                          /system/fonts/NotoSansDevanagari-Regular.ttf
793ea9a000-793eaa1000 r-xp 00000000 103:1f 1427                          /system/lib64/libwatchdog.so
793eaa1000-793eaa2000 r--p 00006000 103:1f 1427                          /system/lib64/libwatchdog.so
793eaa2000-793eaa3000 rw-p 00007000 103:1f 1427                          /system/lib64/libwatchdog.so
793eaa3000-793eac1000 r--s 00000000 103:1f 2185                          /system/fonts/NotoSansDevanagariUI-Bold.ttf
793eac1000-793eb0a000 r-xp 00000000 103:1f 1476                          /system/lib64/libstagefright_foundation.so
793eb0a000-793eb0c000 r--p 00049000 103:1f 1476                          /system/lib64/libstagefright_foundation.so
793eb0c000-793eb12000 rw-p 0004b000 103:1f 1476                          /system/lib64/libstagefright_foundation.so
793eb12000-793eb14000 r--s 00000000 103:1f 2245                          /system/fonts/NotoSansOldItalic-Regular.ttf
793eb14000-793eb1d000 r--s 00000000 103:1f 2278                          /system/fonts/NotoSansTamilUI-Regular.ttf
793eb1d000-793eb26000 r--s 00000000 103:1f 2275                          /system/fonts/NotoSansTamil-Bold.ttf
793eb26000-793eb4a000 r--s 00000000 103:1f 2188                          /system/fonts/NotoSansEthiopic-Bold.ttf
793eb4a000-793eb4e000 r-xp 00000000 103:1f 3777                          /system/lib64/libpowermanager.so
793eb4e000-793eb4f000 ---p 00000000 00:00 0 
793eb4f000-793eb50000 r--p 00004000 103:1f 3777                          /system/lib64/libpowermanager.so
793eb50000-793eb51000 rw-p 00005000 103:1f 3777                          /system/lib64/libpowermanager.so
793eb51000-793eb52000 r--s 00000000 103:1f 4716                          /system/usr/hyphen-data/hyph-hy.hyb
793eb52000-793eb54000 r--s 00000000 103:1f 2244                          /system/fonts/NotoSansOlChiki-Regular.ttf
793eb54000-793eb5d000 r--s 00000000 103:1f 2276                          /system/fonts/NotoSansTamil-Regular.ttf
793eb5d000-793eb80000 r--s 00000000 103:1f 2189                          /system/fonts/NotoSansEthiopic-Regular.ttf
793eb80000-793eb83000 r-xp 00000000 103:1f 3650                          /system/lib64/libhidlmemory.so
793eb83000-793eb84000 r--p 00002000 103:1f 3650                          /system/lib64/libhidlmemory.so
793eb84000-793eb85000 rw-p 00003000 103:1f 3650                          /system/lib64/libhidlmemory.so
793eb85000-793eb86000 r--s 00000000 103:1f 4712                          /system/usr/hyphen-data/hyph-hr.hyb
793eb86000-793ebd1000 r--s 00000000 103:1f 2301                          /system/fonts/Roboto-Bold.ttf
793ebd1000-793ebd3000 r-xp 00000000 103:1f 3642                          /system/lib64/libhardware.so
793ebd3000-793ebd4000 r--p 00001000 103:1f 3642                          /system/lib64/libhardware.so
793ebd4000-793ebd5000 rw-p 00002000 103:1f 3642                          /system/lib64/libhardware.so
793ebd5000-793ebd6000 r--s 00000000 103:1f 4710                          /system/usr/hyphen-data/hyph-hi.hyb
793ebd6000-793ebd8000 r--s 00000000 103:1f 2243                          /system/fonts/NotoSansOgham-Regular.ttf
793ebd8000-793ebdc000 r--s 00000000 103:1f 2283                          /system/fonts/NotoSansThaana-Bold.ttf
793ebdc000-793ec27000 r--s 00000000 103:1f 2308                          /system/fonts/Roboto-Regular.ttf
793ec27000-793ec2e000 r-xp 00000000 103:1f 3836                          /system/lib64/libspeexresampler.so
793ec2e000-793ec2f000 r--p 00006000 103:1f 3836                          /system/lib64/libspeexresampler.so
793ec2f000-793ec30000 rw-p 00007000 103:1f 3836                          /system/lib64/libspeexresampler.so
793ec30000-793ec31000 r--p 00000000 00:00 0                              [anon:linker_alloc]
793ec31000-793ec39000 r--s 00000000 103:1f 2200                          /system/fonts/NotoSansGurmukhiUI-Bold.ttf
793ec39000-793ec41000 r--s 00000000 103:1f 2201                          /system/fonts/NotoSansGurmukhiUI-Regular.ttf
793ec41000-793ec5f000 r--s 00000000 103:1f 2157                          /system/fonts/NotoNaskhArabicUI-Bold.ttf
793ec5f000-793ec74000 r-xp 00000000 103:1f 617                           /system/lib64/libsensor.so
793ec74000-793ec75000 ---p 00000000 00:00 0 
793ec75000-793ec78000 r--p 00015000 103:1f 617                           /system/lib64/libsensor.so
793ec78000-793ec79000 rw-p 00018000 103:1f 617                           /system/lib64/libsensor.so
793ec79000-793ec7b000 r--s 00000000 103:1f 2229                          /system/fonts/NotoSansLydian-Regular.ttf
793ec7b000-793ec7f000 r--s 00000000 103:1f 2284                          /system/fonts/NotoSansThaana-Regular.ttf
793ec7f000-793ec87000 r--s 00000000 103:1f 2198                          /system/fonts/NotoSansGurmukhi-Bold.ttf
793ec87000-793ec8f000 r--s 00000000 103:1f 2199                          /system/fonts/NotoSansGurmukhi-Regular.ttf
793ec8f000-793eca0000 r-xp 00000000 103:1f 3551                          /system/lib64/libcutils.so
793eca0000-793eca2000 r--p 00010000 103:1f 3551                          /system/lib64/libcutils.so
793eca2000-793eca3000 rw-p 00012000 103:1f 3551                          /system/lib64/libcutils.so
793eca3000-793eca8000 r--s 00000000 103:1f 2190                          /system/fonts/NotoSansGeorgian-Bold.ttf
793eca8000-793ecad000 r--s 00000000 103:1f 2191                          /system/fonts/NotoSansGeorgian-Regular.ttf
793ecad000-793ecb1000 r--s 00000000 103:1f 2160                          /system/fonts/NotoSansArmenian-Bold.ttf
793ecb1000-793eccf000 r--s 00000000 103:1f 2158                          /system/fonts/NotoNaskhArabicUI-Regular.ttf
793eccf000-793ecd6000 r-xp 00000000 103:1f 1178                          /system/lib64/libaudiomanager.so
793ecd6000-793ecd7000 ---p 00000000 00:00 0 
793ecd7000-793ecd9000 r--p 00007000 103:1f 1178                          /system/lib64/libaudiomanager.so
793ecd9000-793ecda000 rw-p 00009000 103:1f 1178                          /system/lib64/libaudiomanager.so
793ecda000-793ecdc000 r--s 00000000 103:1f 2228                          /system/fonts/NotoSansLycian-Regular.ttf
793ecdc000-793ece1000 r--s 00000000 103:1f 2287                          /system/fonts/NotoSansThaiUI-Bold.ttf
793ece1000-793ecfe000 r--s 00000000 103:1f 2155                          /system/fonts/NotoNaskhArabic-Bold.ttf
793ecfe000-793ed1b000 r--s 00000000 103:1f 2156                          /system/fonts/NotoNaskhArabic-Regular.ttf
793ed1b000-793ed66000 r-xp 00000000 103:1f 1076                          /system/lib64/libRScpp.so
793ed66000-793ed67000 r--p 0004a000 103:1f 1076                          /system/lib64/libRScpp.so
793ed67000-793ed68000 rw-p 0004b000 103:1f 1076                          /system/lib64/libRScpp.so
793ed68000-793ed6e000 r--s 00000000 103:1f 2288                          /system/fonts/NotoSansThaiUI-Regular.ttf
793ed6e000-793ed8e000 r--s 00000000 00:0e 13443                          /dev/__properties__/u:object_r:sf_lcd_density_prop:s0
793ed8e000-793edae000 r--s 00000000 00:0e 13511                          /dev/__properties__/u:object_r:radio_prop:s0
793edae000-793edb4000 r-xp 00000000 103:1f 3752                          /system/lib64/libnsservice.so
793edb4000-793edb5000 ---p 00000000 00:00 0 
793edb5000-793edb6000 r--p 00006000 103:1f 3752                          /system/lib64/libnsservice.so
793edb6000-793edb7000 rw-p 00007000 103:1f 3752                          /system/lib64/libnsservice.so
793edb7000-793edbb000 r--s 00000000 103:1f 2161                          /system/fonts/NotoSansArmenian-Regular.ttf
793edbb000-793edc0000 r--s 00000000 103:1f 2285                          /system/fonts/NotoSansThai-Bold.ttf
793edc0000-793edc6000 r--s 00000000 103:1f 2286                          /system/fonts/NotoSansThai-Regular.ttf
793edc6000-793ede6000 rw-p 00000000 00:01 31275                          /dev/ashmem/dalvik-LinearAlloc (deleted)
793ede6000-793eeeb000 r-xp 00000000 103:1f 885                           /system/lib64/libhwui.so
793eeeb000-793eeec000 ---p 00000000 00:00 0 
793eeec000-793eef6000 r--p 00105000 103:1f 885                           /system/lib64/libhwui.so
793eef6000-793eef7000 rw-p 0010f000 103:1f 885                           /system/lib64/libhwui.so
793eef7000-793ef14000 r--s 00196000 103:1f 2514                          /system/framework/ext.jar
793ef14000-793ef18000 r-xp 00000000 103:1f 3877                          /system/lib64/libusbhost.so
793ef18000-793ef19000 r--p 00003000 103:1f 3877                          /system/lib64/libusbhost.so
793ef19000-793ef1a000 rw-p 00004000 103:1f 3877                          /system/lib64/libusbhost.so
793ef1a000-793ef1b000 r--p 00000000 00:00 0                              [anon:linker_alloc]
793ef1b000-793ef20000 r--s 00000000 103:1f 2204                          /system/fonts/NotoSansHebrew-Bold.ttf
793ef20000-793ef25000 r--s 00000000 103:1f 2205                          /system/fonts/NotoSansHebrew-Regular.ttf
793ef25000-793ef26000 rw-p 00000000 00:00 0                              [anon:linker_alloc_vector]
793ef26000-793ef28000 rw-p 00000000 00:01 153839483                      /dev/ashmem/dalvik-indirect ref table (deleted)
793ef28000-793ef29000 ---p 00000000 00:00 0                              [anon:thread signal stack guard page]
793ef29000-793ef2d000 rw-p 00000000 00:00 0                              [anon:thread signal stack]
793ef2d000-793ef2e000 ---p 00000000 00:00 0                              [anon:bionic TLS guard]
793ef2e000-793ef31000 rw-p 00000000 00:00 0                              [anon:bionic TLS]
793ef31000-793ef32000 ---p 00000000 00:00 0                              [anon:bionic TLS guard]
793ef32000-793ef34000 rw-p 00000000 00:01 153839482                      /dev/ashmem/dalvik-indirect ref table (deleted)
793ef34000-793ef35000 ---p 00000000 00:00 0                              [anon:thread signal stack guard page]
793ef35000-793ef39000 rw-p 00000000 00:00 0                              [anon:thread signal stack]
793ef39000-793ef59000 r--s 00000000 00:0e 13499                          /dev/__properties__/u:object_r:persist_debug_prop:s0
793ef59000-793efd9000 r-xp 00000000 103:1f 883                           /system/lib64/libbinder.so
793efd9000-793efe8000 r--p 0007f000 103:1f 883                           /system/lib64/libbinder.so
793efe8000-793efe9000 rw-p 0008e000 103:1f 883                           /system/lib64/libbinder.so
793efe9000-793efea000 r--s 00000000 103:1f 4708                          /system/usr/hyphen-data/hyph-gu.hyb
793efea000-793efeb000 ---p 00000000 00:00 0                              [anon:bionic TLS guard]
793efeb000-793efee000 rw-p 00000000 00:00 0                              [anon:bionic TLS]
793efee000-793efef000 ---p 00000000 00:00 0                              [anon:bionic TLS guard]
793efef000-793eff0000 ---p 00000000 00:00 0                              [anon:thread signal stack guard page]
793eff0000-793eff4000 rw-p 00000000 00:00 0                              [anon:thread signal stack]
793eff4000-793eff5000 ---p 00000000 00:00 0                              [anon:bionic TLS guard]
793eff5000-793eff8000 rw-p 00000000 00:00 0                              [anon:bionic TLS]
793eff8000-793eff9000 ---p 00000000 00:00 0                              [anon:bionic TLS guard]
793eff9000-793effa000 ---p 00000000 00:00 0                              [anon:thread signal stack guard page]
793effa000-793effe000 rw-p 00000000 00:00 0                              [anon:thread signal stack]
793effe000-793f002000 rw-p 00000000 00:01 28123                          /dev/ashmem/dalvik-thread local mark stack (deleted)
793f002000-793f006000 rw-p 00000000 00:01 28122                          /dev/ashmem/dalvik-thread local mark stack (deleted)
793f006000-793f064000 r-xp 00000000 103:1f 1472                          /system/lib64/libsonivox.so
793f064000-793f065000 ---p 00000000 00:00 0 
793f065000-793f066000 r--p 0005e000 103:1f 1472                          /system/lib64/libsonivox.so
793f066000-793f067000 rw-p 0005f000 103:1f 1472                          /system/lib64/libsonivox.so
793f067000-793f06e000 rw-p 00000000 00:00 0                              [anon:.bss]
793f06e000-793f06f000 r--s 00000000 103:1f 4702                          /system/usr/hyphen-data/hyph-eu.hyb
793f06f000-793f070000 r--p 00000000 00:00 0                              [anon:linker_alloc]
793f070000-793f073000 r--s 00000000 103:1f 2225                          /system/fonts/NotoSansLimbu-Regular.ttf
793f073000-793f077000 rw-p 00000000 00:01 28121                          /dev/ashmem/dalvik-thread local mark stack (deleted)
793f077000-793f097000 r--s 00000000 00:0e 13508                          /dev/__properties__/u:object_r:log_tag_prop:s0
793f097000-793f0ba000 r-xp 00000000 103:1f 1236                          /system/lib64/libminikin.so
793f0ba000-793f0bb000 ---p 00000000 00:00 0 
793f0bb000-793f0bc000 r--p 00023000 103:1f 1236                          /system/lib64/libminikin.so
793f0bc000-793f0bd000 rw-p 00024000 103:1f 1236                          /system/lib64/libminikin.so
793f0bd000-793f0bf000 r--s 00000000 103:1f 2227                          /system/fonts/NotoSansLisu-Regular.ttf
793f0bf000-793f0c3000 rw-p 00000000 00:01 28120                          /dev/ashmem/dalvik-thread local mark stack (deleted)
793f0c3000-793f0c7000 rw-p 00000000 00:01 28119                          /dev/ashmem/dalvik-thread local mark stack (deleted)
793f0c7000-793f1e8000 r-xp 00000000 103:1f 1419                          /system/lib64/libsqlite.so
793f1e8000-793f1eb000 r--p 00120000 103:1f 1419                          /system/lib64/libsqlite.so
793f1eb000-793f1ed000 rw-p 00123000 103:1f 1419                          /system/lib64/libsqlite.so
793f1ed000-793f1ef000 r--s 00000000 103:1f 2215                          /system/fonts/NotoSansKayahLi-Regular.ttf
793f1ef000-793f1f3000 rw-p 00000000 00:01 28118                          /dev/ashmem/dalvik-thread local mark stack (deleted)
793f1f3000-793f213000 r--s 00000000 00:0e 13497                          /dev/__properties__/u:object_r:logd_prop:s0
793f213000-793f217000 r-xp 00000000 103:1f 2699                          /system/lib64/libMMListParser.so
793f217000-793f218000 r--p 00003000 103:1f 2699                          /system/lib64/libMMListParser.so
793f218000-793f219000 rw-p 00004000 103:1f 2699                          /system/lib64/libMMListParser.so
793f219000-793f21a000 r--s 00000000 103:1f 4680                          /system/usr/hyphen-data/hyph-bn.hyb
793f21a000-793f21c000 r--s 00000000 103:1f 2208                          /system/fonts/NotoSansInscriptionalParthian-Regular.ttf
793f21c000-793f220000 rw-p 00000000 00:01 28117                          /dev/ashmem/dalvik-thread local mark stack (deleted)
793f220000-793f224000 rw-p 00000000 00:01 28116                          /dev/ashmem/dalvik-thread local mark stack (deleted)
793f224000-793f228000 rw-p 00000000 00:01 28115                          /dev/ashmem/dalvik-thread local mark stack (deleted)
793f228000-793f229000 r--p 00000000 00:00 0                              [anon:linker_alloc]
793f229000-793f249000 r--s 00000000 00:0e 13517                          /dev/__properties__/u:object_r:system_prop:s0
793f249000-793f270000 r-xp 00000000 103:1f 3615                          /system/lib64/libexpat.so
793f270000-793f271000 ---p 00000000 00:00 0 
793f271000-793f273000 r--p 00027000 103:1f 3615                          /system/lib64/libexpat.so
793f273000-793f274000 rw-p 00029000 103:1f 3615                          /system/lib64/libexpat.so
793f274000-793f275000 r--s 00000000 103:1f 4678                          /system/usr/hyphen-data/hyph-bg.hyb
793f275000-793f279000 rw-p 00000000 00:01 28114                          /dev/ashmem/dalvik-thread local mark stack (deleted)
793f279000-793f299000 r--s 00000000 00:0e 13488                          /dev/__properties__/u:object_r:persist_dpm_prop:s0
793f299000-793f2b9000 r--s 00000000 00:0e 13472                          /dev/__properties__/u:object_r:default_prop:s0
793f2b9000-793f2bd000 r-xp 00000000 103:1f 1295                          /system/lib64/libnativewindow.so
793f2bd000-793f2be000 r--p 00003000 103:1f 1295                          /system/lib64/libnativewindow.so
793f2be000-793f2bf000 rw-p 00004000 103:1f 1295                          /system/lib64/libnativewindow.so
793f2bf000-793f2c0000 r--s 00000000 103:1f 4676                          /system/usr/hyphen-data/hyph-as.hyb
793f2c0000-793f2c2000 r--s 00000000 103:1f 2207                          /system/fonts/NotoSansInscriptionalPahlavi-Regular.ttf
793f2c2000-793f2c6000 rw-p 00000000 00:01 28113                          /dev/ashmem/dalvik-thread local mark stack (deleted)
793f2c6000-793f2ca000 rw-p 00000000 00:01 28112                          /dev/ashmem/dalvik-thread local mark stack (deleted)
793f2ca000-793f2ce000 rw-p 00000000 00:01 28111                          /dev/ashmem/dalvik-thread local mark stack (deleted)
793f2ce000-793f2e3000 r-xp 00000000 103:1f 3395                          /system/lib64/android.hardware.graphics.allocator@2.0.so
793f2e3000-793f2e5000 r--p 00014000 103:1f 3395                          /system/lib64/android.hardware.graphics.allocator@2.0.so
793f2e5000-793f2e6000 rw-p 00016000 103:1f 3395                          /system/lib64/android.hardware.graphics.allocator@2.0.so
793f2e6000-793f2e7000 r--p 00000000 00:00 0                              [anon:linker_alloc]
793f2e7000-793f2eb000 rw-p 00000000 00:01 28110                          /dev/ashmem/dalvik-thread local mark stack (deleted)
793f2eb000-793f2ef000 rw-p 00000000 00:01 28109                          /dev/ashmem/dalvik-thread local mark stack (deleted)
793f2ef000-793f2f3000 rw-p 00000000 00:01 28108                          /dev/ashmem/dalvik-thread local mark stack (deleted)
793f2f3000-793f2f7000 rw-p 00000000 00:01 28107                          /dev/ashmem/dalvik-thread local mark stack (deleted)
793f2f7000-793f317000 r--s 00000000 00:0e 13524                          /dev/__properties__/properties_serial
793f317000-793f31a000 rw-p 00000000 00:00 0                              [anon:linker_alloc]
793f31a000-793f31c000 r--p 00000000 00:00 0                              [anon:linker_alloc]
793f31c000-793f31d000 r--p 00000000 00:00 0                              [anon:atexit handlers]
793f31d000-793f321000 rw-p 00000000 00:01 28106                          /dev/ashmem/dalvik-thread local mark stack (deleted)
793f321000-793f325000 rw-p 00000000 00:01 28105                          /dev/ashmem/dalvik-thread local mark stack (deleted)
793f325000-793f329000 rw-p 00000000 00:01 28104                          /dev/ashmem/dalvik-thread local mark stack (deleted)
793f329000-793f32d000 rw-p 00000000 00:01 28103                          /dev/ashmem/dalvik-thread local mark stack (deleted)
793f32d000-793f331000 rw-p 00000000 00:01 28102                          /dev/ashmem/dalvik-thread local mark stack (deleted)
793f331000-793f335000 rw-p 00000000 00:01 28101                          /dev/ashmem/dalvik-thread local mark stack (deleted)
793f335000-793f339000 rw-p 00000000 00:01 28100                          /dev/ashmem/dalvik-thread local mark stack (deleted)
793f339000-793f33a000 r--p 00000000 00:00 0                              [anon:linker_alloc]
793f33a000-793f33b000 rw-p 00000000 00:00 0                              [anon:linker_alloc]
793f33b000-793f33c000 r--p 00000000 00:00 0                              [anon:atexit handlers]
793f33c000-793f340000 rw-p 00000000 00:01 28099                          /dev/ashmem/dalvik-thread local mark stack (deleted)
793f340000-793f344000 rw-p 00000000 00:01 28098                          /dev/ashmem/dalvik-thread local mark stack (deleted)
793f344000-793f348000 rw-p 00000000 00:01 28097                          /dev/ashmem/dalvik-thread local mark stack (deleted)
793f348000-793f34c000 rw-p 00000000 00:01 28096                          /dev/ashmem/dalvik-thread local mark stack (deleted)
793f34c000-793f350000 rw-p 00000000 00:01 28095                          /dev/ashmem/dalvik-thread local mark stack (deleted)
793f350000-793f351000 r--p 00000000 00:00 0                              [anon:linker_alloc]
793f351000-793f352000 r--p 00000000 00:00 0                              [anon:atexit handlers]
793f352000-793f354000 r--s 00000000 103:1f 2206                          /system/fonts/NotoSansImperialAramaic-Regular.ttf
793f354000-793f358000 rw-p 00000000 00:01 28094                          /dev/ashmem/dalvik-thread local mark stack (deleted)
793f358000-793f359000 r--p 00000000 00:00 0                              [anon:linker_alloc]
793f359000-793f35c000 r--s 00000000 103:1f 2182                          /system/fonts/NotoSansDeseret-Regular.ttf
793f35c000-793f360000 rw-p 00000000 00:01 28093                          /dev/ashmem/dalvik-thread local mark stack (deleted)
793f360000-793f364000 rw-p 00000000 00:01 28092                          /dev/ashmem/dalvik-thread local mark stack (deleted)
793f364000-793f368000 rw-p 00000000 00:01 28091                          /dev/ashmem/dalvik-thread local mark stack (deleted)
793f368000-793f369000 r--p 00000000 00:00 0                              [anon:linker_alloc]
793f369000-793f36b000 r--s 00000000 103:1f 2203                          /system/fonts/NotoSansHanunoo-Regular.ttf
793f36b000-793f36f000 rw-p 00000000 00:01 28090                          /dev/ashmem/dalvik-thread local mark stack (deleted)
793f36f000-793f373000 rw-p 00000000 00:01 28089                          /dev/ashmem/dalvik-thread local mark stack (deleted)
793f373000-793f377000 rw-p 00000000 00:01 28088                          /dev/ashmem/dalvik-thread local mark stack (deleted)
793f377000-793f37b000 rw-p 00000000 00:01 28087                          /dev/ashmem/dalvik-thread local mark stack (deleted)
793f37b000-793f37f000 rw-p 00000000 00:01 28086                          /dev/ashmem/dalvik-thread local mark stack (deleted)
793f37f000-793f383000 rw-p 00000000 00:01 28085                          /dev/ashmem/dalvik-thread local mark stack (deleted)
793f383000-793f387000 rw-p 00000000 00:01 28084                          /dev/ashmem/dalvik-thread local mark stack (deleted)
793f387000-793f38b000 rw-p 00000000 00:01 28083                          /dev/ashmem/dalvik-thread local mark stack (deleted)
793f38b000-793f38e000 r--p 00000000 00:00 0                              [anon:atexit handlers]
793f38e000-793f38f000 rw-p 00000000 00:00 0                              [anon:arc4random data]
793f38f000-793f390000 rw-p 00000000 00:00 0                              [anon:linker_alloc]
793f390000-793f392000 r--s 00000000 103:1f 2193                          /system/fonts/NotoSansGothic-Regular.ttf
793f392000-793f396000 rw-p 00000000 00:01 28082                          /dev/ashmem/dalvik-thread local mark stack (deleted)
793f396000-793f39a000 rw-p 00000000 00:01 28081                          /dev/ashmem/dalvik-thread local mark stack (deleted)
793f39a000-793f39b000 r--p 00000000 00:00 0                              [anon:linker_alloc]
793f39b000-793f39c000 rw-p 00000000 00:00 0                              [anon:linker_alloc_lob]
793f39c000-793f39e000 r--s 00000000 103:1f 2181                          /system/fonts/NotoSansCypriot-Regular.ttf
793f39e000-793f3a2000 rw-p 00000000 00:01 28080                          /dev/ashmem/dalvik-thread local mark stack (deleted)
793f3a2000-793f3a6000 rw-p 00000000 00:01 28079                          /dev/ashmem/dalvik-thread local mark stack (deleted)
793f3a6000-793f3a7000 rw-p 00000000 00:00 0                              [anon:linker_alloc_vector]
793f3a7000-793f3a9000 r--s 00000000 103:1f 2175                          /system/fonts/NotoSansCarian-Regular.ttf
793f3a9000-793f3ad000 rw-p 00000000 00:01 28078                          /dev/ashmem/dalvik-thread local mark stack (deleted)
793f3ad000-793f3b1000 rw-p 00000000 00:01 28077                          /dev/ashmem/dalvik-thread local mark stack (deleted)
793f3b1000-793f3b5000 rw-p 00000000 00:01 28076                          /dev/ashmem/dalvik-thread local mark stack (deleted)
793f3b5000-793f3b9000 rw-p 00000000 00:01 28075                          /dev/ashmem/dalvik-thread local mark stack (deleted)
793f3b9000-793f3bd000 rw-p 00000000 00:01 28074                          /dev/ashmem/dalvik-thread local mark stack (deleted)
793f3bd000-793f3c1000 rw-p 00000000 00:01 28073                          /dev/ashmem/dalvik-thread local mark stack (deleted)
793f3c1000-793f3c5000 rw-p 00000000 00:01 28072                          /dev/ashmem/dalvik-thread local mark stack (deleted)
793f3c5000-793f3c6000 rw-p 00000000 00:00 0                              [anon:linker_alloc]
793f3c6000-793f3ca000 rw-p 00000000 00:01 28071                          /dev/ashmem/dalvik-thread local mark stack (deleted)
793f3ca000-793f3ce000 rw-p 00000000 00:01 28070                          /dev/ashmem/dalvik-thread local mark stack (deleted)
793f3ce000-793f3d2000 rw-p 00000000 00:01 28069                          /dev/ashmem/dalvik-thread local mark stack (deleted)
793f3d2000-793f3d6000 rw-p 00000000 00:01 28068                          /dev/ashmem/dalvik-thread local mark stack (deleted)
793f3d6000-793f3da000 rw-p 00000000 00:01 28067                          /dev/ashmem/dalvik-thread local mark stack (deleted)
793f3da000-793f3dc000 r--p 00000000 00:00 0                              [anon:linker_alloc]
793f3dc000-793f3e0000 rw-p 00000000 00:01 28066                          /dev/ashmem/dalvik-thread local mark stack (deleted)
793f3e0000-793f3e4000 rw-p 00000000 00:01 28065                          /dev/ashmem/dalvik-thread local mark stack (deleted)
793f3e4000-793f3e8000 rw-p 00000000 00:01 28064                          /dev/ashmem/dalvik-thread local mark stack (deleted)
793f3e8000-793f3ec000 rw-p 00000000 00:01 28063                          /dev/ashmem/dalvik-thread local mark stack (deleted)
793f3ec000-793f3f0000 rw-p 00000000 00:01 28062                          /dev/ashmem/dalvik-thread local mark stack (deleted)
793f3f0000-793f3f4000 rw-p 00000000 00:01 28061                          /dev/ashmem/dalvik-thread local mark stack (deleted)
793f3f4000-793f3f8000 rw-p 00000000 00:01 28060                          /dev/ashmem/dalvik-thread local mark stack (deleted)
793f3f8000-793f3fc000 rw-p 00000000 00:01 28059                          /dev/ashmem/dalvik-thread local mark stack (deleted)
793f3fc000-793f400000 rw-p 00000000 00:01 28058                          /dev/ashmem/dalvik-thread local mark stack (deleted)
793f400000-793f404000 rw-p 00000000 00:01 28057                          /dev/ashmem/dalvik-thread local mark stack (deleted)
793f404000-793f408000 rw-p 00000000 00:01 28056                          /dev/ashmem/dalvik-thread local mark stack (deleted)
793f408000-793f40c000 rw-p 00000000 00:01 28055                          /dev/ashmem/dalvik-thread local mark stack (deleted)
793f40c000-793f40d000 r--p 00000000 00:00 0                              [anon:linker_alloc]
793f40d000-793f40f000 r--s 00000000 103:1f 2172                          /system/fonts/NotoSansBuhid-Regular.ttf
793f40f000-793f413000 rw-p 00000000 00:01 28054                          /dev/ashmem/dalvik-thread local mark stack (deleted)
793f413000-793f417000 rw-p 00000000 00:01 28053                          /dev/ashmem/dalvik-thread local mark stack (deleted)
793f417000-793f41b000 rw-p 00000000 00:01 28052                          /dev/ashmem/dalvik-thread local mark stack (deleted)
793f41b000-793f41f000 rw-p 00000000 00:01 28051                          /dev/ashmem/dalvik-thread local mark stack (deleted)
793f41f000-793f423000 rw-p 00000000 00:01 28050                          /dev/ashmem/dalvik-thread local mark stack (deleted)
793f423000-793f424000 r--p 00000000 00:00 0                              [anon:linker_alloc]
793f424000-793f425000 rw-p 00000000 00:00 0                              [anon:linker_alloc]
793f425000-793f429000 rw-p 00000000 00:01 28049                          /dev/ashmem/dalvik-thread local mark stack (deleted)
793f429000-793f42d000 rw-p 00000000 00:01 28048                          /dev/ashmem/dalvik-thread local mark stack (deleted)
793f42d000-793f431000 rw-p 00000000 00:01 28047                          /dev/ashmem/dalvik-thread local mark stack (deleted)
793f431000-793f435000 rw-p 00000000 00:01 28046                          /dev/ashmem/dalvik-thread local mark stack (deleted)
793f435000-793f439000 rw-p 00000000 00:01 28045                          /dev/ashmem/dalvik-thread local mark stack (deleted)
793f439000-793f43a000 r--p 00000000 00:00 0                              [anon:linker_alloc]
793f43a000-793f43c000 r--s 00000000 103:1f 2171                          /system/fonts/NotoSansBuginese-Regular.ttf
793f43c000-793f440000 rw-p 00000000 00:01 28044                          /dev/ashmem/dalvik-thread local mark stack (deleted)
793f440000-793f444000 rw-p 00000000 00:01 28043                          /dev/ashmem/dalvik-thread local mark stack (deleted)
793f444000-793f448000 rw-p 00000000 00:01 28042                          /dev/ashmem/dalvik-thread local mark stack (deleted)
793f448000-793f44c000 rw-p 00000000 00:01 28041                          /dev/ashmem/dalvik-thread local mark stack (deleted)
793f44c000-793f450000 rw-p 00000000 00:01 28040                          /dev/ashmem/dalvik-thread local mark stack (deleted)
793f450000-793f451000 rw-p 00000000 00:00 0                              [anon:linker_alloc]
793f451000-793f452000 r--p 00000000 00:00 0                              [anon:linker_alloc]
793f452000-793f456000 rw-p 00000000 00:01 28039                          /dev/ashmem/dalvik-thread local mark stack (deleted)
793f456000-793f45a000 rw-p 00000000 00:01 28038                          /dev/ashmem/dalvik-thread local mark stack (deleted)
793f45a000-793f45e000 rw-p 00000000 00:01 28037                          /dev/ashmem/dalvik-thread local mark stack (deleted)
793f45e000-793f462000 rw-p 00000000 00:01 28036                          /dev/ashmem/dalvik-thread local mark stack (deleted)
793f462000-793f466000 rw-p 00000000 00:01 28035                          /dev/ashmem/dalvik-thread local mark stack (deleted)
793f466000-793f46a000 rw-p 00000000 00:01 28034                          /dev/ashmem/dalvik-thread local mark stack (deleted)
793f46a000-793f46e000 rw-p 00000000 00:01 28033                          /dev/ashmem/dalvik-thread local mark stack (deleted)
793f46e000-793f46f000 r--p 00000000 00:00 0                              [anon:linker_alloc]
793f46f000-793f472000 r--s 00000000 103:1f 2162                          /system/fonts/NotoSansAvestan-Regular.ttf
793f472000-793f476000 rw-p 00000000 00:01 28032                          /dev/ashmem/dalvik-thread local mark stack (deleted)
793f476000-793f47a000 rw-p 00000000 00:01 28031                          /dev/ashmem/dalvik-thread local mark stack (deleted)
793f47a000-793f47e000 rw-p 00000000 00:01 28030                          /dev/ashmem/dalvik-thread local mark stack (deleted)
793f47e000-793f482000 rw-p 00000000 00:01 28029                          /dev/ashmem/dalvik-thread local mark stack (deleted)
793f482000-793f486000 rw-p 00000000 00:01 28028                          /dev/ashmem/dalvik-thread local mark stack (deleted)
793f486000-793f48a000 rw-p 00000000 00:01 28027                          /dev/ashmem/dalvik-thread local mark stack (deleted)
793f48a000-793f48e000 rw-p 00000000 00:01 28026                          /dev/ashmem/dalvik-thread local mark stack (deleted)
793f48e000-793f492000 rw-p 00000000 00:01 28025                          /dev/ashmem/dalvik-thread local mark stack (deleted)
793f492000-793f496000 rw-p 00000000 00:01 28024                          /dev/ashmem/dalvik-thread local mark stack (deleted)
793f496000-793f49a000 rw-p 00000000 00:01 28023                          /dev/ashmem/dalvik-thread local mark stack (deleted)
793f49a000-793f49e000 rw-p 00000000 00:01 28022                          /dev/ashmem/dalvik-thread local mark stack (deleted)
793f49e000-793f49f000 rw-p 00000000 00:00 0                              [anon:linker_alloc]
793f49f000-793f4a3000 rw-p 00000000 00:01 28021                          /dev/ashmem/dalvik-thread local mark stack (deleted)
793f4a3000-793f4a7000 rw-p 00000000 00:01 28020                          /dev/ashmem/dalvik-thread local mark stack (deleted)
793f4a7000-793f4a8000 r--p 00000000 00:00 0                              [anon:linker_alloc]
793f4a8000-793f4a9000 r--s 00000000 103:1f 2791                          /system/framework/telephony-ext.jar
793f4a9000-793f4aa000 r--s 00000000 103:1f 2776                          /system/framework/qcom.fmradio.jar
793f4aa000-793f4ae000 rw-p 00000000 00:01 28019                          /dev/ashmem/dalvik-thread local mark stack (deleted)
793f4ae000-793f4b2000 rw-p 00000000 00:01 28018                          /dev/ashmem/dalvik-thread local mark stack (deleted)
793f4b2000-793f4b6000 rw-p 00000000 00:01 28017                          /dev/ashmem/dalvik-thread local mark stack (deleted)
793f4b6000-793f4b7000 r--p 00000000 00:00 0                              [anon:linker_alloc]
793f4b7000-793f4b8000 r--s 00000000 103:1f 2769                          /system/framework/oem-services.jar
793f4b8000-793f4b9000 r--s 00000000 103:1f 2325                          /system/framework/WfdCommon.jar
793f4b9000-793f4ba000 r--s 00000000 103:1f 2788                          /system/framework/tcmiface.jar
793f4ba000-793f4be000 rw-p 00000000 00:01 28016                          /dev/ashmem/dalvik-thread local mark stack (deleted)
793f4be000-793f4c2000 rw-p 00000000 00:01 28015                          /dev/ashmem/dalvik-thread local mark stack (deleted)
793f4c2000-793f4c6000 rw-p 00000000 00:01 28014                          /dev/ashmem/dalvik-thread local mark stack (deleted)
793f4c6000-793f4ca000 rw-p 00000000 00:01 28013                          /dev/ashmem/dalvik-thread local mark stack (deleted)
793f4ca000-793f4ce000 rw-p 00000000 00:01 28012                          /dev/ashmem/dalvik-thread local mark stack (deleted)
793f4ce000-793f4d2000 rw-p 00000000 00:01 28011                          /dev/ashmem/dalvik-thread local mark stack (deleted)
793f4d2000-793f4d6000 rw-p 00000000 00:01 28010                          /dev/ashmem/dalvik-thread local mark stack (deleted)
793f4d6000-793f4da000 rw-p 00000000 00:01 28009                          /dev/ashmem/dalvik-thread local mark stack (deleted)
793f4da000-793f4de000 rw-p 00000000 00:01 28008                          /dev/ashmem/dalvik-thread local mark stack (deleted)
793f4de000-793f4e2000 rw-p 00000000 00:01 28007                          /dev/ashmem/dalvik-thread local mark stack (deleted)
793f4e2000-793f4e6000 rw-p 00000000 00:01 28006                          /dev/ashmem/dalvik-thread local mark stack (deleted)
793f4e6000-793f4ea000 rw-p 00000000 00:01 28005                          /dev/ashmem/dalvik-thread local mark stack (deleted)
793f4ea000-793f4ee000 rw-p 00000000 00:01 28004                          /dev/ashmem/dalvik-thread local mark stack (deleted)
793f4ee000-793f4f2000 rw-p 00000000 00:01 28003                          /dev/ashmem/dalvik-thread local mark stack (deleted)
793f4f2000-793f4f6000 rw-p 00000000 00:01 28002                          /dev/ashmem/dalvik-thread local mark stack (deleted)
793f4f6000-793f4fa000 rw-p 00000000 00:01 28001                          /dev/ashmem/dalvik-thread local mark stack (deleted)
793f4fa000-793f4fe000 rw-p 00000000 00:01 28000                          /dev/ashmem/dalvik-thread local mark stack (deleted)
793f4fe000-793f502000 rw-p 00000000 00:01 27999                          /dev/ashmem/dalvik-thread local mark stack (deleted)
793f502000-793f506000 rw-p 00000000 00:01 27998                          /dev/ashmem/dalvik-thread local mark stack (deleted)
793f506000-793f50a000 rw-p 00000000 00:01 27997                          /dev/ashmem/dalvik-thread local mark stack (deleted)
793f50a000-793f50e000 rw-p 00000000 00:01 27996                          /dev/ashmem/dalvik-thread local mark stack (deleted)
793f50e000-793f512000 rw-p 00000000 00:01 27995                          /dev/ashmem/dalvik-thread local mark stack (deleted)
793f512000-793f516000 rw-p 00000000 00:01 27994                          /dev/ashmem/dalvik-thread local mark stack (deleted)
793f516000-793f517000 rw-p 00000000 00:00 0                              [anon:linker_alloc_small_objects]
793f517000-793f518000 r--s 00000000 103:1f 2518                          /system/framework/ifaamanager.jar
793f518000-793f519000 r--s 00000000 103:1f 2772                          /system/framework/oppo-framework.jar
793f519000-793f51d000 rw-p 00000000 00:01 27993                          /dev/ashmem/dalvik-thread local mark stack (deleted)
793f51d000-793f521000 rw-p 00000000 00:01 27992                          /dev/ashmem/dalvik-thread local mark stack (deleted)
793f521000-793f525000 rw-p 00000000 00:01 27991                          /dev/ashmem/dalvik-thread local mark stack (deleted)
793f525000-793f529000 rw-p 00000000 00:01 27990                          /dev/ashmem/dalvik-thread local mark stack (deleted)
793f529000-793f52d000 rw-p 00000000 00:01 27989                          /dev/ashmem/dalvik-thread local mark stack (deleted)
793f52d000-793f531000 rw-p 00000000 00:01 27988                          /dev/ashmem/dalvik-thread local mark stack (deleted)
793f531000-793f535000 rw-p 00000000 00:01 27987                          /dev/ashmem/dalvik-thread local mark stack (deleted)
793f535000-793f536000 rw-p 00000000 00:00 0                              [anon:linker_alloc]
793f536000-793f53a000 rw-p 00000000 00:01 27986                          /dev/ashmem/dalvik-thread local mark stack (deleted)
793f53a000-793f53e000 rw-p 00000000 00:01 27985                          /dev/ashmem/dalvik-thread local mark stack (deleted)
793f53e000-793f53f000 r--p 00000000 00:00 0                              [anon:linker_alloc]
793f53f000-793f540000 r--s 00000000 103:1f 2331                          /system/framework/android.hidl.manager-V1.0-java.jar
793f540000-793f541000 r--s 00000000 103:1f 2330                          /system/framework/android.hidl.base-V1.0-java.jar
793f541000-793f542000 r--s 00000000 103:1f 2773                          /system/framework/org.apache.http.legacy.boot.jar
793f542000-793f546000 rw-p 00000000 00:01 27984                          /dev/ashmem/dalvik-thread local mark stack (deleted)
793f546000-793f54a000 rw-p 00000000 00:01 27983                          /dev/ashmem/dalvik-thread local mark stack (deleted)
793f54a000-793f54e000 rw-p 00000000 00:01 27982                          /dev/ashmem/dalvik-thread local mark stack (deleted)
793f54e000-793f552000 rw-p 00000000 00:01 27981                          /dev/ashmem/dalvik-thread local mark stack (deleted)
793f552000-793f556000 rw-p 00000000 00:01 27980                          /dev/ashmem/dalvik-thread local mark stack (deleted)
793f556000-793f55a000 rw-p 00000000 00:01 27979                          /dev/ashmem/dalvik-thread local mark stack (deleted)
793f55a000-793f55b000 r--p 00000000 00:00 0                              [anon:linker_alloc]
793f55b000-793f55c000 r--s 00000000 103:1f 2520                          /system/framework/ims-common.jar
793f55c000-793f55d000 r--s 00000000 103:1f 2802                          /system/framework/voip-common.jar
793f55d000-793f561000 rw-p 00000000 00:01 27978                          /dev/ashmem/dalvik-thread local mark stack (deleted)
793f561000-793f565000 rw-p 00000000 00:01 27977                          /dev/ashmem/dalvik-thread local mark stack (deleted)
793f565000-793f569000 rw-p 00000000 00:01 27976                          /dev/ashmem/dalvik-thread local mark stack (deleted)
793f569000-793f56d000 rw-p 00000000 00:01 27975                          /dev/ashmem/dalvik-thread local mark stack (deleted)
793f56d000-793f571000 rw-p 00000000 00:01 27974                          /dev/ashmem/dalvik-thread local mark stack (deleted)
793f571000-793f572000 rw-p 00000000 00:00 0                              [anon:linker_alloc]
793f572000-793f573000 r--s 00000000 103:1f 2790                          /system/framework/telephony-common.jar
793f573000-793f577000 rw-p 00000000 00:01 27973                          /dev/ashmem/dalvik-thread local mark stack (deleted)
793f577000-793f57b000 rw-p 00000000 00:01 27972                          /dev/ashmem/dalvik-thread local mark stack (deleted)
793f57b000-793f57f000 rw-p 00000000 00:01 27971                          /dev/ashmem/dalvik-thread local mark stack (deleted)
793f57f000-793f583000 rw-p 00000000 00:01 27970                          /dev/ashmem/dalvik-thread local mark stack (deleted)
793f583000-793f587000 rw-p 00000000 00:01 27969                          /dev/ashmem/dalvik-thread local mark stack (deleted)
793f587000-793f588000 r--p 00000000 00:00 0                              [anon:linker_alloc]
793f588000-793f589000 r--s 00000000 103:1f 2516                          /system/framework/framework.jar
793f589000-793f58a000 r--s 00000000 103:1f 2524                          /system/framework/legacy-test.jar
793f58a000-793f58b000 r--s 00004000 103:1f 2334                          /system/framework/apache-xml.jar
793f58b000-793f58f000 rw-p 00000000 00:01 27968                          /dev/ashmem/dalvik-thread local mark stack (deleted)
793f58f000-793f593000 rw-p 00000000 00:01 27967                          /dev/ashmem/dalvik-thread local mark stack (deleted)
793f593000-793f597000 rw-p 00000000 00:01 27966                          /dev/ashmem/dalvik-thread local mark stack (deleted)
793f597000-793f59b000 rw-p 00000000 00:01 27965                          /dev/ashmem/dalvik-thread local mark stack (deleted)
793f59b000-793f59f000 rw-p 00000000 00:01 27964                          /dev/ashmem/dalvik-thread local mark stack (deleted)
793f59f000-793f5a3000 rw-p 00000000 00:01 27963                          /dev/ashmem/dalvik-thread local mark stack (deleted)
793f5a3000-793f5a7000 rw-p 00000000 00:01 27962                          /dev/ashmem/dalvik-thread local mark stack (deleted)
793f5a7000-793f5a8000 rw-p 00000000 00:00 0                              [anon:linker_alloc]
793f5a8000-793f5a9000 r--s 00000000 103:1f 2484                          /system/framework/bouncycastle.jar
793f5a9000-793f5ad000 rw-p 00000000 00:01 27961                          /dev/ashmem/dalvik-thread local mark stack (deleted)
793f5ad000-793f5b1000 rw-p 00000000 00:01 27960                          /dev/ashmem/dalvik-thread local mark stack (deleted)
793f5b1000-793f5b5000 rw-p 00000000 00:01 27959                          /dev/ashmem/dalvik-thread local mark stack (deleted)
793f5b5000-793f5b9000 rw-p 00000000 00:01 27958                          /dev/ashmem/dalvik-thread local mark stack (deleted)
793f5b9000-793f5bd000 rw-p 00000000 00:01 27957                          /dev/ashmem/dalvik-thread local mark stack (deleted)
793f5bd000-793f5c1000 rw-p 00000000 00:01 27956                          /dev/ashmem/dalvik-thread local mark stack (deleted)
793f5c1000-793f5c5000 rw-p 00000000 00:01 27955                          /dev/ashmem/dalvik-thread local mark stack (deleted)
793f5c5000-793f5c9000 rw-p 00000000 00:01 27954                          /dev/ashmem/dalvik-thread local mark stack (deleted)
793f5c9000-793f5cd000 rw-p 00000000 00:01 27953                          /dev/ashmem/dalvik-thread local mark stack (deleted)
793f5cd000-793f5d1000 rw-p 00000000 00:01 27952                          /dev/ashmem/dalvik-thread local mark stack (deleted)
793f5d1000-793f5d5000 rw-p 00000000 00:01 27951                          /dev/ashmem/dalvik-thread local mark stack (deleted)
793f5d5000-793f5d9000 rw-p 00000000 00:01 27950                          /dev/ashmem/dalvik-thread local mark stack (deleted)
793f5d9000-793f5dd000 rw-p 00000000 00:01 27949                          /dev/ashmem/dalvik-thread local mark stack (deleted)
793f5dd000-793f5e1000 rw-p 00000000 00:01 27948                          /dev/ashmem/dalvik-thread local mark stack (deleted)
793f5e1000-793f5e5000 rw-p 00000000 00:01 27947                          /dev/ashmem/dalvik-thread local mark stack (deleted)
793f5e5000-793f5e9000 rw-p 00000000 00:01 27946                          /dev/ashmem/dalvik-thread local mark stack (deleted)
793f5e9000-793f5ed000 rw-p 00000000 00:01 27945                          /dev/ashmem/dalvik-thread local mark stack (deleted)
793f5ed000-793f5f1000 rw-p 00000000 00:01 27944                          /dev/ashmem/dalvik-thread local mark stack (deleted)
793f5f1000-793f5f5000 rw-p 00000000 00:01 27943                          /dev/ashmem/dalvik-thread local mark stack (deleted)
793f5f5000-793f5f9000 rw-p 00000000 00:01 27942                          /dev/ashmem/dalvik-thread local mark stack (deleted)
793f5f9000-793f5fd000 rw-p 00000000 00:01 27941                          /dev/ashmem/dalvik-thread local mark stack (deleted)
793f5fd000-793f601000 rw-p 00000000 00:01 27940                          /dev/ashmem/dalvik-thread local mark stack (deleted)
793f601000-793f605000 rw-p 00000000 00:01 27939                          /dev/ashmem/dalvik-thread local mark stack (deleted)
793f605000-793f609000 rw-p 00000000 00:01 27938                          /dev/ashmem/dalvik-thread local mark stack (deleted)
793f609000-793f60a000 rw-p 00000000 00:00 0                              [anon:linker_alloc]
793f60a000-793f60b000 r--p 00000000 00:00 0                              [anon:linker_alloc]
793f60b000-793f60f000 rw-p 00000000 00:01 27937                          /dev/ashmem/dalvik-thread local mark stack (deleted)
793f60f000-793f613000 rw-p 00000000 00:01 27936                          /dev/ashmem/dalvik-thread local mark stack (deleted)
793f613000-793f615000 r--p 00000000 00:00 0                              [anon:linker_alloc]
793f615000-793f616000 r--s 00000000 103:1f 2770                          /system/framework/okhttp.jar
793f616000-793f617000 r--s 00000000 103:1f 2506                          /system/framework/conscrypt.jar
793f617000-793f618000 r--s 00004000 103:1f 2508                          /system/framework/core-libart.jar
793f618000-793f61c000 rw-p 00000000 00:01 27935                          /dev/ashmem/dalvik-thread local mark stack (deleted)
793f61c000-793f620000 rw-p 00000000 00:01 27934                          /dev/ashmem/dalvik-thread local mark stack (deleted)
793f620000-793f624000 rw-p 00000000 00:01 27933                          /dev/ashmem/dalvik-thread local mark stack (deleted)
793f624000-793f628000 rw-p 00000000 00:01 27932                          /dev/ashmem/dalvik-thread local mark stack (deleted)
793f628000-793f62c000 rw-p 00000000 00:01 27931                          /dev/ashmem/dalvik-thread local mark stack (deleted)
793f62c000-793f630000 rw-p 00000000 00:01 27930                          /dev/ashmem/dalvik-thread local mark stack (deleted)
793f630000-793f631000 rw-p 00000000 00:00 0                              [anon:linker_alloc]
793f631000-793f635000 rw-p 00000000 00:01 27929                          /dev/ashmem/dalvik-thread local mark stack (deleted)
793f635000-793f639000 rw-p 00000000 00:01 27928                          /dev/ashmem/dalvik-thread local mark stack (deleted)
793f639000-793f63d000 rw-p 00000000 00:01 27927                          /dev/ashmem/dalvik-thread local mark stack (deleted)
793f63d000-793f641000 rw-p 00000000 00:01 27926                          /dev/ashmem/dalvik-thread local mark stack (deleted)
793f641000-793f645000 rw-p 00000000 00:01 27925                          /dev/ashmem/dalvik-thread local mark stack (deleted)
793f645000-793f649000 rw-p 00000000 00:01 27924                          /dev/ashmem/dalvik-thread local mark stack (deleted)
793f649000-793f64d000 rw-p 00000000 00:01 27923                          /dev/ashmem/dalvik-thread local mark stack (deleted)
793f64d000-793f651000 rw-p 00000000 00:01 27922                          /dev/ashmem/dalvik-thread local mark stack (deleted)
793f651000-793f655000 rw-p 00000000 00:01 27921                          /dev/ashmem/dalvik-thread local mark stack (deleted)
793f655000-793f659000 rw-p 00000000 00:01 27920                          /dev/ashmem/dalvik-thread local mark stack (deleted)
793f659000-793f65d000 rw-p 00000000 00:01 27919                          /dev/ashmem/dalvik-thread local mark stack (deleted)
793f65d000-793f661000 rw-p 00000000 00:01 27918                          /dev/ashmem/dalvik-thread local mark stack (deleted)
793f661000-793f665000 rw-p 00000000 00:01 27917                          /dev/ashmem/dalvik-thread local mark stack (deleted)
793f665000-793f669000 rw-p 00000000 00:01 27916                          /dev/ashmem/dalvik-thread local mark stack (deleted)
793f669000-793f66d000 rw-p 00000000 00:01 27915                          /dev/ashmem/dalvik-thread local mark stack (deleted)
793f66d000-793f671000 rw-p 00000000 00:01 27914                          /dev/ashmem/dalvik-thread local mark stack (deleted)
793f671000-793f672000 rw-p 00000000 00:00 0                              [anon:linker_alloc_small_objects]
793f672000-793f673000 r--s 0001e000 103:1f 2509                          /system/framework/core-oj.jar
793f673000-793f674000 rw-p 00000000 00:00 0                              [anon:linker_alloc]
793f674000-793f676000 rw-p 00000000 00:01 153839481                      /dev/ashmem/dalvik-indirect ref table (deleted)
793f676000-793f67a000 rw-p 00000000 00:01 27913                          /dev/ashmem/dalvik-thread local mark stack (deleted)
793f67a000-793f67e000 rw-p 00000000 00:01 27912                          /dev/ashmem/dalvik-thread local mark stack (deleted)
793f67e000-793f682000 rw-p 00000000 00:01 27911                          /dev/ashmem/dalvik-thread local mark stack (deleted)
793f682000-793f686000 rw-p 00000000 00:01 27910                          /dev/ashmem/dalvik-thread local mark stack (deleted)
793f686000-793f68a000 rw-p 00000000 00:01 27909                          /dev/ashmem/dalvik-thread local mark stack (deleted)
793f68a000-793f68e000 rw-p 00000000 00:01 27908                          /dev/ashmem/dalvik-thread local mark stack (deleted)
793f68e000-793f692000 rw-p 00000000 00:01 27907                          /dev/ashmem/dalvik-thread local mark stack (deleted)
793f692000-793f696000 rw-p 00000000 00:01 27906                          /dev/ashmem/dalvik-thread local mark stack (deleted)
793f696000-793f69a000 rw-p 00000000 00:01 27905                          /dev/ashmem/dalvik-thread local mark stack (deleted)
793f69a000-793f69e000 rw-p 00000000 00:01 27904                          /dev/ashmem/dalvik-thread local mark stack (deleted)
793f69e000-793f6a2000 rw-p 00000000 00:01 27903                          /dev/ashmem/dalvik-thread local mark stack (deleted)
793f6a2000-793f6a6000 rw-p 00000000 00:01 27902                          /dev/ashmem/dalvik-thread local mark stack (deleted)
793f6a6000-793f6aa000 rw-p 00000000 00:01 27901                          /dev/ashmem/dalvik-thread local mark stack (deleted)
793f6aa000-793f6ae000 rw-p 00000000 00:01 27900                          /dev/ashmem/dalvik-thread local mark stack (deleted)
793f6ae000-793f6b2000 rw-p 00000000 00:01 27899                          /dev/ashmem/dalvik-thread local mark stack (deleted)
793f6b2000-793f6b6000 rw-p 00000000 00:01 27898                          /dev/ashmem/dalvik-thread local mark stack (deleted)
793f6b6000-793f6b7000 r--p 00000000 00:00 0                              [anon:linker_alloc]
793f6b7000-793f6b8000 rw-p 00000000 00:00 0                              [anon:linker_alloc]
793f6b8000-793f6b9000 rw-p 00000000 00:00 0                              [anon:linker_alloc_vector]
793f6b9000-793f6bd000 rw-p 00000000 00:01 27897                          /dev/ashmem/dalvik-thread local mark stack (deleted)
793f6bd000-793f6c1000 rw-p 00000000 00:01 27896                          /dev/ashmem/dalvik-thread local mark stack (deleted)
793f6c1000-793f6c3000 rw-p 00000000 00:00 0                              [anon:linker_alloc_small_objects]
793f6c3000-793f6c7000 rw-p 00000000 00:01 27895                          /dev/ashmem/dalvik-thread local mark stack (deleted)
793f6c7000-793f6cb000 rw-p 00000000 00:01 27894                          /dev/ashmem/dalvik-thread local mark stack (deleted)
793f6cb000-793f6cf000 rw-p 00000000 00:01 27893                          /dev/ashmem/dalvik-thread local mark stack (deleted)
793f6cf000-793f736000 r--s 00000000 103:1f 324                           /system/framework/arm64/boot-okhttp.vdex
793f736000-793f737000 r--p 00000000 00:00 0                              [anon:linker_alloc]
793f737000-793f73b000 rw-p 00000000 00:01 27892                          /dev/ashmem/dalvik-thread local mark stack (deleted)
793f73b000-793f73f000 rw-p 00000000 00:01 27891                          /dev/ashmem/dalvik-thread local mark stack (deleted)
793f73f000-793f743000 rw-p 00000000 00:01 27890                          /dev/ashmem/dalvik-thread local mark stack (deleted)
793f743000-793f747000 rw-p 00000000 00:01 27889                          /dev/ashmem/dalvik-thread local mark stack (deleted)
793f747000-793f74b000 rw-p 00000000 00:01 27888                          /dev/ashmem/dalvik-thread local mark stack (deleted)
793f74b000-793f74f000 rw-p 00000000 00:01 27887                          /dev/ashmem/dalvik-thread local mark stack (deleted)
793f74f000-793f753000 rw-p 00000000 00:01 27886                          /dev/ashmem/dalvik-thread local mark stack (deleted)
793f753000-793f754000 rw-p 00000000 00:00 0                              [anon:linker_alloc]
793f754000-793f755000 rw-p 00000000 00:00 0                              [anon:linker_alloc_small_objects]
793f755000-793f756000 r--p 00000000 00:00 0                              [anon:linker_alloc]
793f756000-793f75a000 rw-p 00000000 00:01 27885                          /dev/ashmem/dalvik-thread local mark stack (deleted)
793f75a000-793f75e000 rw-p 00000000 00:01 27884                          /dev/ashmem/dalvik-thread local mark stack (deleted)
793f75e000-793f762000 rw-p 00000000 00:01 27883                          /dev/ashmem/dalvik-thread local mark stack (deleted)
793f762000-793f766000 rw-p 00000000 00:01 27882                          /dev/ashmem/dalvik-thread local mark stack (deleted)
793f766000-793f7a6000 rw-p 00000000 00:01 27863                          /dev/ashmem/dalvik-mark stack (deleted)
793f7a6000-793f7a7000 rw-p 00000000 00:00 0                              [anon:linker_alloc]
793f7a7000-793f7a9000 rw-p 00000000 00:01 153847955                      /dev/ashmem/dalvik-indirect ref table (deleted)
793f7a9000-793f7ad000 rw-p 00000000 00:01 27881                          /dev/ashmem/dalvik-thread local mark stack (deleted)
793f7ad000-793f7b1000 rw-p 00000000 00:01 27880                          /dev/ashmem/dalvik-thread local mark stack (deleted)
793f7b1000-793f7b2000 r--p 00000000 00:00 0                              [anon:linker_alloc]
793f7b2000-793f7b3000 r--s 00000000 103:1f 2323                          /system/framework/QPerformance.jar
793f7b3000-793f7b4000 r--p 00000000 00:00 0                              [anon:linker_alloc]
793f7b4000-793f7b5000 r--s 00000000 103:1f 2501                          /system/framework/com.qualcomm.qti.camera.jar
793f7b5000-793f7b9000 rw-p 00000000 00:01 27879                          /dev/ashmem/dalvik-thread local mark stack (deleted)
793f7b9000-793f7d9000 rw-p 00000000 00:01 27860                          /dev/ashmem/dalvik-large marked objects (deleted)
793f7d9000-793f7da000 rw-p 00000000 00:00 0                              [anon:linker_alloc]
793f7da000-793f7db000 r--p 00000000 00:00 0                              [anon:linker_alloc]
793f7db000-793f7dd000 rw-p 00000000 00:01 153838194                      /dev/ashmem/dalvik-indirect ref table (deleted)
793f7dd000-793f7e1000 rw-p 00000000 00:01 27878                          /dev/ashmem/dalvik-thread local mark stack (deleted)
793f7e1000-793f7e5000 rw-p 00000000 00:01 27877                          /dev/ashmem/dalvik-thread local mark stack (deleted)
793f7e5000-793f7e9000 rw-p 00000000 00:01 27876                          /dev/ashmem/dalvik-thread local mark stack (deleted)
793f7e9000-793f7ea000 r--p 00000000 00:00 0                              [anon:linker_alloc]
793f7ea000-793f7ee000 rw-p 00000000 00:01 27875                          /dev/ashmem/dalvik-thread local mark stack (deleted)
793f7ee000-793f7f2000 rw-p 00000000 00:01 27874                          /dev/ashmem/dalvik-thread local mark stack (deleted)
793f7f2000-793f7f6000 rw-p 00000000 00:01 27873                          /dev/ashmem/dalvik-thread local mark stack (deleted)
793f7f6000-793f7fa000 rw-p 00000000 00:01 27872                          /dev/ashmem/dalvik-thread local mark stack (deleted)
793f7fa000-793f7fe000 rw-p 00000000 00:01 27871                          /dev/ashmem/dalvik-thread local mark stack (deleted)
793f7fe000-793f802000 rw-p 00000000 00:01 27870                          /dev/ashmem/dalvik-thread local mark stack (deleted)
793f802000-793f822000 rw-p 00000000 00:01 27859                          /dev/ashmem/dalvik-large live objects (deleted)
793f822000-793f839000 r--s 00000000 103:1f 337                           /system/framework/arm64/boot-qcom.fmradio.vdex
793f839000-793f89a000 r--s 00000000 103:1f 2430                          /system/framework/arm64/boot-conscrypt.vdex
793f89a000-793f89b000 r--p 00000000 00:00 0                              [anon:linker_alloc]
793f89b000-793f89c000 rw-p 00000000 00:00 0                              [anon:linker_alloc]
793f89c000-793f89d000 r--p 00000000 00:00 0                              [anon:linker_alloc]
793f89d000-793f89e000 rw-p 00000000 00:00 0                              [anon:linker_alloc_small_objects]
793f89e000-793f89f000 rw-p 00000000 00:01 33641                          /dev/ashmem/dalvik-mod union bitmap (deleted)
793f89f000-793f8a3000 rw-p 00000000 00:01 27869                          /dev/ashmem/dalvik-thread local mark stack (deleted)
793f8a3000-793f8a7000 rw-p 00000000 00:01 27868                          /dev/ashmem/dalvik-thread local mark stack (deleted)
793f8a7000-793f8c0000 r--s 00000000 103:1f 288                           /system/framework/arm64/boot-WfdCommon.vdex
793f8c0000-793f8e4000 r--s 00000000 103:1f 1745                          /system/framework/arm64/boot-ims-common.vdex
793f8e4000-793f8e5000 rw-p 00000000 00:00 0                              [anon:linker_alloc]
793f8e5000-793f8e6000 r--p 00000000 00:00 0                              [anon:linker_alloc]
793f8e6000-793f8ea000 r--s 00000000 103:1f 2475                          /system/framework/arm64/boot-telephony-ext.vdex
793f8ea000-793f8eb000 r--p 00000000 00:00 0                              [anon:linker_alloc]
793f8eb000-793f8ec000 rw-p 00000000 00:00 0                              [anon:linker_alloc]
793f8ec000-793f8ee000 rw-p 00000000 00:01 28128                          /dev/ashmem/dalvik-indirect ref table (deleted)
793f8ee000-793f8ef000 r--p 00002000 fd:00 794758                         /data/dalvik-cache/arm64/system@framework@boot-telephony-ext.art
793f8ef000-793f8f0000 r--p 00006000 fd:00 794757                         /data/dalvik-cache/arm64/system@framework@boot-qcom.fmradio.art
793f8f0000-793f8f1000 r--p 00000000 00:00 0                              [anon:linker_alloc]
793f8f1000-793f8f2000 r--s 00000000 103:1f 2454                          /system/framework/arm64/boot-oem-services.vdex
793f8f2000-793f8f3000 r--p 00001000 fd:00 794755                         /data/dalvik-cache/arm64/system@framework@boot-oem-services.art
793f8f3000-793f8f4000 r--p 00008000 fd:00 794753                         /data/dalvik-cache/arm64/system@framework@boot-WfdCommon.art
793f8f4000-793f8f5000 r--s 00000000 103:1f 2469                          /system/framework/arm64/boot-tcmiface.vdex
793f8f5000-793f8f6000 r--p 00001000 fd:00 794751                         /data/dalvik-cache/arm64/system@framework@boot-tcmiface.art
793f8f6000-793f8fc000 r--s 00000000 103:1f 2421                          /system/framework/arm64/boot-android.hidl.manager-V1.0-java.vdex
793f8fc000-793f925000 r--s 00000000 103:1f 2478                          /system/framework/arm64/boot-voip-common.vdex
793f925000-793f931000 r--p 0065a000 fd:00 794686                         /data/dalvik-cache/arm64/system@framework@boot-framework.art
793f931000-793f932000 rw-p 00000000 00:00 0                              [anon:linker_alloc]
793f932000-793f935000 r--s 00000000 103:1f 315                           /system/framework/arm64/boot-ifaamanager.vdex
793f935000-793f936000 r--p 00001000 fd:00 794749                         /data/dalvik-cache/arm64/system@framework@boot-ifaamanager.art
793f936000-793f937000 r--p 00020000 fd:00 794747                         /data/dalvik-cache/arm64/system@framework@boot-oppo-framework.art
793f937000-793f938000 r--p 00003000 fd:00 794745                         /data/dalvik-cache/arm64/system@framework@boot-android.hidl.manager-V1.0-java.art
793f938000-793f939000 r--p 00000000 00:00 0                              [anon:linker_alloc]
793f939000-793f93c000 r--s 00000000 103:1f 2418                          /system/framework/arm64/boot-android.hidl.base-V1.0-java.vdex
793f93c000-793f93d000 r--p 00002000 fd:00 794743                         /data/dalvik-cache/arm64/system@framework@boot-android.hidl.base-V1.0-java.art
793f93d000-793f93e000 r--p 00000000 00:00 0                              [anon:linker_alloc]
793f93e000-793f93f000 r--p 00027000 fd:00 794741                         /data/dalvik-cache/arm64/system@framework@boot-org.apache.http.legacy.boot.art
793f93f000-793f940000 r--p 0000b000 fd:00 794739                         /data/dalvik-cache/arm64/system@framework@boot-ims-common.art
793f940000-793f941000 r--p 0000b000 fd:00 794738                         /data/dalvik-cache/arm64/system@framework@boot-voip-common.art
793f941000-793f942000 r--p 00050000 fd:00 794736                         /data/dalvik-cache/arm64/system@framework@boot-telephony-common.art
793f942000-793f943000 r--p 0002b000 fd:00 794685                         /data/dalvik-cache/arm64/system@framework@boot-ext.art
793f943000-793f94c000 r--s 00000000 103:1f 319                           /system/framework/arm64/boot-legacy-test.vdex
793f94c000-793f94d000 r--p 00005000 fd:00 794684                         /data/dalvik-cache/arm64/system@framework@boot-legacy-test.art
793f94d000-793f94e000 r--p 00000000 00:00 0                              [anon:linker_alloc]
793f94e000-793f96e000 r--s 00000000 00:0e 13484                          /dev/__properties__/u:object_r:fingerprint_prop:s0
793f96e000-793f98e000 r--s 00000000 00:0e 13518                          /dev/__properties__/u:object_r:debug_prop:s0
793f98e000-793f98f000 r--p 00000000 00:00 0                              [anon:linker_alloc]
793f98f000-793f990000 rw-p 00000000 00:00 0                              [anon:linker_alloc]
793f990000-793f991000 r--p 00010000 fd:00 794683                         /data/dalvik-cache/arm64/system@framework@boot-apache-xml.art
793f991000-793f992000 r--p 00031000 fd:00 794682                         /data/dalvik-cache/arm64/system@framework@boot-bouncycastle.art
793f992000-793f993000 r--p 0002c000 fd:00 794681                         /data/dalvik-cache/arm64/system@framework@boot-okhttp.art
793f993000-793f995000 r--p 000c5000 fd:00 794679                         /data/dalvik-cache/arm64/system@framework@boot-core-libart.art
793f995000-793f9b5000 r--s 00000000 00:0e 13482                          /dev/__properties__/u:object_r:vold_prop:s0
793f9b5000-793f9d5000 r--s 00000000 00:0e 13521                          /dev/__properties__/u:object_r:config_prop:s0
793f9d5000-793f9d6000 rw-p 00000000 00:00 0                              [anon:linker_alloc_vector]
793f9d6000-793f9d7000 r--p 0004a000 fd:00 794680                         /data/dalvik-cache/arm64/system@framework@boot-conscrypt.art
793f9d7000-793f9d8000 rw-p 00000000 00:00 0                              [anon:linker_alloc]
793f9d8000-793f9dc000 r--p 0022f000 fd:00 794678                         /data/dalvik-cache/arm64/system@framework@boot-core-oj.art
793f9dc000-793f9df000 r--s 00000000 103:1f 297                           /system/framework/arm64/boot-QPerformance.vdex
793f9df000-793f9e0000 r--p 00003000 fd:00 794677                         /data/dalvik-cache/arm64/system@framework@boot-QPerformance.art
793f9e0000-793f9e1000 r--p 00000000 00:00 0                              [anon:linker_alloc]
793f9e1000-793f9e2000 r--s 00000000 103:1f 2481                          /system/framework/arm64/boot.vdex
793f9e2000-793f9e3000 r--p 0000e000 fd:00 794676                         /data/dalvik-cache/arm64/system@framework@boot.art
793f9e3000-793fa03000 r--s 00000000 00:0e 13520                          /dev/__properties__/u:object_r:dalvik_prop:s0
793fa03000-793fa04000 r--p 00000000 00:00 0                              [anon:atexit handlers]
793fa04000-793fa05000 ---p 00000000 00:00 0                              [anon:bionic TLS guard]
793fa05000-793fa08000 rw-p 00000000 00:00 0                              [anon:bionic TLS]
793fa08000-793fa09000 ---p 00000000 00:00 0                              [anon:bionic TLS guard]
793fa09000-793fa0a000 rw-p 00000000 00:00 0                              [anon:linker_alloc]
793fa0a000-793fa2a000 r--s 00000000 00:0e 13472                          /dev/__properties__/u:object_r:default_prop:s0
793fa2a000-793fa2b000 rw-p 00000000 00:00 0                              [anon:linker_alloc_small_objects]
793fa2b000-793fa2c000 r--s 00000000 00:01 39002                          /dev/ashmem/c316a1ea-b78f-4672-bfab-5426a80191ad (deleted)
793fa2c000-793fa2d000 rw-p 00000000 00:00 0                              [anon:linker_alloc_vector]
793fa2d000-793fa2e000 rw-p 00000000 00:00 0                              [anon:linker_alloc_small_objects]
793fa2e000-793fa2f000 r--p 00000000 00:00 0 
793fa2f000-793fa30000 rw-p 00000000 00:00 0                              [anon:linker_alloc_small_objects]
793fa30000-793fa50000 r--s 00000000 00:0e 13518                          /dev/__properties__/u:object_r:debug_prop:s0
793fa50000-793fa51000 ---p 00000000 00:00 0 
793fa51000-793fa52000 rw-p 00000000 00:00 0 
793fa52000-793fa53000 ---p 00000000 00:00 0 
793fa53000-793fa73000 r--s 00000000 00:0e 13524                          /dev/__properties__/properties_serial
793fa73000-793fa75000 r--p 00000000 00:00 0                              [anon:linker_alloc]
793fa75000-793fa7a000 rw-p 00000000 00:00 0                              [anon:linker_alloc_small_objects]
793fa7a000-793fa7b000 r--p 00000000 00:00 0                              [anon:linker_alloc]
793fa7b000-793fa7c000 rw-p 00000000 00:00 0                              [anon:linker_alloc_small_objects]
793fa7c000-793fa7d000 rw-p 00000000 00:00 0                              [anon:linker_alloc_vector]
793fa7d000-793fa7e000 rw-p 00000000 00:00 0                              [anon:linker_alloc_small_objects]
793fa7e000-793fa7f000 rw-p 00000000 00:00 0                              [anon:linker_alloc_lob]
793fa7f000-793fa80000 r--p 00000000 00:00 0                              [anon:linker_alloc]
793fa80000-793fa81000 rw-p 00000000 00:00 0                              [anon:linker_alloc_vector]
793fa81000-793fa82000 rw-p 00000000 00:00 0                              [anon:linker_alloc_small_objects]
793fa82000-793fa83000 r--p 00000000 00:00 0                              [anon:linker_alloc]
793fa83000-793fa84000 rw-p 00000000 00:00 0                              [anon:linker_alloc_small_objects]
793fa84000-793fa85000 r--p 00000000 00:00 0                              [anon:atexit handlers]
793fa85000-793fa86000 ---p 00000000 00:00 0                              [anon:thread signal stack guard page]
793fa86000-793fa8a000 rw-p 00000000 00:00 0                              [anon:thread signal stack]
793fa8a000-793fa8b000 ---p 00000000 00:00 0                              [anon:bionic TLS guard]
793fa8b000-793fa8e000 rw-p 00000000 00:00 0                              [anon:bionic TLS]
793fa8e000-793fa8f000 ---p 00000000 00:00 0                              [anon:bionic TLS guard]
793fa8f000-793fa90000 r--p 00000000 00:00 0                              [vvar]
793fa90000-793fa91000 r-xp 00000000 00:00 0                              [vdso]
793fa91000-793fba7000 r-xp 00000000 103:1f 56                            /system/bin/linker64
793fba7000-793fba8000 rw-p 00000000 00:00 0                              [anon:arc4random data]
793fba8000-793fbac000 r--p 00116000 103:1f 56                            /system/bin/linker64
793fbac000-793fbad000 rw-p 0011a000 103:1f 56                            /system/bin/linker64
793fbad000-793fc19000 rw-p 00000000 00:00 0 
793fc19000-793fc1a000 r--p 00000000 00:00 0 
793fc1a000-793fc21000 rw-p 00000000 00:00 0 
7fd7f22000-7fd7f23000 ---p 00000000 00:00 0 
7fd7f23000-7fd8722000 rw-p 00000000 00:00 0                              [stack]


VM Arguments:
jvm_args: -XX:-UseGCOverheadLimit -XX:+DisableExplicitGC -XX:+UseG1GC -XX:+UseCompressedOops -XX:+OptimizeStringConcat -XX:MaxTenuringThreshold=10 -XX:MaxGCPauseMillis=50 -XX:SurvivorRatio=8 -XX:TargetSurvivorRatio=90 -XX:ReservedCodeCacheSize=512m -XX:ParallelGCThreads=4 -Dfml.ignorePatchDiscrepancies=true -Dfml.ignoreInvalidMinecraftCertificates=true -Dorg.lwjgl.util.DebugLoader=true -Xmn64m -Djava.home=/data/user/0/net.kdt.pojavlaunch.firefly/runtimes/Internal-17 -Djava.io.tmpdir=/data/user/0/net.kdt.pojavlaunch.firefly/cache -Djna.boot.library.path=/data/app/net.kdt.pojavlaunch.firefly-0wBDA2ZCbE_1xKdhtTbuwg==/lib/arm64 -Duser.home=/storage/emulated/0/games/Pojav-Glow-Worm -Duser.language=en -Dos.name=Linux -Dos.version=Android-8.1.0 -Dpojav.path.minecraft=/storage/emulated/0/games/Pojav-Glow-Worm/.minecraft -Dpojav.path.private.account=/data/user/0/net.kdt.pojavlaunch.firefly/accounts -Duser.timezone=Asia/Kolkata -Dorg.lwjgl.vulkan.libname=libvulkan.so -Dglfwstub.windowWidth=1520 -Dglfwstub.windowHeight=720 -Dglfwstub.initEgl=false -Dext.net.resolvPath=/data/user/0/net.kdt.pojavlaunch.firefly/resolv.conf -Dlog4j2.formatMsgNoLookups=true -Dnet.minecraft.clientmodname=Pojav Glow·Worm -Dfml.earlyprogresswindow=false -Dloader.disable_forked_guis=true -Dsodium.checks.issue2561=false -Djdk.lang.Process.launchMechanism=FORK -javaagent:/data/user/0/net.kdt.pojavlaunch.firefly/arc_dns_injector/arc_dns_injector.jar=23.95.137.176 -Xms1024M -Xmx1024M -Dorg.lwjgl.opengl.renderertag=com.fcl.plugin.mobileglues -Dorg.lwjgl.opengl.libname=libmobileglues.so -Dorg.lwjgl.freetype.libname=/data/app/net.kdt.pojavlaunch.firefly-0wBDA2ZCbE_1xKdhtTbuwg==/lib/arm64/libfreetype.so -javaagent:/storage/emulated/0/games/Pojav-Glow-Worm/patcher/MioLibPatcher.jar -Djava.awt.headless=false -Dcacio.managed.screensize=720x600 -Dcacio.font.fontmanager=sun.awt.X11FontManager -Dcacio.font.fontscaler=sun.font.FreetypeFontScaler -Dswing.defaultlaf=javax.swing.plaf.metal.MetalLookAndFeel -Dawt.toolkit=com.github.caciocavallosilano.cacio.ctc.CTCToolkit -Djava.awt.graphicsenv=com.github.caciocavallosilano.cacio.ctc.CTCGraphicsEnvironment -Djava.system.class.loader=com.github.caciocavallosilano.cacio.ctc.CTCPreloadClassLoader --add-exports=java.desktop/java.awt=ALL-UNNAMED --add-exports=java.desktop/java.awt.peer=ALL-UNNAMED --add-exports=java.desktop/sun.awt.image=ALL-UNNAMED --add-exports=java.desktop/sun.java2d=ALL-UNNAMED --add-exports=java.desktop/java.awt.dnd.peer=ALL-UNNAMED --add-exports=java.desktop/sun.awt=ALL-UNNAMED --add-exports=java.desktop/sun.awt.event=ALL-UNNAMED --add-exports=java.desktop/sun.awt.datatransfer=ALL-UNNAMED --add-exports=java.desktop/sun.font=ALL-UNNAMED --add-exports=java.base/sun.security.action=ALL-UNNAMED --add-opens=java.base/java.util=ALL-UNNAMED --add-opens=java.desktop/java.awt=ALL-UNNAMED --add-opens=java.desktop/sun.font=ALL-UNNAMED --add-opens=java.desktop/sun.java2d=ALL-UNNAMED --add-opens=java.base/java.lang.reflect=ALL-UNNAMED --add-opens=java.base/java.net=ALL-UNNAMED -Xbootclasspath/a:/storage/emulated/0/games/Pojav-Glow-Worm/caciocavallo18/cacio-shared-1.18-SNAPSHOT.jar:/storage/emulated/0/games/Pojav-Glow-Worm/caciocavallo18/cacio-tta-1.18-SNAPSHOT.jar -Dlog4j.configurationFile=/data/user/0/net.kdt.pojavlaunch.firefly/security/log4j-rce-patch-1.12.xml -DFabricMcEmu= net.minecraft.client.main.Main  
java_command: net.fabricmc.loader.impl.launch.knot.KnotClient --username Z3MON --version 1.17.1 --gameDir /storage/emulated/0/games/Pojav-Glow-Worm/.minecraft --assetsDir /storage/emulated/0/games/Pojav-Glow-Worm/.minecraft/assets --assetIndex 1.17 --uuid 00000000000000000000000000000000 --accessToken 0 --userType mojang --versionType PGW
java_class_path (initial): /storage/emulated/0/games/Pojav-Glow-Worm/.minecraft/libraries/com/mojang/blocklist/1.0.5/blocklist-1.0.5.jar:/storage/emulated/0/games/Pojav-Glow-Worm/.minecraft/libraries/com/mojang/patchy/2.1.6/patchy-2.1.6.jar:/storage/emulated/0/games/Pojav-Glow-Worm/.minecraft/libraries/com/github/oshi/oshi-core/5.7.5/oshi-core-5.7.5.jar:/storage/emulated/0/games/Pojav-Glow-Worm/.minecraft/libraries/net/java/dev/jna/jna/5.13.0/jna-5.13.0.jar:/storage/emulated/0/games/Pojav-Glow-Worm/.minecraft/libraries/net/java/dev/jna/jna-platform/5.8.0/jna-platform-5.8.0.jar:/storage/emulated/0/games/Pojav-Glow-Worm/.minecraft/libraries/org/slf4j/slf4j-api/1.8.0-beta4/slf4j-api-1.8.0-beta4.jar:/storage/emulated/0/games/Pojav-Glow-Worm/.minecraft/libraries/org/apache/logging/log4j/log4j-slf4j18-impl/2.14.1/log4j-slf4j18-impl-2.14.1.jar:/storage/emulated/0/games/Pojav-Glow-Worm/.minecraft/libraries/com/ibm/icu/icu4j/66.1/icu4j-66.1.jar:/storage/emulated/0/games/Pojav-Glow-Worm/.minecraft/libraries/com/mojang/javabridge/1.1.23/javabridge-1.1.23.jar:/storage/emulated/0/games/Pojav-Glow-Worm/.minecraft/libraries/net/sf/jopt-simple/jopt-simple/5.0.3/jopt-simple-5.0.3.jar:/storage/emulated/0/games/Pojav-Glow-Worm/.minecraft/libraries/io/netty/netty-all/4.1.25.Final/netty-all-4.1.25.Final.jar:/storage/emulated/0/games/Pojav-Glow-Worm/.minecraft/libraries/com/google/guava/guava/21.0/guava-21.0.jar:/storage/emulated/0/games/Pojav-Glow-Worm/.minecraft/libraries/org/apache/commons/commons-lang3/3.5/commons-lang3-3.5.jar:/storage/emulated/0/games/Pojav-Glow-Worm/.minecraft/libraries/commons-io/commons-io/2.5/commons-io-2.5.jar:/storage/emulated/0/games/Pojav-Glow-Worm/.minecraft/libraries/commons-codec/commons-codec/1.10/commons-codec-1.10.jar:/storage/emulated/0/games/Pojav-Glow-Worm/.minecraft/libraries/net/java/jinput/jinput/2.0.5/jinput-2.0.5.jar:/storage/emulated/0/games/Pojav-Glow-Worm/.minecraft/libraries/net/java/jutils/jutils/1.0.0/jutils-1.0.0.jar:/storage/emulated
Launcher Type: SUN_STANDARD

[Global flags]
     bool AlwaysTenure                             = false                                     {product} {command line}
     intx CICompilerCount                          = 4                                         {product} {ergonomic}
     uint ConcGCThreads                            = 1                                         {product} {ergonomic}
     bool DisableExplicitGC                        = true                                      {product} {command line}
     uint G1ConcRefinementThreads                  = 4                                         {product} {ergonomic}
   size_t G1HeapRegionSize                         = 1048576                                   {product} {ergonomic}
    uintx GCDrainStackTargetSize                   = 64                                        {product} {ergonomic}
   size_t InitialHeapSize                          = 1073741824                                {product} {command line}
   size_t MarkStackSize                            = 4194304                                   {product} {ergonomic}
    uintx MaxGCPauseMillis                         = 50                                        {product} {command line}
   size_t MaxHeapSize                              = 1073741824                                {product} {command line}
   size_t MaxNewSize                               = 67108864                                  {product} {command line}
    uintx MaxTenuringThreshold                     = 10                                        {product} {command line}
   size_t MinHeapDeltaBytes                        = 1048576                                   {product} {ergonomic}
   size_t MinHeapSize                              = 1073741824                                {product} {command line}
     bool NeverTenure                              = false                                     {product} {command line}
   size_t NewSize                                  = 67108864                                  {product} {command line}
    uintx NonNMethodCodeHeapSize                   = 5839564                                {pd product} {ergonomic}
    uintx NonProfiledCodeHeapSize                  = 265515674                              {pd product} {ergonomic}
     bool OptimizeStringConcat                     = true                                   {C2 product} {command line}
     uint ParallelGCThreads                        = 4                                         {product} {command line}
    uintx ProfiledCodeHeapSize                     = 265515674                              {pd product} {ergonomic}
    uintx ReservedCodeCacheSize                    = 536870912                              {pd product} {command line}
     bool SegmentedCodeCache                       = true                                      {product} {ergonomic}
   size_t SoftMaxHeapSize                          = 1073741824                             {manageable} {ergonomic}
    uintx SurvivorRatio                            = 8                                         {product} {command line}
   double SweeperThreshold                         = 0.234375                                  {product} {ergonomic}
    uintx TargetSurvivorRatio                      = 90                                        {product} {command line}
     bool UseCompressedClassPointers               = true                           {product lp64_product} {ergonomic}
     bool UseCompressedOops                        = true                           {product lp64_product} {command line}
     bool UseG1GC                                  = true                                      {product} {command line}
     bool UseGCOverheadLimit                       = false                                     {product} {command line}

Logging:
Log output configuration:
 #0: stdout all=warning uptime,level,tags
 #1: stderr all=off uptime,level,tags

Environment Variables:
JAVA_HOME=/data/user/0/net.kdt.pojavlaunch.firefly/runtimes/Internal-17
PATH=/data/user/0/net.kdt.pojavlaunch.firefly/runtimes/Internal-17/bin:/sbin:/system/sbin:/system/bin:/system/xbin:/vendor/bin:/vendor/xbin
LD_LIBRARY_PATH=/data/app/com.fcl.plugin.mobileglues-tpZt1vwETc-4WGKg9Soybw==/lib/arm64:/data/user/0/net.kdt.pojavlaunch.firefly/runtimes/Internal-17/lib/jli:/data/user/0/net.kdt.pojavlaunch.firefly/runtimes/Internal-17/lib:/system/lib64:/vendor/lib64:/vendor/lib64/hw:/data/app/net.kdt.pojavlaunch.firefly-0wBDA2ZCbE_1xKdhtTbuwg==/lib/arm64
TMPDIR=/data/user/0/net.kdt.pojavlaunch.firefly/cache

Active Locale:
LC_ALL=C.UTF-8
LC_COLLATE=C.UTF-8
LC_CTYPE=C.UTF-8
LC_MESSAGES=C.UTF-8
LC_MONETARY=C.UTF-8
LC_NUMERIC=C.UTF-8
LC_TIME=C.UTF-8

Signal Handlers:
   SIGSEGV: 0x0000007894f68384 in libjvm.so+15819652, mask=11100100110111111111111111111111, flags=SA_RESTART|SA_SIGINFO, unblocked
    SIGBUS: 0x0000007894f68384 in libjvm.so+15819652, mask=11100100010111111101111111111111, flags=SA_RESTART|SA_SIGINFO, unblocked
    SIGFPE: 0x0000007894f68384 in libjvm.so+15819652, mask=11100100010111111101111111111111, flags=SA_RESTART|SA_SIGINFO, unblocked
   SIGPIPE: 0x0000007894e38c28 in libjvm.so+14576680, mask=11100100010111111101111111111111, flags=SA_RESTART|SA_SIGINFO, blocked
   SIGXFSZ: 0x0000007894e38c28 in libjvm.so+14576680, mask=11100100010111111101111111111111, flags=SA_RESTART|SA_SIGINFO, blocked
    SIGILL: 0x0000007894f68384 in libjvm.so+15819652, mask=11100100010111111101111111111111, flags=SA_RESTART|SA_SIGINFO, unblocked
   SIGUSR2: 0x0000007894e39744 in libjvm.so+14579524, mask=00100000010010000000000000000000, flags=SA_RESTART|SA_SIGINFO, blocked
    SIGHUP: 0x0000007894e37c3c in libjvm.so+14572604, mask=11100100010111111101111111111111, flags=SA_RESTART|SA_SIGINFO, blocked
    SIGINT: 0x0000007894e37c3c in libjvm.so+14572604, mask=11100100010111111101111111111111, flags=SA_RESTART|SA_SIGINFO, blocked
   SIGTERM: 0x0000007894e37c3c in libjvm.so+14572604, mask=11100100010111111101111111111111, flags=SA_RESTART|SA_SIGINFO, blocked
   SIGQUIT: 0x0000007894e37c3c in libjvm.so+14572604, mask=11100100010111111101111111111111, flags=SA_RESTART|SA_SIGINFO, blocked
   SIGTRAP: 0x0000007894f68384 in libjvm.so+15819652, mask=11100100010111111101111111111111, flags=SA_RESTART|SA_SIGINFO, unblocked


Periodic native trim disabled


---------------  S Y S T E M  ---------------

OS:
Linux
uname: Linux 4.9.82-perf+ #2 SMP PREEMPT Fri Jan 22 15:04:08 CST 2021 aarch64
OS uptime: 48 days 11:01 hours
libc: (null) NPTL 
rlimit (soft/hard): STACK 8192k/infinity , CORE 0k/infinity , NPROC 10204/10204 , NOFILE 4096/4096 , AS infinity/infinity , CPU infinity/infinity , DATA infinity/infinity , FSIZE infinity/infinity , MEMLOCK 65536k/65536k
load average: 0.00 0.00 0.00

/proc/meminfo:
MemTotal:        2884548 kB
MemFree:           41268 kB
MemAvailable:     390376 kB
Buffers:            7652 kB
Cached:           373488 kB
SwapCached:         9760 kB
Active:           672572 kB
Inactive:         676828 kB
Active(anon):     484088 kB
Inactive(anon):   485476 kB
Active(file):     188484 kB
Inactive(file):   191352 kB
Unevictable:         260 kB
Mlocked:             260 kB
SwapTotal:       1835004 kB
SwapFree:         128968 kB
Dirty:              5912 kB
Writeback:             0 kB
AnonPages:        964276 kB
Mapped:           369900 kB
Shmem:              1352 kB
Slab:             298200 kB
SReclaimable:      71040 kB
SUnreclaim:       227160 kB
KernelStack:       43920 kB
PageTables:        74408 kB
NFS_Unstable:          0 kB
Bounce:                0 kB
WritebackTmp:          0 kB
CommitLimit:     3277276 kB
Committed_AS:   93103360 kB
VmallocTotal:   263061440 kB
VmallocUsed:           0 kB
VmallocChunk:          0 kB
CmaTotal:         245760 kB
CmaFree:               0 kB
Oppo2Free:           736 kB
IonTotalUsed:      50900 kB

/sys/kernel/mm/transparent_hugepage/enabled: <Not Available>
/sys/kernel/mm/transparent_hugepage/hpage_pmd_size: <Not Available>
/sys/kernel/mm/transparent_hugepage/defrag (defrag/compaction efforts parameter): <Not Available>

Process Memory:
Virtual Size: 8750496K (peak: 8751556K)
Resident Set Size: 824792K (peak: 1017820K) (anon: 674884K, file: 149564K, shmem: 344K)
Swapped out: 799372K

/proc/sys/kernel/threads-max (system-wide limit on the number of threads): <Not Available>
/proc/sys/vm/max_map_count (maximum number of memory map areas a process may have): <Not Available>
/proc/sys/vm/swappiness (control to define how aggressively the kernel swaps out anonymous memory): <Not Available>
/proc/sys/kernel/pid_max (system-wide limit on number of process identifiers): <Not Available>

container information not found.

CPU: total 8 (initial active 8) 0x41:0x0:0xd03:4, fp, simd, evtstrm, aes, pmull, sha1, sha256, crc, a53mac
/proc/cpuinfo:
Processor	: AArch64 Processor rev 4 (aarch64)
processor	: 0
BogoMIPS	: 38.40
Features	: fp asimd evtstrm aes pmull sha1 sha2 crc32
CPU implementer	: 0x41
CPU architecture: 8
CPU variant	: 0x0
CPU part	: 0xd03
CPU revision	: 4

processor	: 1
BogoMIPS	: 38.40
Features	: fp asimd evtstrm aes pmull sha1 sha2 crc32
CPU implementer	: 0x41
CPU architecture: 8
CPU variant	: 0x0
CPU part	: 0xd03
CPU revision	: 4

processor	: 2
BogoMIPS	: 38.40
Features	: fp asimd evtstrm aes pmull sha1 sha2 crc32
CPU implementer	: 0x41
CPU architecture: 8
CPU variant	: 0x0
CPU part	: 0xd03
CPU revision	: 4

processor	: 3
BogoMIPS	: 38.40
Features	: fp asimd evtstrm aes pmull sha1 sha2 crc32
CPU implementer	: 0x41
CPU architecture: 8
CPU variant	: 0x0
CPU part	: 0xd03
CPU revision	: 4

processor	: 4
BogoMIPS	: 38.40
Features	: fp asimd evtstrm aes pmull sha1 sha2 crc32
CPU implementer	: 0x41
CPU architecture: 8
CPU variant	: 0x0
CPU part	: 0xd03
CPU revision	: 4

processor	: 5
BogoMIPS	: 38.40
Features	: fp asimd evtstrm aes pmull sha1 sha2 crc32
CPU implementer	: 0x41
CPU architecture: 8
CPU variant	: 0x0
CPU part	: 0xd03
CPU revision	: 4

processor	: 6
BogoMIPS	: 38.40
Features	: fp asimd evtstrm aes pmull sha1 sha2 crc32
CPU implementer	: 0x41
CPU architecture: 8
CPU variant	: 0x0
CPU part	: 0xd03
CPU revision	: 4

processor	: 7
BogoMIPS	: 38.40
Features	: fp asimd evtstrm aes pmull sha1 sha2 crc32
CPU implementer	: 0x41
CPU architecture: 8
CPU variant	: 0x0
CPU part	: 0xd03
CPU revision	: 4

Hardware	: Qualcomm Technologies, Inc SDM450

Online cpus: 0-7
Offline cpus: 

Memory: 4k page, physical 2884548k(41268k free), swap 1835004k(128968k free)
Page Sizes: 4k

vm_info: OpenJDK 64-Bit Server VM (17.0.18+0-adhoc.runner.openjdk) for linux-aarch64 JRE (17.0.18+0-adhoc.runner.openjdk), built on Jan 16 2026 05:44:45 by "runner" with clang Android (13691557, +pgo, +bolt, +lto, +mlgo, based on r522817d) Clang 18.0.4 (https://android.googlesource.com/toolchain/llvm-project d8003a456d14a3deb8054cdaa529ffbf02d9b262)

END.
